date,ticker,target,lr_prob,dt_prob,rf_prob
2024-10-08,MSFT,0,0.5907068822201155,0.3958333333333333,0.5352482409103698
2024-10-08,AMZN,1,0.5559458371153263,0.4943609022556391,0.5282958254969398
2024-10-08,AAPL,0,0.6388746058998215,0.6048225050234427,0.5505183892100827
2024-10-08,GOOG,1,0.5262427484620361,0.6048225050234427,0.5714164953673933
2024-10-09,AAPL,0,0.6265017321814081,0.6048225050234427,0.5513699464703282
2024-10-09,MSFT,0,0.5687464569319312,0.3958333333333333,0.548502182547185
2024-10-09,META,0,0.465220733550937,0.385395537525355,0.4824166060496936
2024-10-09,AMZN,1,0.5645367120951806,0.4943609022556391,0.5230059180614208
2024-10-09,GOOG,1,0.4335999986602583,0.3548707753479125,0.453016885672059
2024-10-10,META,0,0.4222709970821884,0.5409711684370258,0.46875192031418533
2024-10-10,GOOG,1,0.5066118684854168,0.5409711684370258,0.5208266530543102
2024-10-10,AAPL,0,0.5471407156781488,0.5409711684370258,0.5055157732139102
2024-10-10,AMZN,1,0.546875893354652,0.4943609022556391,0.5187233003475348
2024-10-10,MSFT,0,0.5238375021891539,0.3958333333333333,0.5173943513158242
2024-10-11,META,0,0.5124238135452766,0.6048225050234427,0.5549125629106685
2024-10-11,AMZN,1,0.5503172482196809,0.4426229508196721,0.5501671840975567
2024-10-11,MSFT,0,0.5494482827160387,0.3958333333333333,0.5353463188105129
2024-10-11,AAPL,0,0.5314791958962048,0.5409711684370258,0.5195510329263598
2024-10-11,GOOG,1,0.5437414510505761,0.6048225050234427,0.5543245461646955
2024-10-14,AMZN,1,0.49175648486924695,0.5409711684370258,0.5049508072377377
2024-10-14,MSFT,0,0.5800061440109662,0.6048225050234427,0.5738989269285958
2024-10-14,AAPL,0,0.6404445666159929,0.6048225050234427,0.5525409439219605
2024-10-14,META,0,0.4875685570779309,0.385395537525355,0.5008560329215923
2024-10-14,GOOG,1,0.5711357899801782,0.6048225050234427,0.5605404861657962
2024-10-15,META,0,0.4439549361653977,0.5409711684370258,0.5462383673897164
2024-10-15,AAPL,0,0.6102983884494816,0.6048225050234427,0.5604891589897271
2024-10-15,MSFT,0,0.5349984158595972,0.5409711684370258,0.5533556528738592
2024-10-15,GOOG,1,0.5339059180999144,0.5409711684370258,0.5424682411949524
2024-10-15,AMZN,1,0.511550271151125,0.5409711684370258,0.5239244352716693
2024-10-16,AAPL,0,0.5218646727247531,0.5409711684370258,0.4957628513809502
2024-10-16,MSFT,0,0.5082686033660285,0.5409711684370258,0.5614018520664449
2024-10-16,META,0,0.4202223658290793,0.3548707753479125,0.41205594747777746
2024-10-16,GOOG,1,0.5216940973078715,0.5409711684370258,0.5335617227872538
2024-10-16,AMZN,1,0.4813422863070461,0.5409711684370258,0.5220014693780005
2024-10-17,AAPL,0,0.5716868971960157,0.5409711684370258,0.5192228696337682
2024-10-17,GOOG,1,0.47054968810434433,0.3548707753479125,0.45587840928300316
2024-10-17,MSFT,0,0.5410521890446124,0.5409711684370258,0.5599039581629449
2024-10-17,META,0,0.4943510374362234,0.5409711684370258,0.5442473359778188
2024-10-17,AMZN,1,0.5085791366369645,0.5409711684370258,0.5375080661982194
2024-10-18,MSFT,0,0.5540064463715558,0.5409711684370258,0.5817255199648309
2024-10-18,META,0,0.5057880405177412,0.5409711684370258,0.5313944333719476
2024-10-18,AMZN,1,0.5231533497954579,0.4426229508196721,0.5436604434134472
2024-10-18,AAPL,0,0.621025134548638,0.6048225050234427,0.5518898664067315
2024-10-18,GOOG,1,0.5493915498430785,0.5409711684370258,0.5507795145799987
2024-10-21,AMZN,1,0.4940866201514211,0.5409711684370258,0.527228128342828
2024-10-21,META,0,0.5000196296660131,0.5409711684370258,0.5172749607575601
2024-10-21,GOOG,1,0.5464203451698187,0.5409711684370258,0.5543311095719013
2024-10-21,MSFT,0,0.5370507649745776,0.5409711684370258,0.5677856438528286
2024-10-21,AAPL,0,0.5877156503805037,0.6048225050234427,0.5509276554197408
2024-10-22,AAPL,0,0.5392433886049225,0.5409711684370258,0.5089791902901746
2024-10-22,AMZN,1,0.49038699103029276,0.5409711684370258,0.5418018264100097
2024-10-22,GOOG,1,0.5406372921313322,0.6048225050234427,0.5551246717936373
2024-10-22,META,0,0.549484161681804,0.6048225050234427,0.6038572766502176
2024-10-22,MSFT,0,0.6005554132829306,0.6048225050234427,0.584888804427455
2024-10-23,MSFT,0,0.48090392643777796,0.5409711684370258,0.5533104489072498
2024-10-23,AMZN,1,0.3706011715010886,0.3548707753479125,0.40521170365256326
2024-10-23,AAPL,0,0.4616420740469567,0.5,0.41914278543001177
2024-10-23,GOOG,1,0.4506277966766748,0.3548707753479125,0.449046500503791
2024-10-23,META,0,0.37311426884035753,0.3548707753479125,0.36330959428864307
2024-10-24,AAPL,0,0.5497089070770768,0.5409711684370258,0.5201070760821489
2024-10-24,META,0,0.5734866413496436,0.6048225050234427,0.562573855303113
2024-10-24,MSFT,0,0.5214990025418711,0.5409711684370258,0.5721622441857017
2024-10-24,GOOG,0,0.5220969311655609,0.5409711684370258,0.5272943048051622
2024-10-24,AMZN,1,0.5191961018858633,0.4426229508196721,0.5629877729360621
2024-10-25,AAPL,0,0.5641753997412625,0.5409711684370258,0.5314026226640268
2024-10-25,AMZN,1,0.4967768916892372,0.4426229508196721,0.5548674240429722
2024-10-25,META,0,0.5802381452027864,0.6048225050234427,0.5639845241268054
2024-10-25,GOOG,0,0.5599098527911828,0.4943609022556391,0.5094828468260792
2024-10-25,MSFT,0,0.5457043252056449,0.6048225050234427,0.5802623273394549
2024-10-28,MSFT,0,0.4950435181356341,0.5409711684370258,0.5565312314928635
2024-10-28,META,0,0.5796649224323581,0.6048225050234427,0.5504466014337402
2024-10-28,GOOG,0,0.5375624827897733,0.6048225050234427,0.5440769243051546
2024-10-28,AMZN,1,0.46795577473067573,0.5409711684370258,0.5364442634628793
2024-10-28,AAPL,0,0.5748156014786682,0.6048225050234427,0.5419219973021662
2024-10-29,MSFT,0,0.5520411930274356,0.6048225050234427,0.5641632010330256
2024-10-29,GOOG,0,0.5742671173769667,0.6048225050234427,0.5475556411189101
2024-10-29,META,0,0.648421059950271,0.6048225050234427,0.5837438231610669
2024-10-29,AMZN,1,0.5213404031159123,0.4426229508196721,0.5410448202192571
2024-10-29,AAPL,0,0.5553597977283129,0.5409711684370258,0.5220312920161082
2024-10-30,AMZN,1,0.5104179550286029,0.4426229508196721,0.5432257655428997
2024-10-30,AAPL,0,0.49426464695315137,0.5,0.43133470396843593
2024-10-30,GOOG,0,0.6253669107696954,0.6048225050234427,0.5815415287305484
2024-10-30,MSFT,0,0.5002874289950318,0.5409711684370258,0.5203701712120082
2024-10-30,META,0,0.5439417714804732,0.5409711684370258,0.5324809491227488
2024-10-31,AMZN,1,0.3197553898401131,0.3548707753479125,0.3651839769625642
2024-10-31,MSFT,0,0.2482751229401017,0.27586206896551724,0.3037608783721626
2024-10-31,AAPL,1,0.4766819117872092,0.3548707753479125,0.41060487760676506
2024-10-31,GOOG,0,0.4166600942510025,0.3548707753479125,0.4517599000097834
2024-10-31,META,0,0.36981308361967535,0.3548707753479125,0.35632274419461696
2024-11-01,GOOG,0,0.48833849112211636,0.5409711684370258,0.5338089657706626
2024-11-01,AAPL,1,0.480422477426423,0.5,0.4630122563734265
2024-11-01,AMZN,1,0.6749784226332242,0.6048225050234427,0.5890034685583053
2024-11-01,META,1,0.5197387113982999,0.5409711684370258,0.5517523466225601
2024-11-01,MSFT,1,0.5108689274768196,0.6048225050234427,0.5612005743110287
2024-11-04,MSFT,1,0.44927006032536926,0.3253012048192771,0.4847090167582778
2024-11-04,META,1,0.47528740651228274,0.5409711684370258,0.4898954883677956
2024-11-04,GOOG,0,0.4371841204554048,0.5409711684370258,0.4799017379692823
2024-11-04,AMZN,1,0.38094502316363443,0.5409711684370258,0.4897816561448416
2024-11-04,AAPL,1,0.5141172817916753,0.5409711684370258,0.5057723142524178
2024-11-05,GOOG,1,0.4902667426074167,0.3958333333333333,0.5069398671207389
2024-11-05,AAPL,1,0.5544879974880854,0.6048225050234427,0.5518222160672798
2024-11-05,MSFT,1,0.49223302004980407,0.6048225050234427,0.548045046226994
2024-11-05,META,1,0.5835613321181563,0.6048225050234427,0.5616868318313408
2024-11-05,AMZN,1,0.49699105784967873,0.4426229508196721,0.5587100699563898
2024-11-06,AMZN,1,0.5704630063435919,0.4426229508196721,0.5695234457692889
2024-11-06,MSFT,1,0.5465339110720471,0.6048225050234427,0.5405221508995469
2024-11-06,AAPL,1,0.5352613252373319,0.5409711684370258,0.5289120975624304
2024-11-06,META,1,0.5156890478654426,0.5409711684370258,0.5245233699325775
2024-11-06,GOOG,0,0.621604614608054,0.6048225050234427,0.5763898115262587
2024-11-07,AAPL,1,0.6418778535020541,0.6048225050234427,0.5839915392414671
2024-11-07,GOOG,0,0.5593572445134939,0.6048225050234427,0.5647383763722996
2024-11-07,AMZN,1,0.4913063139471292,0.4426229508196721,0.5755035854828496
2024-11-07,META,1,0.6672499285053676,0.6048225050234427,0.5892562758101062
2024-11-07,MSFT,1,0.5406655266628565,0.6048225050234427,0.5507036978912992
2024-11-08,META,1,0.5089415108730666,0.5409711684370258,0.5406677447615554
2024-11-08,MSFT,1,0.4544005761749762,0.5409711684370258,0.5142216842263445
2024-11-08,GOOG,0,0.4175993019035885,0.3548707753479125,0.4416623083506469
2024-11-08,AMZN,1,0.374079049555851,0.5409711684370258,0.5065617189775826
2024-11-08,AAPL,1,0.5595827930872217,0.5409711684370258,0.5516494667369058
2024-11-11,MSFT,1,0.447832371478497,0.5409711684370258,0.4818717774282692
2024-11-11,GOOG,1,0.5347609730217402,0.6048225050234427,0.5711621501947743
2024-11-11,AMZN,1,0.39993990889804737,0.5409711684370258,0.5127431438834883
2024-11-11,META,1,0.49982233383806635,0.5409711684370258,0.523640233094859
2024-11-11,AAPL,1,0.5172700016450195,0.5409711684370258,0.5036764212406994
2024-11-12,GOOG,1,0.5101296848463169,0.6048225050234427,0.56373360087154
2024-11-12,AMZN,1,0.46188231286813664,0.4426229508196721,0.5608549375322518
2024-11-12,MSFT,1,0.5405866949274684,0.6048225050234427,0.5585510348900403
2024-11-12,AAPL,1,0.5651860227847906,0.5409711684370258,0.5507617870554237
2024-11-12,META,1,0.5401116644537625,0.5409711684370258,0.5530551572633293
2024-11-13,AMZN,1,0.523564191617639,0.4426229508196721,0.5691238606401646
2024-11-13,GOOG,1,0.395172504035392,0.3548707753479125,0.4246396473762682
2024-11-13,AAPL,1,0.5818721356250862,0.5409711684370258,0.5663292432613009
2024-11-13,META,1,0.4912654970745724,0.5409711684370258,0.5218800390503983
2024-11-13,MSFT,1,0.49677535660829136,0.5409711684370258,0.551218720610052
2024-11-14,AAPL,1,0.6089038019933043,0.6048225050234427,0.5825302934754525
2024-11-14,AMZN,1,0.3711506926561321,0.5409711684370258,0.4287831289967331
2024-11-14,GOOG,1,0.38104969207785894,0.3548707753479125,0.43037249427301844
2024-11-14,META,1,0.48549965426011127,0.5409711684370258,0.5090411465568485
2024-11-14,MSFT,1,0.4858789382825164,0.5409711684370258,0.5389512907409683
2024-11-15,AAPL,1,0.4912932124413389,0.8918918918918919,0.46791592483648137
2024-11-15,AMZN,1,0.2656940482494365,0.3548707753479125,0.36457348076280655
2024-11-15,GOOG,1,0.38606627709991875,0.3548707753479125,0.4142929881595006
2024-11-15,META,1,0.34007764113153016,0.3548707753479125,0.2913093450905697
2024-11-15,MSFT,1,0.3605218768302008,0.3548707753479125,0.3738996472977923
2024-11-18,GOOG,1,0.5311394720095148,0.4943609022556391,0.5011079035854875
2024-11-18,MSFT,1,0.48911029736947853,0.3253012048192771,0.48669927202077645
2024-11-18,AAPL,1,0.6079803317284906,0.6048225050234427,0.5877316368068918
2024-11-18,AMZN,1,0.4211477809178818,0.5409711684370258,0.5020170557278896
2024-11-18,META,1,0.513988596140307,0.5409711684370258,0.505888390774155
2024-11-19,META,1,0.560841112682139,0.6048225050234427,0.5599528345607943
2024-11-19,MSFT,1,0.49168861970788486,0.4943609022556391,0.5166812963330167
2024-11-19,GOOG,1,0.5179979657376826,0.6048225050234427,0.5594569194564918
2024-11-19,AAPL,1,0.5527021096737295,0.5409711684370258,0.5682118379561804
2024-11-19,AMZN,1,0.4985468282640085,0.4426229508196721,0.5488022764810556
2024-11-20,META,1,0.5396009970038272,0.6048225050234427,0.5696361217822904
2024-11-20,AMZN,1,0.3904390878049392,0.5409711684370258,0.46963786419184267
2024-11-20,GOOG,1,0.40936105531779604,0.3548707753479125,0.4482774404051297
2024-11-20,MSFT,1,0.4428800040922642,0.3253012048192771,0.4749922833378134
2024-11-20,AAPL,1,0.5553678700742014,0.5409711684370258,0.5718054309311748
2024-11-21,MSFT,1,0.4467286769942248,0.3253012048192771,0.4741232319108167
2024-11-21,GOOG,1,0.30152048628992395,0.07317073170731707,0.34842076452835946
2024-11-21,AAPL,1,0.5310393620788519,0.5409711684370258,0.5460277378138056
2024-11-21,AMZN,1,0.3498360106235236,0.3548707753479125,0.35176733142697836
2024-11-21,META,1,0.4813778071741606,0.5409711684370258,0.5144247393502122
2024-11-22,AAPL,1,0.565468076313838,0.6048225050234427,0.5738144713514746
2024-11-22,MSFT,1,0.5150037876188531,0.4943609022556391,0.5174448655378887
2024-11-22,AMZN,1,0.44006249194696795,0.5409711684370258,0.5011931257236005
2024-11-22,META,1,0.482396089868361,0.5409711684370258,0.5268554159187715
2024-11-22,GOOG,1,0.4351624682724538,0.3548707753479125,0.41594259804046096
2024-11-25,AMZN,1,0.5563457087264851,0.4426229508196721,0.5426082979129377
2024-11-25,GOOG,1,0.5604365501013209,0.4943609022556391,0.5012556786725039
2024-11-25,AAPL,1,0.585185900176135,0.6048225050234427,0.5757609995152494
2024-11-25,MSFT,1,0.4888068412706499,0.4943609022556391,0.5170785357336429
2024-11-25,META,1,0.5522337061563508,0.6048225050234427,0.5826753061821366
2024-11-26,AMZN,1,0.584893764019328,0.4426229508196721,0.5781807630451048
2024-11-26,GOOG,1,0.5074150078148375,0.4943609022556391,0.49112154486080456
2024-11-26,AAPL,1,0.5647912380477895,0.6048225050234427,0.5680383202242714
2024-11-26,META,1,0.5603223666243742,0.6048225050234427,0.570222377166452
2024-11-26,MSFT,1,0.5524983309335872,0.6048225050234427,0.548684593321665
2024-11-27,META,1,0.4671451888574359,0.5409711684370258,0.5392195100467833
2024-11-27,AMZN,1,0.42328029179109306,0.5409711684370258,0.5138623412753184
2024-11-27,AAPL,1,0.5228666575383158,0.5409711684370258,0.5483592169801292
2024-11-27,GOOG,1,0.494199137218235,0.3253012048192771,0.4857442521940792
2024-11-27,MSFT,0,0.42594129948076126,0.5409711684370258,0.4878562291374873
2024-11-29,GOOG,1,0.5090690603218028,0.3253012048192771,0.5058008208306868
2024-11-29,AMZN,1,0.5415508156458141,0.4426229508196721,0.5653930415946258
2024-11-29,META,1,0.5350356670108734,0.6048225050234427,0.5805925867026178
2024-11-29,AAPL,1,0.5622549608162931,0.6048225050234427,0.5646642997667853
2024-11-29,MSFT,0,0.48425749224936104,0.5409711684370258,0.5407361874343469
2024-12-02,MSFT,0,0.5342050782126735,0.6048225050234427,0.5526978254727345
2024-12-02,AAPL,1,0.5500453306929182,0.6048225050234427,0.5550965506043677
2024-12-02,AMZN,1,0.5453312120530065,0.90625,0.663494707002172
2024-12-02,META,0,0.6071682615690427,0.6048225050234427,0.5659109201387024
2024-12-02,GOOG,1,0.5759870712335801,0.4943609022556391,0.5304996017229532
2024-12-03,AMZN,1,0.5320854089703998,0.90625,0.6512965836295463
2024-12-03,MSFT,0,0.46126815047836617,0.5409711684370258,0.5281452305815578
2024-12-03,GOOG,1,0.5034860277743399,0.3253012048192771,0.4976753436203981
2024-12-03,META,0,0.6099749000720088,0.6048225050234427,0.5618994024987453
2024-12-03,AAPL,0,0.55622492655376,0.6048225050234427,0.5710195770217549
2024-12-04,AAPL,0,0.5077677558730368,0.5409711684370258,0.5189796711977618
2024-12-04,MSFT,0,0.5041755157719876,0.6048225050234427,0.5501975186441777
2024-12-04,GOOG,1,0.5661578023634674,0.4943609022556391,0.5311141198033247
2024-12-04,AMZN,1,0.5554339286101956,0.90625,0.6560914508434152
2024-12-04,META,0,0.4535565474696399,0.5409711684370258,0.5314871795607528
2024-12-05,MSFT,0,0.495816073156892,0.6048225050234427,0.557447378103793
2024-12-05,GOOG,1,0.44682396554158654,0.3958333333333333,0.4885640603052377
2024-12-05,META,0,0.42607686787871574,0.5409711684370258,0.516537746759646
2024-12-05,AAPL,0,0.5047241780897376,0.5409711684370258,0.5245609763359064
2024-12-05,AMZN,1,0.5073793962138669,0.90625,0.6627012232337505
2024-12-06,MSFT,0,0.4604573985467653,0.5409711684370258,0.5456451267788218
2024-12-06,AAPL,0,0.49552613929896694,0.5409711684370258,0.5274440609402234
2024-12-06,GOOG,1,0.5379617636583454,0.6048225050234427,0.554232036361286
2024-12-06,AMZN,0,0.5860582915295753,0.90625,0.6128431428669914
2024-12-06,META,0,0.5576664991727153,0.6048225050234427,0.5683889100147063
2024-12-09,GOOG,1,0.49681992263582164,0.5409711684370258,0.5523093906641582
2024-12-09,META,0,0.37191216479544165,0.3548707753479125,0.4161329716945302
2024-12-09,MSFT,0,0.47500975153471964,0.6048225050234427,0.5843065681926061
2024-12-09,AMZN,0,0.44564357304504093,0.385395537525355,0.5159787434488582
2024-12-09,AAPL,0,0.5722439989240671,0.6048225050234427,0.5704358281669013
2024-12-10,AMZN,0,0.44777499955037775,0.5409711684370258,0.536208058660061
2024-12-10,GOOG,1,0.6832693103110186,0.6048225050234427,0.5988515857927803
2024-12-10,MSFT,0,0.4334440943798311,0.5409711684370258,0.5365519435091418
2024-12-10,AAPL,0,0.5056283087801765,0.5409711684370258,0.5410629427616801
2024-12-10,META,0,0.4636455668563842,0.6048225050234427,0.576947771751243
2024-12-11,GOOG,0,0.6703345542694225,0.6048225050234427,0.5996038602086791
2024-12-11,AMZN,0,0.556097463982762,0.4426229508196721,0.5388455184687656
2024-12-11,AAPL,0,0.4647582394980787,0.5409711684370258,0.5174540683450245
2024-12-11,MSFT,0,0.503480428696101,0.6048225050234427,0.5741017970817986
2024-12-11,META,0,0.5198002551741338,0.6048225050234427,0.5531244048350525
2024-12-12,MSFT,0,0.45584351609488966,0.5409711684370258,0.5355757813884341
2024-12-12,META,0,0.4263127949912844,0.5409711684370258,0.5260086670950582
2024-12-12,GOOG,0,0.40169176366233633,0.3548707753479125,0.41862734096778953
2024-12-12,AAPL,0,0.5161781905539141,0.6048225050234427,0.5720241371955496
2024-12-12,AMZN,0,0.4354789783559503,0.385395537525355,0.5123548724812739
2024-12-13,AAPL,0,0.49448048328636973,0.5409711684370258,0.5244318924633055
2024-12-13,META,0,0.36892060321056797,0.3548707753479125,0.4058259526740582
2024-12-13,MSFT,0,0.43160814743641684,0.5409711684370258,0.5428772240133085
2024-12-13,GOOG,0,0.41449741246698085,0.5409711684370258,0.4760060599004583
2024-12-13,AMZN,0,0.4180836563568325,0.385395537525355,0.5295193653208213
2024-12-16,AAPL,0,0.5320408389438487,0.6048225050234427,0.5720994414776276
2024-12-16,META,0,0.47933393213404096,0.6048225050234427,0.5726865428717788
2024-12-16,MSFT,0,0.49075312032912094,0.6048225050234427,0.5733325344945811
2024-12-16,AMZN,0,0.5479003452137345,0.90625,0.5939519658554775
2024-12-16,GOOG,0,0.6052731553174259,0.6048225050234427,0.5810875317844296
2024-12-17,GOOG,0,0.4190612215370896,0.5409711684370258,0.5113794964285308
2024-12-17,AMZN,0,0.42131404535243017,0.385395537525355,0.5320997914551878
2024-12-17,MSFT,0,0.4816201769902183,0.6048225050234427,0.5756546141744134
2024-12-17,META,0,0.4215523174993605,0.5409711684370258,0.5165897683458597
2024-12-17,AAPL,0,0.531889073740584,0.6048225050234427,0.5702356814848174
2024-12-18,GOOG,0,0.2829707733722291,0.3548707753479125,0.3856385146749215
2024-12-18,AAPL,0,0.432064216855562,0.5,0.4265209190490413
2024-12-18,MSFT,0,0.3086964917512942,0.3548707753479125,0.3832125444992594
2024-12-18,META,0,0.3220429873681328,0.3548707753479125,0.32196468249300514
2024-12-18,AMZN,0,0.2669211710892316,0.07317073170731707,0.3715916996157172
2024-12-19,GOOG,1,0.4221165492205996,0.5409711684370258,0.5234090474774344
2024-12-19,META,1,0.470918945089788,0.5409711684370258,0.4805910435020449
2024-12-19,AMZN,1,0.5058557068680026,0.90625,0.630372795224771
2024-12-19,MSFT,0,0.45796549404157116,0.3253012048192771,0.4804424092506489
2024-12-19,AAPL,0,0.557394452542725,0.6048225050234427,0.5654081318094825
2024-12-20,MSFT,1,0.464704173816784,0.3253012048192771,0.4804424092506489
2024-12-20,GOOG,1,0.5049854327361264,0.6048225050234427,0.5666323055193386
2024-12-20,AAPL,0,0.6031737922820621,0.6048225050234427,0.5811660004273196
2024-12-20,AMZN,1,0.499292671345664,0.90625,0.6519905615664405
2024-12-20,META,1,0.4284553566246256,0.3548707753479125,0.36293183945685925
2024-12-23,MSFT,0,0.45035820069778515,0.3253012048192771,0.47573972959846456
2024-12-23,AMZN,1,0.4634156137140323,0.5409711684370258,0.5821798987790303
2024-12-23,GOOG,1,0.4771304705420945,0.6048225050234427,0.5620779108062279
2024-12-23,META,1,0.5942459357732166,0.6048225050234427,0.5473621815293945
2024-12-23,AAPL,0,0.5372254494406535,0.5409711684370258,0.5330729407429806
2024-12-24,AAPL,0,0.5661384185459981,0.6048225050234427,0.5413130976344396
2024-12-24,MSFT,0,0.5032842341281981,0.4943609022556391,0.5167651267693497
2024-12-24,AMZN,1,0.533235327565016,0.4426229508196721,0.5979445498109475
2024-12-24,GOOG,0,0.4562780446868993,0.6048225050234427,0.5710295870458942
2024-12-24,META,1,0.5521113630303204,0.6048225050234427,0.5509137636134728
2024-12-26,MSFT,0,0.472824353091072,0.3253012048192771,0.485944040753356
2024-12-26,META,1,0.4858897714655051,0.5409711684370258,0.5100720411291606
2024-12-26,AAPL,0,0.5482641986988868,0.385395537525355,0.5018758504345137
2024-12-26,GOOG,0,0.4376598560106511,0.5409711684370258,0.5139905490378015
2024-12-26,AMZN,1,0.4423419179086479,0.5409711684370258,0.5790113501623222
2024-12-27,GOOG,0,0.3978060065307698,0.3548707753479125,0.4271500407302241
2024-12-27,AMZN,1,0.41984111375781646,0.3548707753479125,0.43479597000196596
2024-12-27,AAPL,0,0.48445328254985465,0.5,0.4387776778102419
2024-12-27,META,1,0.5072813354609444,0.5409711684370258,0.5319375618895618
2024-12-27,MSFT,0,0.4180278110803242,0.3548707753479125,0.41452200754937635
2024-12-30,MSFT,0,0.43317425774920604,0.3548707753479125,0.4170867280635403
2024-12-30,META,1,0.4859412386444159,0.3548707753479125,0.43567658915878754
2024-12-30,AMZN,1,0.4268178290335344,0.5409711684370258,0.5139293932874743
2024-12-30,AAPL,0,0.4790660309310345,0.5,0.44135981318046286
2024-12-30,GOOG,1,0.4343469352730624,0.5409711684370258,0.5156507258052576
2024-12-31,MSFT,0,0.4538900454567774,0.3253012048192771,0.4382056478261545
2024-12-31,AAPL,0,0.5012909429800667,0.5409711684370258,0.5018970016689185
2024-12-31,GOOG,1,0.40882995076379863,0.5409711684370258,0.4734079330639564
2024-12-31,AMZN,1,0.4329625774391793,0.9069767441860465,0.5526313179235931
2024-12-31,META,1,0.49339207254987644,0.5409711684370258,0.48995063334621874
2025-01-02,META,1,0.6239170761793874,0.6048225050234427,0.5588833524959426
2025-01-02,GOOG,1,0.4607389288612524,0.5409711684370258,0.518681384287348
2025-01-02,MSFT,0,0.45231821962341917,0.3253012048192771,0.42961256072125087
2025-01-02,AMZN,1,0.48088506803290665,0.9069767441860465,0.6011207168391717
2025-01-02,AAPL,0,0.417517295111037,0.5,0.35280097312997205
2025-01-03,META,1,0.5599275664470201,0.6048225050234427,0.56194572124444
2025-01-03,GOOG,1,0.5108500452673833,0.6048225050234427,0.5672612567332578
2025-01-03,AMZN,1,0.538835921534521,0.4426229508196721,0.6007498140864783
2025-01-03,AAPL,0,0.5182917986559528,0.5409711684370258,0.47460578835752043
2025-01-03,MSFT,0,0.5249127748290038,0.4943609022556391,0.4945017405600913
2025-01-06,MSFT,0,0.5270034385133585,0.4943609022556391,0.5016357019824471
2025-01-06,AAPL,0,0.5597616283514071,0.6048225050234427,0.5554568084608184
2025-01-06,GOOG,0,0.5724976394938514,0.6048225050234427,0.5795066558643858
2025-01-06,AMZN,1,0.5408786662881737,0.4426229508196721,0.6008675791255499
2025-01-06,META,1,0.6914127339243402,0.6048225050234427,0.59012564790316
2025-01-07,GOOG,0,0.4463672899114238,0.5409711684370258,0.5217842679192836
2025-01-07,AAPL,0,0.4855737339650609,0.5409711684370258,0.4728809108309865
2025-01-07,META,1,0.4448996366533171,0.3548707753479125,0.4092988887540718
2025-01-07,AMZN,1,0.37610473143645273,0.3548707753479125,0.3981672256818545
2025-01-07,MSFT,0,0.43605361270788745,0.3548707753479125,0.43250612706484093
2025-01-08,META,1,0.48971509701116517,0.5409711684370258,0.49113532306836305
2025-01-08,AMZN,1,0.48412794951552357,0.5409711684370258,0.5615184881192581
2025-01-08,AAPL,0,0.5470340654774776,0.5409711684370258,0.5310732480784993
2025-01-08,MSFT,0,0.5129923214740448,0.4943609022556391,0.4958995344271169
2025-01-08,GOOG,0,0.4546372290511652,0.5409711684370258,0.5221286159788435
2025-01-10,AAPL,0,0.46015437240681945,0.8918918918918919,0.4335642305180859
2025-01-10,META,1,0.573459630775504,0.6048225050234427,0.5614105511097515
2025-01-10,MSFT,0,0.4472702880054916,0.3548707753479125,0.42396946149394027
2025-01-10,GOOG,0,0.44093898442781393,0.5409711684370258,0.4909167882726421
2025-01-10,AMZN,1,0.42970250185948444,0.3548707753479125,0.44330669105030834
2025-01-13,MSFT,0,0.4768203128378555,0.3253012048192771,0.4520262991443201
2025-01-13,GOOG,0,0.4700506771053248,0.5409711684370258,0.5400395356429541
2025-01-13,AMZN,1,0.4709698268215864,0.5409711684370258,0.525975043032613
2025-01-13,AAPL,0,0.5174427315910854,0.5409711684370258,0.5159083288858947
2025-01-13,META,1,0.4883129920220901,0.5409711684370258,0.47591740499649954
2025-01-14,AMZN,1,0.4630467827782316,0.5409711684370258,0.5241563219463139
2025-01-14,META,1,0.4302762232611883,0.3548707753479125,0.3660616118040633
2025-01-14,GOOG,0,0.45460588294557835,0.5409711684370258,0.518879131038793
2025-01-14,MSFT,0,0.47227319182305766,0.3253012048192771,0.4407978487740797
2025-01-14,AAPL,0,0.5278739568920943,1.0,0.5297106660789389
2025-01-15,AAPL,1,0.630635310997907,0.6048225050234427,0.5852912147152303
2025-01-15,GOOG,0,0.6092792705692477,0.6048225050234427,0.590412659925543
2025-01-15,AMZN,1,0.5820850679812551,0.4426229508196721,0.567832553830002
2025-01-15,META,1,0.6784387638948584,0.6048225050234427,0.5680563024071246
2025-01-15,MSFT,0,0.5932942534721927,0.4943609022556391,0.5188639880751528
2025-01-16,GOOG,0,0.43060685519901565,0.3548707753479125,0.463099453493784
2025-01-16,MSFT,0,0.46384128391726315,0.3253012048192771,0.49294881482693226
2025-01-16,AMZN,0,0.42584347547892226,0.5409711684370258,0.5008570125071039
2025-01-16,META,1,0.5002007650570491,0.5409711684370258,0.505983789552552
2025-01-16,AAPL,0,0.3849064854553785,0.8918918918918919,0.3885642898329953
2025-01-17,GOOG,0,0.5627504321197278,0.6048225050234427,0.5877353915916745
2025-01-17,MSFT,0,0.526563488061929,0.4943609022556391,0.5304106274026689
2025-01-17,AAPL,1,0.599954256762466,0.6048225050234427,0.5942135895800077
2025-01-17,AMZN,1,0.5813692750106044,0.90625,0.6383165100121196
2025-01-17,META,1,0.532730480394277,0.5409711684370258,0.5409067060277114
2025-01-21,MSFT,0,0.4787787060227791,0.3253012048192771,0.5105654608659193
2025-01-21,META,1,0.5500667429397808,0.6048225050234427,0.5487337527238917
2025-01-21,AAPL,1,0.4433410620331397,0.8918918918918919,0.4444170187963492
2025-01-21,AMZN,0,0.5624376253191351,0.90625,0.6586726784646558
2025-01-21,GOOG,0,0.533176853484189,0.6048225050234427,0.592601472912285
2025-01-22,MSFT,0,0.6337276507910936,0.6048225050234427,0.5580374299579972
2025-01-22,GOOG,0,0.49275707465991375,0.5409711684370258,0.5653671733906378
2025-01-22,META,1,0.5723567550131413,0.6048225050234427,0.552681636942606
2025-01-22,AAPL,1,0.5977036110961136,0.6048225050234427,0.5903148833399251
2025-01-22,AMZN,0,0.5483510821265868,0.90625,0.595179806497129
2025-01-23,AAPL,1,0.5578793768666099,1.0,0.5692856679462954
2025-01-23,GOOG,0,0.4624772087981033,0.5409711684370258,0.555242008286629
2025-01-23,MSFT,0,0.4549555258458612,0.5409711684370258,0.5244225881714091
2025-01-23,AMZN,0,0.4615951453338065,0.385395537525355,0.5705671145921971
2025-01-23,META,1,0.5883086225077634,0.6048225050234427,0.5643665202508167
2025-01-24,META,1,0.5976413608470893,0.6048225050234427,0.5646112400857531
2025-01-24,GOOG,0,0.544108500284713,0.6048225050234427,0.5859385495633265
2025-01-24,MSFT,0,0.4426597685070175,0.5409711684370258,0.5223914172877638
2025-01-24,AMZN,0,0.4608512780061624,0.385395537525355,0.564808011312294
2025-01-24,AAPL,1,0.5691284258880982,0.5409711684370258,0.5657721688506352
2025-01-27,AMZN,0,0.4718754581439358,0.385395537525355,0.5156068469982761
2025-01-27,GOOG,0,0.3262010217420723,0.3548707753479125,0.36273700718205276
2025-01-27,MSFT,0,0.380298890718245,0.3548707753479125,0.4184562707974678
2025-01-27,META,0,0.612512646079153,0.6048225050234427,0.5062646312781296
2025-01-27,AAPL,1,0.6961219951184158,0.6048225050234427,0.6148544583188328
2025-01-28,META,0,0.6157668655176141,0.6048225050234427,0.5033955640506175
2025-01-28,AMZN,0,0.4988861227863848,0.4426229508196721,0.5189510929640758
2025-01-28,AAPL,1,0.7090592468943545,0.6048225050234427,0.6146668384799667
2025-01-28,MSFT,0,0.5811923579680036,0.6048225050234427,0.5607978613811553
2025-01-28,GOOG,0,0.5582527837023555,0.6048225050234427,0.5711254273178197
2025-01-29,AMZN,0,0.423447746868031,0.385395537525355,0.4761733387655092
2025-01-29,AAPL,0,0.5780744146779285,0.5409711684370258,0.5801401951765557
2025-01-29,MSFT,0,0.3958445840042221,0.5409711684370258,0.46907126554845696
2025-01-29,META,0,0.5402643516582506,0.385395537525355,0.4607028753294836
2025-01-29,GOOG,0,0.4853941073260312,0.5409711684370258,0.5389749032212695
2025-01-30,AAPL,0,0.5237479139063239,0.5409711684370258,0.5675347265706189
2025-01-30,META,0,0.5883128528363847,0.6048225050234427,0.5032964140422578
2025-01-30,AMZN,0,0.40515415617055717,0.5409711684370258,0.5228835233756146
2025-01-30,MSFT,0,0.22140498541208306,0.07317073170731707,0.23894313156033717
2025-01-30,GOOG,0,0.5924322091212745,0.6048225050234427,0.5918935847295144
2025-01-31,MSFT,0,0.4666929185681241,0.3253012048192771,0.4436175417969615
2025-01-31,META,0,0.5354021789910004,0.385395537525355,0.4715486552692157
2025-01-31,AAPL,0,0.5192272005829688,0.5409711684370258,0.57043897686034
2025-01-31,GOOG,0,0.5344184197563318,0.6048225050234427,0.5773164240030649
2025-01-31,AMZN,0,0.5005146647496677,0.4426229508196721,0.5306573258460332
2025-02-03,AAPL,0,0.3878634098441724,0.8918918918918919,0.48691617439467266
2025-02-03,GOOG,0,0.4408112017166376,0.3548707753479125,0.43405919095659506
2025-02-03,MSFT,0,0.4350615465132956,0.3253012048192771,0.4303820188623234
2025-02-03,AMZN,0,0.44855065637342617,0.385395537525355,0.48653491866451576
2025-02-03,META,0,0.5593981108715834,0.6048225050234427,0.5035519677037543
2025-02-04,AAPL,1,0.5828102929534456,0.6048225050234427,0.6057891821987768
2025-02-04,AMZN,0,0.5471851688815746,0.4426229508196721,0.5067360107625583
2025-02-04,MSFT,0,0.4763716728674139,0.5409711684370258,0.4522819299690065
2025-02-04,GOOG,0,0.5966823369269114,0.6048225050234427,0.5825630939418284
2025-02-04,META,0,0.5463012736692887,0.6048225050234427,0.5185061992734792
2025-02-05,MSFT,0,0.4873237263949802,0.5409711684370258,0.44772243828792674
2025-02-05,META,0,0.5214547157508707,0.385395537525355,0.4534096109627632
2025-02-05,GOOG,0,0.2406868036525857,0.07317073170731707,0.3038357224778823
2025-02-05,AMZN,0,0.3995533491131651,0.3548707753479125,0.3828869829677387
2025-02-05,AAPL,0,0.4912921674388791,0.5409711684370258,0.5516005892742201
2025-02-06,MSFT,0,0.5303157177779568,0.6048225050234427,0.563426639801712
2025-02-06,AMZN,0,0.5524341541222484,0.6048225050234427,0.5269138360426077
2025-02-06,META,0,0.5444118644712166,0.6048225050234427,0.5254239602450489
2025-02-06,GOOG,0,0.5058562347541722,0.5409711684370258,0.5256550658359199
2025-02-06,AAPL,1,0.5129431718496896,0.5409711684370258,0.5730329134861274
2025-02-07,AAPL,0,0.39725512931727686,0.8918918918918919,0.4773256479881746
2025-02-07,GOOG,0,0.36008596951884386,0.3548707753479125,0.28921843574220424
2025-02-07,MSFT,0,0.44262559732747864,0.3548707753479125,0.41382718058557777
2025-02-07,META,0,0.5305624470434092,0.385395537525355,0.47930356618115766
2025-02-07,AMZN,0,0.33257391168466177,0.3548707753479125,0.3424431392561413
2025-02-10,AAPL,0,0.5061768001262777,0.5409711684370258,0.5726292344764592
2025-02-10,META,0,0.5124126338164207,0.385395537525355,0.4737966793617936
2025-02-10,MSFT,0,0.5342118534725128,0.6048225050234427,0.5546944326309025
2025-02-10,GOOG,0,0.5278889861632363,0.6048225050234427,0.5043196858532247
2025-02-10,AMZN,0,0.5783048521089805,0.4426229508196721,0.5459112831463838
2025-02-11,META,0,0.5186034059608507,0.385395537525355,0.47251806819472136
2025-02-11,MSFT,0,0.49797836815198443,0.5409711684370258,0.5207245729659346
2025-02-11,GOOG,0,0.46569671541838664,0.5409711684370258,0.4410518627739047
2025-02-11,AMZN,0,0.49113558646551325,0.5409711684370258,0.5076196131501841
2025-02-11,AAPL,0,0.5741562687609744,0.6048225050234427,0.5888046038570868
2025-02-12,AMZN,0,0.440783211762756,0.3548707753479125,0.386318439882869
2025-02-12,META,0,0.5438815389186694,0.6048225050234427,0.50452138062926
2025-02-12,MSFT,0,0.4771500308003262,0.5409711684370258,0.4778728005680239
2025-02-12,AAPL,0,0.5523833982984904,0.6048225050234427,0.5850908707463139
2025-02-12,GOOG,0,0.48578098087418015,0.5409711684370258,0.5136802783781869
2025-02-13,MSFT,0,0.5069591548253853,0.4943609022556391,0.49715728979412377
2025-02-13,AMZN,0,0.528306048809705,0.4426229508196721,0.5429457871582641
2025-02-13,GOOG,0,0.5727334767665034,0.6048225050234427,0.5681627895850927
2025-02-13,AAPL,0,0.5431275554158301,0.6048225050234427,0.5700391684835242
2025-02-13,META,0,0.5273999343873182,0.385395537525355,0.46984451481970696
2025-02-14,GOOG,0,0.519189353735402,0.5409711684370258,0.5585089051390653
2025-02-14,AAPL,0,0.5258125323097335,0.6048225050234427,0.5518221112486299
2025-02-14,MSFT,0,0.48038770033406347,0.3253012048192771,0.4287844431837145
2025-02-14,META,0,0.5623690480126897,0.6048225050234427,0.5071075187124308
2025-02-14,AMZN,0,0.4973257808594395,0.5409711684370258,0.5004521779174246
2025-02-18,META,0,0.4002799079091482,0.125,0.3558262840906419
2025-02-18,AMZN,0,0.4786832615676798,0.5409711684370258,0.49297368051298596
2025-02-18,GOOG,0,0.5046383536593617,0.5409711684370258,0.5438610869601375
2025-02-18,MSFT,0,0.5073237373677351,0.4943609022556391,0.46531091509456834
2025-02-18,AAPL,0,0.46770047541740983,0.5409711684370258,0.5199725846051685
2025-02-19,AMZN,0,0.5182747873322655,0.5409711684370258,0.5112800125479171
2025-02-19,META,0,0.4549379409570477,0.5,0.3972696403503862
2025-02-19,MSFT,0,0.5465574041873194,0.4943609022556391,0.5340424553303975
2025-02-19,GOOG,0,0.5531410086964688,0.6048225050234427,0.5862168359004314
2025-02-19,AAPL,0,0.47099729579879,0.5409711684370258,0.5253694038383825
2025-02-20,MSFT,0,0.5112007671095328,0.4943609022556391,0.5386169164408995
2025-02-20,GOOG,0,0.5031116423741194,0.5409711684370258,0.5612933598281123
2025-02-20,AAPL,0,0.4738335348811557,0.5409711684370258,0.5366740087631936
2025-02-20,AMZN,0,0.4527739492560892,0.3548707753479125,0.4196468636667942
2025-02-20,META,0,0.47505763456773836,0.5,0.4187423056912135
2025-02-21,GOOG,0,0.3955159549247357,0.3548707753479125,0.4004878847708323
2025-02-21,AAPL,0,0.45586288051047535,0.5409711684370258,0.5159809815599183
2025-02-21,META,0,0.4642075531290661,0.5,0.36201627664737385
2025-02-21,AMZN,0,0.4018172623706119,0.3548707753479125,0.31901911953397005
2025-02-21,MSFT,0,0.4119215355498215,0.3548707753479125,0.37137619553499446
2025-02-24,AMZN,0,0.4517126268014616,0.3548707753479125,0.38629432440511124
2025-02-24,MSFT,0,0.4516643263920623,0.3253012048192771,0.3858056705404836
2025-02-24,GOOG,0,0.5061246274423233,0.5409711684370258,0.5197419944284942
2025-02-24,META,0,0.43525897035116284,0.5,0.31790258879232003
2025-02-24,AAPL,0,0.4881393397528213,0.6048225050234427,0.5540642853522937
2025-02-25,MSFT,0,0.43107227893739436,0.3548707753479125,0.3446988128698095
2025-02-25,META,0,0.48528337515871917,0.5,0.3295819181844516
2025-02-25,AAPL,0,0.4710091978448273,0.5409711684370258,0.5047392202286638
2025-02-25,GOOG,0,0.4279768276092333,0.3548707753479125,0.41644829260906824
2025-02-25,AMZN,0,0.5337272466229214,0.5409711684370258,0.49031408430358014
2025-02-26,META,0,0.6602632655844488,0.6048225050234427,0.5628598171380702
2025-02-26,AAPL,0,0.3657973715384241,0.5,0.42494517714671454
2025-02-26,AMZN,0,0.5471057403821087,0.4426229508196721,0.5524942458386285
2025-02-26,MSFT,0,0.49713976140559635,0.4943609022556391,0.4269950468620231
2025-02-26,GOOG,0,0.42281068881706485,0.3548707753479125,0.39627155254876195
2025-02-27,MSFT,0,0.4082652338385484,0.3548707753479125,0.3180725513107878
2025-02-27,META,0,0.4717002994332648,0.3548707753479125,0.3801320299408406
2025-02-27,AAPL,0,0.43264175390353476,0.8918918918918919,0.4866867900675863
2025-02-27,GOOG,0,0.37743246096052635,0.3548707753479125,0.34443002148826163
2025-02-27,AMZN,0,0.41422338971175376,0.3548707753479125,0.36759282645167624
2025-02-28,GOOG,0,0.5504090805863643,0.6048225050234427,0.5471688805585476
2025-02-28,META,0,0.6405897400628479,0.6048225050234427,0.5525914741856698
2025-02-28,AMZN,0,0.6117492016858469,0.4426229508196721,0.5625638941679106
2025-02-28,MSFT,0,0.5340752152842437,0.4943609022556391,0.438636614613984
2025-02-28,AAPL,0,0.5667394551090985,0.6048225050234427,0.5645476094617172
2025-03-03,AAPL,0,0.423083808359485,0.8918918918918919,0.4663770787817071
2025-03-03,GOOG,0,0.42227458460182055,0.3548707753479125,0.3466383209453749
2025-03-03,META,0,0.5131910665574745,0.3548707753479125,0.41223068230741966
2025-03-03,AMZN,0,0.41502407061374985,0.3548707753479125,0.35234964409334674
2025-03-03,MSFT,0,0.4003450488195088,0.3548707753479125,0.33185920937319474
2025-03-04,AMZN,0,0.5327583068708505,0.5409711684370258,0.526915921814747
2025-03-04,GOOG,0,0.6135178684296623,0.6048225050234427,0.5599498789519763
2025-03-04,AAPL,0,0.45186407608025575,0.5409711684370258,0.5131405886805775
2025-03-04,MSFT,0,0.49744103798924694,0.3253012048192771,0.3969966831296084
2025-03-04,META,0,0.5032839591340732,0.3548707753479125,0.3940972197830821
2025-03-05,META,0,0.6811649450470147,0.6048225050234427,0.5633828481280199
2025-03-05,AAPL,0,0.5049354778057014,0.5409711684370258,0.5311690319236424
2025-03-05,MSFT,0,0.609983977037907,0.4943609022556391,0.478103758959039
2025-03-05,GOOG,0,0.5610808141341954,0.6048225050234427,0.5593781168825795
2025-03-05,AMZN,0,0.6244987444405131,0.4426229508196721,0.5646239426448734
2025-03-06,MSFT,0,0.4561839760553592,0.3253012048192771,0.3908550411616376
2025-03-06,META,0,0.41518707531684906,0.3548707753479125,0.33462215905495013
2025-03-06,AAPL,0,0.5242997585059536,0.5409711684370258,0.5492501854682473
2025-03-06,GOOG,0,0.5116487463006791,0.5409711684370258,0.5412920141920453
2025-03-06,AMZN,0,0.39804038476816606,0.3548707753479125,0.3896241305636594
2025-03-07,AMZN,0,0.5140574022760849,0.5409711684370258,0.4899517692966791
2025-03-07,GOOG,0,0.5387061959924699,0.6048225050234427,0.5716111623148883
2025-03-07,AAPL,0,0.5926220660438556,0.6048225050234427,0.57648115833589
2025-03-07,META,0,0.58373112204501,0.5409711684370258,0.4509775261619327
2025-03-07,MSFT,0,0.459157750755369,0.3253012048192771,0.3771380926678659
2025-03-10,AAPL,0,0.3303309980828768,0.27586206896551724,0.41901808753949454
2025-03-10,META,0,0.41428218884291795,0.3548707753479125,0.24586869117800755
2025-03-10,GOOG,0,0.33415559445950205,0.3548707753479125,0.3067326308779264
2025-03-10,AMZN,0,0.4656279270984654,0.3548707753479125,0.44230800703045126
2025-03-10,MSFT,0,0.3768480237016066,0.3548707753479125,0.3349447654125135
2025-03-11,MSFT,0,0.5257918632590527,0.3253012048192771,0.4884417761528914
2025-03-11,AAPL,0,0.4196268647626609,0.8918918918918919,0.44742018094532177
2025-03-11,GOOG,0,0.46222893824530037,0.5409711684370258,0.391060234269881
2025-03-11,META,0,0.663666112755076,0.6048225050234427,0.5550309711417776
2025-03-11,AMZN,0,0.6066131968781424,0.6048225050234427,0.595527905606951
2025-03-12,AMZN,0,0.5944098002000888,0.6048225050234427,0.6148620853440676
2025-03-12,AAPL,0,0.4765098783970255,0.8918918918918919,0.5162115600772288
2025-03-12,META,0,0.6785088046995191,0.6048225050234427,0.5472967842039539
2025-03-12,GOOG,0,0.5761085700274701,0.6048225050234427,0.4863684039955043
2025-03-12,MSFT,0,0.5321585959494433,0.4943609022556391,0.5562680169253599
2025-03-13,AMZN,0,0.4468498722819682,0.3548707753479125,0.4606269334913627
2025-03-13,AAPL,0,0.41777666742852215,0.8918918918918919,0.5694062084486584
2025-03-13,GOOG,0,0.3938873029214,0.3548707753479125,0.32635989120520587
2025-03-13,MSFT,0,0.45108531701673243,0.3253012048192771,0.4601086272143685
2025-03-13,META,0,0.4043494469183306,0.07317073170731707,0.2427020648828245
2025-03-14,META,0,0.7022357480350587,0.6048225050234427,0.5743317012384087
2025-03-14,AAPL,0,0.6239974715429619,0.3958333333333333,0.6683327493584872
2025-03-14,AMZN,0,0.6199738452082922,0.6048225050234427,0.6012214710448702
2025-03-14,MSFT,0,0.5957200046079159,0.4943609022556391,0.4427431392608272
2025-03-14,GOOG,0,0.5700098507964951,0.6048225050234427,0.4686208367157757
2025-03-17,MSFT,0,0.5058967140453221,0.3253012048192771,0.44378240870419283
2025-03-17,AMZN,0,0.4987223615895214,0.5409711684370258,0.5254362960555778
2025-03-17,META,0,0.5825832774710287,0.5409711684370258,0.5417593872675881
2025-03-17,AAPL,0,0.5805234584620808,0.3958333333333333,0.6230919189541337
2025-03-17,GOOG,0,0.5033246714106282,0.5409711684370258,0.5121411635359755
2025-03-18,AAPL,0,0.55939751131521,0.3958333333333333,0.6346669359039961
2025-03-18,META,0,0.4328949805679182,0.3548707753479125,0.40391741064558906
2025-03-18,MSFT,0,0.44484659488457945,0.3548707753479125,0.42555447460934415
2025-03-18,AMZN,0,0.4709748727836797,0.3548707753479125,0.5008475960365601
2025-03-18,GOOG,0,0.42644799598194066,0.3548707753479125,0.4257193124807797
2025-03-19,AAPL,0,0.6395485620560786,0.3958333333333333,0.5920427809645882
2025-03-19,AMZN,0,0.5739523960307237,0.6048225050234427,0.5807569801381964
2025-03-19,META,0,0.5670135661875686,0.5409711684370258,0.5116758433938745
2025-03-19,GOOG,0,0.5918715721741764,0.6048225050234427,0.5104056254823813
2025-03-19,MSFT,0,0.5391494381264023,0.4943609022556391,0.4827414385645916
2025-03-20,GOOG,0,0.48642602045550803,0.5409711684370258,0.518137546905409
2025-03-20,MSFT,0,0.48688343836817977,0.3253012048192771,0.4446349439931209
2025-03-20,META,0,0.5765590520150539,0.5409711684370258,0.5618504656943946
2025-03-20,AAPL,0,0.5843383741061011,0.3958333333333333,0.6430515376773552
2025-03-20,AMZN,0,0.5116220915970188,0.5409711684370258,0.5442609565988314
2025-03-21,MSFT,0,0.5310697124067134,0.4943609022556391,0.5419553679919987
2025-03-21,AAPL,0,0.6611309218783074,0.3958333333333333,0.6302045510919311
2025-03-21,AMZN,0,0.5268138128386538,0.6048225050234427,0.5963349464962809
2025-03-21,META,0,0.5987767261935603,0.6048225050234427,0.5575239460514906
2025-03-21,GOOG,0,0.529404342033366,0.6048225050234427,0.5631300262554758
2025-03-24,GOOG,0,0.5649301774153076,0.6048225050234427,0.49370698799506746
2025-03-24,META,0,0.6374510152575494,0.6048225050234427,0.6005928407203436
2025-03-24,AMZN,0,0.6146260358177776,0.6048225050234427,0.6026562213758644
2025-03-24,MSFT,0,0.4853879243472134,1.0,0.44795688767545144
2025-03-24,AAPL,0,0.6035350826889888,0.3958333333333333,0.5537967824685214
2025-03-25,META,0,0.5363158431848316,0.6048225050234427,0.5894151661819229
2025-03-25,AMZN,0,0.5154892709597167,0.6048225050234427,0.5908177616369437
2025-03-25,MSFT,0,0.49265095471753884,1.0,0.4784724466472172
2025-03-25,GOOG,0,0.5435064169990456,0.6048225050234427,0.5631497951198695
2025-03-25,AAPL,0,0.6093916048802925,0.3958333333333333,0.5672590243818296
2025-03-26,MSFT,0,0.40952029577663485,0.3548707753479125,0.3780146257884278
2025-03-26,AMZN,0,0.3665274736523122,0.3548707753479125,0.4673398222337079
2025-03-26,AAPL,0,0.5084531305698441,0.3958333333333333,0.5840232944183081
2025-03-26,META,0,0.36993481048698873,0.3548707753479125,0.4595800573677347
2025-03-26,GOOG,0,0.33609587024619436,0.3548707753479125,0.3587146699422277
2025-03-27,AMZN,0,0.46369036597362906,0.5409711684370258,0.5590397290830985
2025-03-27,META,0,0.4224389942471513,0.3548707753479125,0.4945948312572996
2025-03-27,MSFT,0,0.47415845315079846,0.3253012048192771,0.4267563914962094
2025-03-27,GOOG,0,0.4037430110083193,0.3548707753479125,0.44754067729228697
2025-03-27,AAPL,0,0.5844486481915169,0.3958333333333333,0.5876081756443228
2025-03-28,META,0,0.2973937072206118,0.3548707753479125,0.37507550276545215
2025-03-28,GOOG,0,0.2863163617258377,0.07317073170731707,0.3960982010159808
2025-03-28,MSFT,0,0.3406426388227736,0.3548707753479125,0.37725858341027246
2025-03-28,AMZN,0,0.2923951187521831,0.3548707753479125,0.4234173901045042
2025-03-28,AAPL,0,0.42060032915469503,0.8918918918918919,0.5550576615206912
2025-03-31,MSFT,0,0.42942160702681953,0.3253012048192771,0.44128332469296083
2025-03-31,AAPL,0,0.6011755531287625,0.3958333333333333,0.6258850562784373
2025-03-31,META,0,0.44559595127571316,0.5409711684370258,0.4761086747179264
2025-03-31,GOOG,0,0.47806370296492157,0.3253012048192771,0.4853620444585012
2025-03-31,AMZN,0,0.3997449405901487,0.3548707753479125,0.45514927661793825
2025-04-01,AMZN,0,0.47804131272205136,0.6048225050234427,0.5673748491488501
2025-04-01,AAPL,0,0.5209290583126366,0.3958333333333333,0.5699285160108081
2025-04-01,GOOG,0,0.5198052871620648,0.4943609022556391,0.5533514796156952
2025-04-01,MSFT,1,0.5312998751448141,0.4943609022556391,0.44836717068061
2025-04-01,META,0,0.4927806389736221,0.6048225050234427,0.56267569062953
2025-04-02,META,0,0.40629750927065994,0.5409711684370258,0.544939260210074
2025-04-02,AMZN,0,0.5214214530765718,0.6048225050234427,0.5514891441509253
2025-04-02,MSFT,1,0.457155997157779,0.3253012048192771,0.40012627767530357
2025-04-02,AAPL,0,0.5035631585894086,0.3958333333333333,0.5644334493169716
2025-04-02,GOOG,0,0.4614152783074874,0.3253012048192771,0.5021486104998358
2025-04-03,AMZN,0,0.14481100551011042,0.07317073170731707,0.3281674860386496
2025-04-03,GOOG,0,0.3255670673557112,0.3548707753479125,0.41457924374778166
2025-04-03,MSFT,1,0.3813100459097425,0.8918918918918919,0.5313649300535909
2025-04-03,META,0,0.13820732284535434,0.07317073170731707,0.22987610967761263
2025-04-03,AAPL,0,0.1577944128844047,0.07317073170731707,0.30364414660834776
2025-04-04,AAPL,0,0.22824643900175945,0.07317073170731707,0.32396477954777525
2025-04-04,META,1,0.28010673284290544,0.07317073170731707,0.28184330002267877
2025-04-04,GOOG,1,0.39757177858098625,0.3548707753479125,0.5160190873834091
2025-04-04,AMZN,0,0.3274556159740501,0.3548707753479125,0.428388827363577
2025-04-04,MSFT,1,0.35881227027045515,0.8918918918918919,0.619092813621192
2025-04-07,GOOG,1,0.5745248692818127,1.0,0.5929487365436286
2025-04-07,AAPL,0,0.35910701890544716,0.3548707753479125,0.4320206144761428
2025-04-07,AMZN,1,0.6074251088974398,0.4943609022556391,0.5831637661436785
2025-04-07,MSFT,1,0.4920826330806861,1.0,0.6588852382298493
2025-04-07,META,1,0.5630886964313088,0.4943609022556391,0.5340849317541633
2025-04-08,AMZN,1,0.3842297069601892,0.3548707753479125,0.4412591774417189
2025-04-08,MSFT,1,0.46534310345550306,1.0,0.6129684034118296
2025-04-08,GOOG,0,0.4424323270504804,0.8918918918918919,0.5093217659662473
2025-04-08,AAPL,1,0.29686347805300406,0.07317073170731707,0.3470349562530345
2025-04-08,META,1,0.40405455800180207,0.3253012048192771,0.414891347059674
2025-04-09,AMZN,1,0.8526096674621781,0.6048225050234427,0.5613991190463427
2025-04-09,META,1,0.8766906410990868,0.6048225050234427,0.623542188188561
2025-04-09,GOOG,1,0.8276755705750388,0.3958333333333333,0.6421838238212174
2025-04-09,AAPL,1,0.8987361610097383,0.4943609022556391,0.5578616547708071
2025-04-09,MSFT,1,0.8259693740614433,0.3958333333333333,0.6376063932900089
2025-04-10,AAPL,0,0.3092149488834439,0.3548707753479125,0.3835296631826896
2025-04-10,AMZN,0,0.2999188414289702,0.07317073170731707,0.3896476030641454
2025-04-10,GOOG,0,0.36688974329141494,0.3548707753479125,0.4655760851785565
2025-04-10,MSFT,1,0.39529483677191607,0.8918918918918919,0.6051307003123158
2025-04-10,META,0,0.20696106512409154,0.07317073170731707,0.27437169597975314
2025-04-11,MSFT,1,0.5834756597394782,1.0,0.6185452905784916
2025-04-11,AMZN,1,0.6037614028102669,0.4943609022556391,0.5556485362859499
2025-04-11,META,1,0.4629733567381823,0.3253012048192771,0.3481626750906506
2025-04-11,AAPL,1,0.656984730443108,0.4943609022556391,0.4996685200870109
2025-04-11,GOOG,0,0.6304293609664788,0.3958333333333333,0.6099242945308445
2025-04-14,MSFT,1,0.5055572681911105,1.0,0.6379750364327839
2025-04-14,META,1,0.3886480620052967,0.3548707753479125,0.36907396523766395
2025-04-14,GOOG,0,0.5715335793907286,0.4943609022556391,0.5791945097280243
2025-04-14,AMZN,1,0.44860200610812334,0.3548707753479125,0.4534374362632319
2025-04-14,AAPL,1,0.5954252359043897,0.4943609022556391,0.46020024839375173
2025-04-15,AAPL,1,0.520334877890898,0.3253012048192771,0.40092763467686227
2025-04-15,AMZN,1,0.46414013225015255,0.3548707753479125,0.4473828512142154
2025-04-15,GOOG,0,0.4530778495145806,0.3548707753479125,0.4865706485347264
2025-04-15,MSFT,1,0.49517053917332476,1.0,0.6338062625481171
2025-04-15,META,1,0.40163395117185524,0.3548707753479125,0.36134820569041287
2025-04-16,AAPL,1,0.3049041990086372,0.3548707753479125,0.35993550222145515
2025-04-16,AMZN,1,0.35723873035006837,0.3548707753479125,0.43442948124401815
2025-04-16,GOOG,1,0.40459518641089726,0.3548707753479125,0.471304073038797
2025-04-16,MSFT,1,0.32851177807724335,0.8918918918918919,0.5274815718229618
2025-04-16,META,1,0.2775176345830432,0.3548707753479125,0.3733067646483756
2025-04-17,MSFT,1,0.4519019204161622,1.0,0.6173231223482945
2025-04-17,META,1,0.44727635585867886,0.3253012048192771,0.41795193902490296
2025-04-17,AAPL,1,0.5273641221661158,0.4943609022556391,0.45225604100676536
2025-04-17,GOOG,1,0.4524218650384019,0.3548707753479125,0.49463664481033975
2025-04-17,AMZN,1,0.46586304301787046,0.3253012048192771,0.4628644389184972
2025-04-21,GOOG,1,0.4094941478469548,0.3548707753479125,0.47037491053006003
2025-04-21,AAPL,1,0.37287134266128313,0.3548707753479125,0.37943806520103224
2025-04-21,MSFT,1,0.3944291042049922,0.8918918918918919,0.6072200040278851
2025-04-21,AMZN,1,0.38077982145486394,0.3548707753479125,0.433449903107692
2025-04-21,META,1,0.3296246206910749,0.3548707753479125,0.39072376997105257
2025-04-22,AAPL,1,0.5646385703656776,0.4943609022556391,0.39221094661207007
2025-04-22,GOOG,1,0.6095541061853867,1.0,0.6407495887340907
2025-04-22,MSFT,1,0.5786688565313931,1.0,0.6700944851649767
2025-04-22,META,1,0.6031535684562661,0.4943609022556391,0.5470338365532815
2025-04-22,AMZN,1,0.65233878688796,0.4943609022556391,0.5847757823493164
2025-04-23,AAPL,0,0.5127136694426779,0.4943609022556391,0.3844473202236662
2025-04-23,META,1,0.6316009815396707,0.4943609022556391,0.5313589633087048
2025-04-23,MSFT,1,0.5801849706513013,1.0,0.7152893348645892
2025-04-23,AMZN,1,0.6780245475049276,0.4943609022556391,0.584107043192695
2025-04-23,GOOG,1,0.6017778744174621,0.3958333333333333,0.6268293355391152
2025-04-24,MSFT,1,0.6421838379178927,1.0,0.6805763291871496
2025-04-24,META,1,0.5813591237553973,0.4943609022556391,0.5416686074624198
2025-04-24,AMZN,1,0.6418199476090086,0.4943609022556391,0.5601018707522716
2025-04-24,AAPL,0,0.4987410091967774,0.4943609022556391,0.3684673837852182
2025-04-24,GOOG,1,0.597363873116401,0.3958333333333333,0.5959214422168465
2025-04-25,MSFT,1,0.5444127660057,1.0,0.6026470882828608
2025-04-25,AMZN,1,0.5550195496243678,0.4943609022556391,0.5515977636216564
2025-04-25,AAPL,0,0.42652053777193916,0.4943609022556391,0.36097279022542267
2025-04-25,META,1,0.56945732529767,0.4943609022556391,0.5487353954341877
2025-04-25,GOOG,1,0.5579264732119752,0.3958333333333333,0.602057599380005
2025-04-28,GOOG,1,0.4660077895772939,0.3958333333333333,0.5127487481655202
2025-04-28,MSFT,1,0.4972475329207001,1.0,0.6056159333669481
2025-04-28,AMZN,1,0.49355078267808666,0.5409711684370258,0.49856140741510613
2025-04-28,META,1,0.49885116881448627,0.4943609022556391,0.5231018001542596
2025-04-28,AAPL,0,0.44447712146133267,0.4943609022556391,0.36964642588716673
2025-04-29,GOOG,1,0.484886967031518,0.3958333333333333,0.533700323045254
2025-04-29,META,1,0.4941874155993126,0.4943609022556391,0.5528992035736205
2025-04-29,AMZN,1,0.4936565455455514,0.5409711684370258,0.5381649420616416
2025-04-29,AAPL,0,0.4352154465946237,0.4943609022556391,0.3884870235900138
2025-04-29,MSFT,1,0.5308272820750736,1.0,0.5963726585630137
2025-04-30,MSFT,1,0.5001177895604316,1.0,0.5982033667833628
2025-04-30,AAPL,0,0.4273218882215209,0.4943609022556391,0.3928145581713953
2025-04-30,META,1,0.39985223135160197,0.3253012048192771,0.4875889219168153
2025-04-30,AMZN,1,0.413654447326888,0.3548707753479125,0.4452476500437539
2025-04-30,GOOG,1,0.45425784417320175,0.3958333333333333,0.5309055918579881
2025-05-01,GOOG,1,0.5314845457197015,0.3958333333333333,0.6348843652748168
2025-05-01,MSFT,1,0.7368379148720616,0.6048225050234427,0.6038666131340286
2025-05-01,META,1,0.5941619529513756,0.30392156862745096,0.5809039031851821
2025-05-01,AAPL,0,0.40303352173042234,0.30392156862745096,0.3885307057384818
2025-05-01,AMZN,1,0.5855795056507915,0.6048225050234427,0.5878627124695401
2025-05-02,AAPL,0,0.25523651069960707,0.3548707753479125,0.3036312546083024
2025-05-02,GOOG,1,0.5511953865283303,0.3958333333333333,0.6308478670639599
2025-05-02,MSFT,1,0.534601294768972,0.6048225050234427,0.582935307314134
2025-05-02,AMZN,1,0.44675707244590124,0.3253012048192771,0.5241681977658622
2025-05-02,META,1,0.5660753226529367,0.6048225050234427,0.5626441546393921
2025-05-05,AMZN,1,0.371990414387713,0.3548707753479125,0.4501082312032758
2025-05-05,META,1,0.40623085583797885,0.5409711684370258,0.5415899180962459
2025-05-05,GOOG,0,0.4763914552961683,1.0,0.5415287465445999
2025-05-05,AAPL,0,0.2680522584843738,0.3548707753479125,0.3034048255680916
2025-05-05,MSFT,1,0.4537627935243685,0.5409711684370258,0.5259307470372643
2025-05-06,AAPL,0,0.38639822589187567,0.3253012048192771,0.41677243838176664
2025-05-06,MSFT,1,0.44486243048448953,0.5409711684370258,0.5168080502014846
2025-05-06,META,1,0.3362882757636115,0.3548707753479125,0.5003811430781906
2025-05-06,AMZN,1,0.4423145236038983,0.3253012048192771,0.4755232188728869
2025-05-06,GOOG,0,0.47032512071216537,0.3958333333333333,0.5481400890349339
2025-05-07,GOOG,0,0.20816668992524714,0.27586206896551724,0.4080082594601673
2025-05-07,MSFT,1,0.4831316113231703,0.5409711684370258,0.5241984442083948
2025-05-07,AAPL,0,0.3564718433069554,0.3253012048192771,0.3760831101430134
2025-05-07,META,1,0.5004912060827275,0.4426229508196721,0.5798901130696503
2025-05-07,AMZN,1,0.5482351459000877,0.4943609022556391,0.5638115803662406
2025-05-08,MSFT,1,0.5085424286751656,0.6048225050234427,0.5955219477509929
2025-05-08,GOOG,1,0.5793341810987902,1.0,0.6425663671558
2025-05-08,META,1,0.4391623096785641,0.5409711684370258,0.5675123098946738
2025-05-08,AMZN,1,0.5337455850763471,0.4943609022556391,0.5652552335479641
2025-05-08,AAPL,1,0.4369484710505956,0.4943609022556391,0.4596139413766923
2025-05-09,AMZN,1,0.4761780961309696,0.4943609022556391,0.5412894878752952
2025-05-09,META,1,0.38136624451476325,0.5409711684370258,0.5249537234251914
2025-05-09,GOOG,1,0.454949615512949,1.0,0.46169081255295424
2025-05-09,MSFT,1,0.4562557961778365,0.5409711684370258,0.5176871785834876
2025-05-09,AAPL,0,0.4577335298097234,0.4943609022556391,0.3747122437781232
2025-05-12,AMZN,1,0.7500374175854344,0.6048225050234427,0.5972611628950346
2025-05-12,META,1,0.7140867055926681,0.4426229508196721,0.5938731138400122
2025-05-12,MSFT,1,0.5534347639336339,0.6048225050234427,0.5878338057823451
2025-05-12,AAPL,0,0.693101801454819,0.4943609022556391,0.45212074718905804
2025-05-12,GOOG,1,0.6124014128660611,1.0,0.6151787168783622
2025-05-13,AAPL,0,0.4925103188044855,0.4943609022556391,0.42351485198930666
2025-05-13,AMZN,1,0.504312002944666,0.6048225050234427,0.575405728555117
2025-05-13,META,1,0.523289405684138,0.4426229508196721,0.5894428024211333
2025-05-13,GOOG,1,0.5049118285088325,1.0,0.586709752876753
2025-05-13,MSFT,1,0.45927055379870313,0.5409711684370258,0.5105565973274728
2025-05-14,AAPL,0,0.4559956766766039,0.3253012048192771,0.3782088774923794
2025-05-14,MSFT,1,0.5044020676378351,0.6048225050234427,0.5803322793396966
2025-05-14,GOOG,1,0.6554145865435946,1.0,0.49831847925339906
2025-05-14,META,1,0.44755219429356136,0.5409711684370258,0.582555754496911
2025-05-14,AMZN,0,0.4265883005603017,0.5409711684370258,0.5091746922894274
2025-05-15,AAPL,0,0.46176540346544576,0.3253012048192771,0.383195395077447
2025-05-15,MSFT,1,0.48553318907686455,0.5409711684370258,0.5325879956784074
2025-05-15,GOOG,1,0.4642709735629222,1.0,0.4221111846057016
2025-05-15,META,1,0.35415024194739586,0.3548707753479125,0.4424856365061964
2025-05-15,AMZN,0,0.35834041691000346,0.3548707753479125,0.41982133962953283
2025-05-16,MSFT,1,0.4946039090643899,0.5409711684370258,0.5424920630764514
2025-05-16,AAPL,0,0.4814467081163415,0.3253012048192771,0.4790133916898675
2025-05-16,GOOG,1,0.5553862715370383,1.0,0.5052383359077012
2025-05-16,META,1,0.4570683646612554,0.5409711684370258,0.5453739146122879
2025-05-16,AMZN,1,0.4727681452493635,0.3253012048192771,0.48634340320491604
2025-05-19,AAPL,0,0.4136503676417988,0.3253012048192771,0.4577643218071561
2025-05-19,META,1,0.45565403749393996,0.5409711684370258,0.5225482565978673
2025-05-19,MSFT,1,0.5273415446760732,0.6048225050234427,0.5843479277660277
2025-05-19,GOOG,1,0.5059789105388514,1.0,0.4814818436117224
2025-05-19,AMZN,1,0.4400841590198594,0.30392156862745096,0.4675108021693126
2025-05-20,META,1,0.43849643041550723,0.5409711684370258,0.5125838700475059
2025-05-20,MSFT,1,0.4954386538238006,0.5409711684370258,0.5197326260059951
2025-05-20,AMZN,1,0.39747368945306977,0.3253012048192771,0.4558828518578198
2025-05-20,GOOG,1,0.4402500765240006,0.3548707753479125,0.39871933677403026
2025-05-20,AAPL,0,0.4231102275109144,0.3253012048192771,0.44948604079876625
2025-05-21,GOOG,0,0.6156340723685042,0.3958333333333333,0.5651888334527042
2025-05-21,AMZN,1,0.40039310937112765,0.3548707753479125,0.45614905243717824
2025-05-21,META,1,0.46920986471471093,0.5409711684370258,0.5222150117523823
2025-05-21,AAPL,0,0.38145893407550685,0.3548707753479125,0.42798707965284
2025-05-21,MSFT,1,0.46441190734392435,0.5409711684370258,0.4657413034433794
2025-05-22,META,1,0.5065017532831053,0.5409711684370258,0.5269334846189584
2025-05-22,AMZN,1,0.5181449685694799,0.6048225050234427,0.579914595161569
2025-05-22,AAPL,0,0.4657635489832055,0.3253012048192771,0.4551457421975932
2025-05-22,GOOG,0,0.5433063107482362,0.3958333333333333,0.5386880347213874
2025-05-22,MSFT,1,0.5419537999686334,0.5409711684370258,0.570363056716187
2025-05-23,META,1,0.4403709610127312,0.3548707753479125,0.4486173843162917
2025-05-23,GOOG,0,0.4326528035967154,0.8918918918918919,0.46109131443707246
2025-05-23,MSFT,1,0.47848317429590775,0.5409711684370258,0.5013053461500638
2025-05-23,AMZN,1,0.43098104065117593,0.3253012048192771,0.4638881510894109
2025-05-23,AAPL,0,0.3623284550486741,0.3548707753479125,0.39511815297780717
2025-05-27,MSFT,1,0.6183808799605237,0.6048225050234427,0.5744290759574378
2025-05-27,AMZN,1,0.5834920681633016,0.6048225050234427,0.5724639373582934
2025-05-27,META,1,0.6084360915818069,0.4426229508196721,0.5766050714478194
2025-05-27,GOOG,0,0.5966259388466189,0.3958333333333333,0.544753001544862
2025-05-27,AAPL,1,0.5940940811198319,0.4943609022556391,0.5505023559452519
2025-05-28,AAPL,0,0.4892309476355318,0.3253012048192771,0.45177018040472255
2025-05-28,META,1,0.5350226162184226,0.5409711684370258,0.5313080889847588
2025-05-28,AMZN,1,0.4698591903019421,0.5409711684370258,0.5261842332843587
2025-05-28,GOOG,0,0.49342130163965375,0.5409711684370258,0.5406919986760973
2025-05-28,MSFT,1,0.5015756289255032,0.5409711684370258,0.5076446195670502
2025-05-29,MSFT,1,0.5512231051404707,0.5409711684370258,0.5331658828417489
2025-05-29,AMZN,1,0.5247093108345781,0.5409711684370258,0.5682166713354314
2025-05-29,META,1,0.5421353214351045,0.5409711684370258,0.5272153417207586
2025-05-29,AAPL,0,0.48026505934046076,0.3253012048192771,0.45427290388452013
2025-05-29,GOOG,1,0.48553982151023617,0.5409711684370258,0.5498844943444864
2025-05-30,GOOG,1,0.48999299488159775,0.5409711684370258,0.5466502557026206
2025-05-30,AAPL,1,0.5099582444700702,0.4943609022556391,0.5028885299138705
2025-05-30,AMZN,1,0.4894538019641776,0.5409711684370258,0.525952776524507
2025-05-30,META,1,0.5572417995769641,0.5409711684370258,0.5485890789159154
2025-05-30,MSFT,1,0.5601788313043847,0.5409711684370258,0.5352416289273091
2025-06-02,AAPL,1,0.5140622445839481,0.4943609022556391,0.4921122811822896
2025-06-02,GOOG,0,0.4383347729626259,0.8918918918918919,0.47586927992187233
2025-06-02,AMZN,1,0.5325172046410874,0.4943609022556391,0.5415127633456139
2025-06-02,META,1,0.6878635609741938,0.4426229508196721,0.5983215332537033
2025-06-02,MSFT,1,0.5589885835621454,0.5409711684370258,0.5418278122920414
2025-06-03,AMZN,1,0.4725373973864082,0.5409711684370258,0.5274866119580062
2025-06-03,GOOG,1,0.4308701017525257,0.8918918918918919,0.44268653097615557
2025-06-03,META,1,0.5107451587998286,0.5409711684370258,0.5163507737685656
2025-06-03,MSFT,1,0.5470006294466484,0.5409711684370258,0.5316929959165508
2025-06-03,AAPL,1,0.5062720298149872,0.4943609022556391,0.5045829095080374
2025-06-04,META,1,0.6709064486586643,0.4426229508196721,0.585710777970466
2025-06-04,AAPL,1,0.4590792731746684,0.3253012048192771,0.4621176142666851
2025-06-04,AMZN,1,0.5347356360792875,0.4943609022556391,0.5471434573540107
2025-06-04,MSFT,1,0.5586871613613147,0.5409711684370258,0.5312840603165206
2025-06-04,GOOG,1,0.5459416244004142,0.3958333333333333,0.5365874324998121
2025-06-05,MSFT,1,0.5768396165644148,0.6048225050234427,0.571080447316908
2025-06-05,AMZN,1,0.5099375052289429,0.4943609022556391,0.5093276037578673
2025-06-05,GOOG,1,0.5108579953812921,0.3958333333333333,0.5081679651432488
2025-06-05,AAPL,1,0.42457941632159424,0.3253012048192771,0.43810242979966363
2025-06-05,META,1,0.5134641666466231,0.5409711684370258,0.5243338903527099
2025-06-06,MSFT,1,0.5636225191230249,0.6048225050234427,0.5690686012598895
2025-06-06,AMZN,1,0.6103026145601915,0.6048225050234427,0.5819150822543082
2025-06-06,AAPL,1,0.5379867259526245,0.4943609022556391,0.5241662733311078
2025-06-06,META,1,0.609003713553357,0.4426229508196721,0.577859908807428
2025-06-06,GOOG,1,0.6244633343592706,0.6048225050234427,0.5957099205881806
2025-06-09,MSFT,1,0.5492765283860067,0.5409711684370258,0.5687696590771338
2025-06-09,META,1,0.48623644894059564,0.5409711684370258,0.5159278416468271
2025-06-09,AAPL,1,0.40914565035048944,1.0,0.3705551386045678
2025-06-09,AMZN,1,0.5537897631600796,0.4943609022556391,0.5364257038907795
2025-06-09,GOOG,0,0.5694830501651144,0.6048225050234427,0.5927213852508736
2025-06-10,GOOG,0,0.5696642487792484,0.6048225050234427,0.5955644882350566
2025-06-10,AMZN,1,0.5060818660834415,0.4943609022556391,0.49761175648692685
2025-06-10,MSFT,1,0.5086005927812498,0.5409711684370258,0.527784696208151
2025-06-10,AAPL,1,0.47747948159532977,0.4943609022556391,0.41988666967106025
2025-06-10,META,1,0.5744398633025866,0.4426229508196721,0.5734622636517339
2025-06-11,AMZN,1,0.4072815825182699,0.3548707753479125,0.4107128258070236
2025-06-11,GOOG,0,0.4875525922126452,0.5409711684370258,0.519412642198381
2025-06-11,META,0,0.4624624179315333,0.5409711684370258,0.46245182948812763
2025-06-11,MSFT,1,0.5416373640916139,0.5409711684370258,0.5554100030206793
2025-06-11,AAPL,1,0.37929952890635943,0.3548707753479125,0.357646996508941
2025-06-12,META,1,0.5072273927962044,0.5409711684370258,0.534469773485632
2025-06-12,AMZN,1,0.4885156507733852,0.3253012048192771,0.4800890808246109
2025-06-12,MSFT,1,0.571653768712495,0.6048225050234427,0.5807650680166639
2025-06-12,AAPL,1,0.4613257922783381,0.3253012048192771,0.3888187085057809
2025-06-12,GOOG,0,0.4714770944040327,0.5409711684370258,0.5243279300270786
2025-06-13,MSFT,1,0.4869647765990169,0.5409711684370258,0.5267531292492129
2025-06-13,AMZN,1,0.4569390910724808,0.3253012048192771,0.48290706647835413
2025-06-13,META,1,0.4442614640079524,0.3548707753479125,0.4139589755157592
2025-06-13,AAPL,1,0.38952592120260016,0.3548707753479125,0.3595225545106453
2025-06-13,GOOG,1,0.47051757429048585,1.0,0.49100529516689684
2025-06-16,AAPL,1,0.49065748704923967,0.4943609022556391,0.4242898337048811
2025-06-16,AMZN,1,0.5363395482869545,0.4943609022556391,0.5063621575693747
2025-06-16,MSFT,1,0.5516162461268355,0.6048225050234427,0.5794494624811516
2025-06-16,GOOG,1,0.5224955466644915,1.0,0.5166142051715831
2025-06-16,META,1,0.6195682095616148,0.4426229508196721,0.5656256249869912
2025-06-17,AAPL,1,0.38085637923448395,0.3548707753479125,0.3542048806095089
2025-06-17,MSFT,1,0.5016355691779121,0.5409711684370258,0.5382251095292881
2025-06-17,AMZN,1,0.42762347469710377,0.3253012048192771,0.4829864988304362
2025-06-17,META,0,0.4557066809160536,0.5409711684370258,0.5134467082818215
2025-06-17,GOOG,1,0.449804514420018,1.0,0.5295011690940408
2025-06-18,AMZN,1,0.42357753648697033,0.3253012048192771,0.46562116460972464
2025-06-18,AAPL,1,0.46333060560756234,0.4943609022556391,0.411806471940972
2025-06-18,GOOG,1,0.4042957632061919,0.5,0.47343789218815646
2025-06-18,META,0,0.4877335147098298,0.5409711684370258,0.5289116993624323
2025-06-18,MSFT,1,0.5312407675875068,0.5409711684370258,0.5706917265824348
2025-06-20,GOOG,1,0.33056947343719145,0.8918918918918919,0.4173148861041789
2025-06-20,AAPL,1,0.5202744686787217,0.4943609022556391,0.4176659126733044
2025-06-20,AMZN,1,0.405362330835071,0.3548707753479125,0.42415128471084995
2025-06-20,MSFT,1,0.47450655450715584,0.5409711684370258,0.5336413692366799
2025-06-20,META,1,0.41497806588983294,0.3548707753479125,0.4025585479010243
2025-06-23,AAPL,1,0.44062798802763486,0.3253012048192771,0.38928302301239853
2025-06-23,AMZN,1,0.4441297210531244,0.3253012048192771,0.4613780640655973
2025-06-23,MSFT,1,0.5777407861417099,0.6048225050234427,0.5770232920369794
2025-06-23,GOOG,1,0.4475817332364998,1.0,0.4567516749562886
2025-06-23,META,1,0.6104300519049358,0.4426229508196721,0.5676419317549329
2025-06-24,AAPL,1,0.40817145392990806,0.3253012048192771,0.38398313562550096
2025-06-24,GOOG,1,0.5417251955398436,1.0,0.5432216256179689
2025-06-24,MSFT,1,0.5431582106561644,0.6048225050234427,0.5749956994237787
2025-06-24,META,1,0.5984641418532302,0.4426229508196721,0.5813472260112367
2025-06-24,AMZN,1,0.5656559437449115,0.4943609022556391,0.5270829947958025
2025-06-25,GOOG,1,0.5907950914763612,1.0,0.5659718688555021
2025-06-25,MSFT,1,0.5289742752296956,0.5409711684370258,0.54591608177857
2025-06-25,META,0,0.5058791413383127,0.5409711684370258,0.5232571505585146
2025-06-25,AMZN,1,0.4661566299801611,0.3253012048192771,0.5051920854594542
2025-06-25,AAPL,1,0.46501161189973256,0.4943609022556391,0.41946556038342486
2025-06-26,META,0,0.6287544165696533,0.4426229508196721,0.582885730490726
2025-06-26,GOOG,1,0.565103697918445,1.0,0.5501302245153691
2025-06-26,AAPL,1,0.42098340563475345,0.3253012048192771,0.3840329115447112
2025-06-26,MSFT,1,0.550266811236958,0.6048225050234427,0.5840235760081485
2025-06-26,AMZN,1,0.5802230711982135,0.4943609022556391,0.5124359239789374
2025-06-27,GOOG,1,0.5895148337447695,1.0,0.5430560955847727
2025-06-27,AAPL,1,0.4251162696620848,0.3253012048192771,0.3890317885775504
2025-06-27,MSFT,1,0.4977078925837754,0.5409711684370258,0.5347630830070751
2025-06-27,META,0,0.5731623140918671,0.4426229508196721,0.5856973289637584
2025-06-27,AMZN,1,0.6003677229950555,0.4943609022556391,0.5399404134386139
2025-06-30,AMZN,1,0.3993955059795635,0.3548707753479125,0.3966597989117633
2025-06-30,AAPL,1,0.49306174584976836,0.4943609022556391,0.40697127266585925
2025-06-30,META,0,0.531744983293166,0.4426229508196721,0.5965324987441798
2025-06-30,GOOG,1,0.4687297260930775,1.0,0.5317227055791222
2025-06-30,MSFT,1,0.5053572011097834,0.5409711684370258,0.5524438104655057
2025-07-01,GOOG,1,0.47351336362287055,1.0,0.5275017835608881
2025-07-01,MSFT,1,0.44176428143858254,0.5409711684370258,0.47633511656445043
2025-07-01,AAPL,1,0.4676434087527186,0.4943609022556391,0.397611144186974
2025-07-01,META,0,0.39168004901694575,0.3548707753479125,0.37688007210210095
2025-07-01,AMZN,1,0.4827989270695715,0.4943609022556391,0.4868339046882945
2025-07-02,AAPL,0,0.5049379725252453,0.4943609022556391,0.3901674677925099
2025-07-02,MSFT,1,0.48590164799616226,0.5409711684370258,0.5465123204077801
2025-07-02,AMZN,1,0.4602903497654576,0.3253012048192771,0.4964393180258477
2025-07-02,META,1,0.4767965606922112,0.5409711684370258,0.5220027940977043
2025-07-02,GOOG,1,0.5461601537038356,1.0,0.5375095348010023
2025-07-03,GOOG,1,0.4896371907179718,1.0,0.5074572602489902
2025-07-03,AAPL,0,0.4405847204221496,0.4943609022556391,0.4027777535654461
2025-07-03,MSFT,1,0.5560917456541735,0.6048225050234427,0.5836261338081261
2025-07-03,AMZN,0,0.53191369792378,0.6048225050234427,0.5728201335076825
2025-07-03,META,1,0.5306395676430369,0.4426229508196721,0.5785633286086038
2025-07-07,AMZN,0,0.43755289422515187,0.5409711684370258,0.5406217031901478
2025-07-07,GOOG,1,0.3874059521650437,0.5,0.466275497925752
2025-07-07,META,1,0.4721909017509218,0.5409711684370258,0.5429718342757741
2025-07-07,MSFT,1,0.4744435144428671,0.5409711684370258,0.532559032101526
2025-07-07,AAPL,0,0.33807446552810955,0.3548707753479125,0.3162384847885894
2025-07-08,AAPL,0,0.38410948057141436,0.3253012048192771,0.36274926667690116
2025-07-08,META,1,0.45613767325314974,0.5409711684370258,0.5993641861076974
2025-07-08,AMZN,0,0.35369445669894944,0.3548707753479125,0.4361231468674851
2025-07-08,GOOG,1,0.3919858576511358,0.3548707753479125,0.42377782325695695
2025-07-08,MSFT,1,0.46153716110450654,0.5409711684370258,0.5858154813638126
2025-07-09,GOOG,1,0.509831682316871,1.0,0.5004751447262904
2025-07-09,MSFT,1,0.5294411913009374,0.6048225050234427,0.6309298358328204
2025-07-09,AAPL,0,0.3935365278062177,0.4943609022556391,0.3865739831131162
2025-07-09,AMZN,0,0.48888508853805157,0.4943609022556391,0.5486399709788161
2025-07-09,META,1,0.5264487259111142,0.4426229508196721,0.6330853874193096
2025-07-10,META,0,0.4116860845513528,0.5409711684370258,0.6030736049491985
2025-07-10,AMZN,0,0.41409666631547687,0.3253012048192771,0.5069535387986652
2025-07-10,MSFT,1,0.44945402789001637,0.5409711684370258,0.6091665637992155
2025-07-10,GOOG,1,0.45456498596272404,1.0,0.500038851505542
2025-07-10,AAPL,1,0.374653707435492,0.4943609022556391,0.39236672383189936
2025-07-11,META,1,0.41873934721632905,0.3548707753479125,0.4467961336720267
2025-07-11,AAPL,1,0.3753223755402752,0.3253012048192771,0.3568860291033939
2025-07-11,GOOG,1,0.5147111091778922,1.0,0.5279578251898
2025-07-11,MSFT,1,0.5035056502616407,0.5409711684370258,0.5593398057178081
2025-07-11,AMZN,0,0.4875654991800924,0.4426229508196721,0.5687370477618664
2025-07-14,AAPL,1,0.35109156337653274,1.0,0.3482687605041178
2025-07-14,GOOG,1,0.4864492144128245,1.0,0.5274285322126719
2025-07-14,MSFT,1,0.4758093712858436,0.5409711684370258,0.5456632596035221
2025-07-14,AMZN,0,0.4321629975652987,0.5409711684370258,0.5564136148495524
2025-07-14,META,1,0.4831188158998108,0.5409711684370258,0.5869816554968768
2025-07-15,AAPL,1,0.43261475789820486,0.3253012048192771,0.36864148668259994
2025-07-15,AMZN,0,0.44999109650591196,0.5409711684370258,0.5583365807432212
2025-07-15,META,1,0.39039591197688317,0.3548707753479125,0.4479619905781145
2025-07-15,GOOG,1,0.4748623234828079,1.0,0.5233524610606302
2025-07-15,MSFT,1,0.5124036332935399,0.6048225050234427,0.5975236853573691
2025-07-16,MSFT,1,0.48076300399920346,0.5409711684370258,0.5456632596035221
2025-07-16,AAPL,1,0.4520143830297528,0.4943609022556391,0.3866094826886892
2025-07-16,AMZN,0,0.3708868110332242,0.3548707753479125,0.44376446065908837
2025-07-16,META,1,0.39431967945465335,0.9069767441860465,0.5442777883602451
2025-07-16,GOOG,1,0.4810132496614735,0.3958333333333333,0.5195853966663487
2025-07-17,AAPL,1,0.42967869795720065,0.3253012048192771,0.36179110347505455
2025-07-17,AMZN,0,0.4410134885536308,0.5409711684370258,0.5618462138874212
2025-07-17,META,1,0.4369700413414162,0.5409711684370258,0.5696923830502125
2025-07-17,GOOG,1,0.4828444185517709,0.3958333333333333,0.539520777761652
2025-07-17,MSFT,1,0.535538572640261,0.6048225050234427,0.5906727594003546
2025-07-18,MSFT,0,0.4598712804470889,0.5409711684370258,0.5769948217523372
2025-07-18,META,1,0.44734577627145,0.5409711684370258,0.633165282641273
2025-07-18,AAPL,1,0.4493715894353797,0.4943609022556391,0.418796014221988
2025-07-18,GOOG,1,0.4692649278085207,1.0,0.5339122185147496
2025-07-18,AMZN,0,0.44659033589242964,0.4426229508196721,0.582818837268346
2025-07-21,AAPL,1,0.475130422759772,0.4943609022556391,0.44816848352304656
2025-07-21,GOOG,1,0.55069600603214,0.3958333333333333,0.5291459951240838
2025-07-21,META,1,0.4778196251498885,0.4426229508196721,0.62312036135434
2025-07-21,AMZN,0,0.46094553144298095,0.4426229508196721,0.5679096498441121
2025-07-21,MSFT,0,0.474392341147252,0.5409711684370258,0.5868069575804377
2025-07-22,META,1,0.37391559261917723,0.9069767441860465,0.5663443554554738
2025-07-22,MSFT,0,0.4265547534396168,0.5409711684370258,0.5915080150794718
2025-07-22,AAPL,1,0.47836643324343053,0.4943609022556391,0.44660590106836956
2025-07-22,AMZN,0,0.35648679141964124,0.5409711684370258,0.5227983727813238
2025-07-22,GOOG,1,0.44823163622949497,0.3958333333333333,0.5211076907167653
2025-07-23,META,1,0.47994817323063593,0.90625,0.6615816953037335
2025-07-23,GOOG,1,0.4250547414933001,1.0,0.48980879174288927
2025-07-23,AMZN,0,0.41513234098030766,0.4943609022556391,0.5147626839482583
2025-07-23,AAPL,1,0.4550126891387719,0.3253012048192771,0.4266239707058365
2025-07-23,MSFT,0,0.4782613440007886,0.5409711684370258,0.5865869096834941
2025-07-24,AAPL,1,0.4630078504809341,0.3253012048192771,0.4179821347690542
2025-07-24,AMZN,0,0.48374713917552026,0.4943609022556391,0.5277029225855465
2025-07-24,META,0,0.44508713692094865,0.9069767441860465,0.625507575053839
2025-07-24,MSFT,0,0.5041921948536323,0.6048225050234427,0.6132345887901041
2025-07-24,GOOG,1,0.48706857151548144,1.0,0.543100252297207
2025-07-25,META,1,0.419815670756283,0.9069767441860465,0.6004832687254904
2025-07-25,AAPL,1,0.47878584389141826,0.3253012048192771,0.4188434000167562
2025-07-25,MSFT,0,0.4996314286473276,0.6048225050234427,0.5877189836722397
2025-07-25,GOOG,1,0.4797572287307127,1.0,0.5295046794954017
2025-07-25,AMZN,0,0.40550567169072693,0.3253012048192771,0.4917989173403731
2025-07-28,META,1,0.45846819957774043,0.90625,0.6398657770995501
2025-07-28,AMZN,0,0.44528199619776465,0.4943609022556391,0.5374511846213731
2025-07-28,GOOG,1,0.43918599255888935,1.0,0.492261157698739
2025-07-28,MSFT,0,0.4718198707993153,0.5409711684370258,0.5512276767429402
2025-07-28,AAPL,1,0.48255810963600865,0.3253012048192771,0.42921182611650616
2025-07-29,AMZN,0,0.3948850334214508,0.3253012048192771,0.5012378254600204
2025-07-29,AAPL,1,0.4172080592167837,0.3548707753479125,0.33806724616984196
2025-07-29,GOOG,1,0.5299404580712914,0.6048225050234427,0.5679947152320154
2025-07-29,META,1,0.331897901058138,0.3548707753479125,0.46004298081010314
2025-07-29,MSFT,0,0.49241010965955795,0.5409711684370258,0.5535428987015627
2025-07-30,META,1,0.3915248819996003,0.9069767441860465,0.5778765448186793
2025-07-30,AMZN,0,0.4063233429889853,0.3253012048192771,0.48813383349717
2025-07-30,AAPL,1,0.4258704070657316,0.3253012048192771,0.34870086126545174
2025-07-30,GOOG,1,0.4855932221704012,0.5409711684370258,0.5559229347945955
2025-07-30,MSFT,0,0.4913117813956884,0.5409711684370258,0.5535428987015627
2025-07-31,MSFT,0,0.6444189873686945,0.6048225050234427,0.5684703853987813
2025-07-31,GOOG,1,0.36501565205669423,0.5,0.4415752214574639
2025-07-31,META,1,0.806463507074038,0.4426229508196721,0.6238654262007134
2025-07-31,AAPL,1,0.44484350947757956,0.3253012048192771,0.3446244474655944
2025-07-31,AMZN,0,0.4831149984339842,0.4943609022556391,0.5504022160144355
2025-08-01,MSFT,0,0.446759947073859,0.5,0.4206443514323178
2025-08-01,GOOG,1,0.39665374024153904,0.5,0.47148882963639877
2025-08-01,META,0,0.2944770393411413,0.3548707753479125,0.36402172790207243
2025-08-01,AAPL,1,0.3769570872249284,0.3548707753479125,0.31703976273822265
2025-08-01,AMZN,0,0.14115527112207057,0.07317073170731707,0.23309805538858439
2025-08-04,MSFT,0,0.6199211865959757,0.6048225050234427,0.5356443393970938
2025-08-04,META,0,0.5643831381766671,0.4426229508196721,0.5256275468323621
2025-08-04,AMZN,1,0.35936172704585184,0.3548707753479125,0.3855499366832204
2025-08-04,GOOG,1,0.5863373309360915,1.0,0.5457742148333269
2025-08-04,AAPL,1,0.4818861269166008,0.4943609022556391,0.40383541706671144
2025-08-05,AMZN,1,0.45727563422159245,0.4943609022556391,0.4637203639543671
2025-08-05,META,0,0.36066658262009144,0.3548707753479125,0.40367244276150305
2025-08-05,MSFT,0,0.47030097027539747,0.5,0.4184090234448692
2025-08-05,AAPL,1,0.45901118343841363,0.3253012048192771,0.36262520354917344
2025-08-05,GOOG,1,0.44783367099348775,1.0,0.5081667419889161
2025-08-06,AAPL,1,0.6569798912366032,0.4943609022556391,0.44256932442764196
2025-08-06,AMZN,1,0.5616262956807735,0.4943609022556391,0.5355462581699453
2025-08-06,GOOG,1,0.485243037384173,1.0,0.5424860531935627
2025-08-06,MSFT,0,0.5116826259606515,0.5409711684370258,0.5369861106695972
2025-08-06,META,0,0.47344862963679035,0.4426229508196721,0.5265935126738558
2025-08-07,MSFT,0,0.48329663525575034,0.5409711684370258,0.5043464960462044
2025-08-07,AAPL,1,0.5792390189956779,0.4943609022556391,0.5057472160290781
2025-08-07,META,0,0.32949356275105884,0.3548707753479125,0.4394731411109021
2025-08-07,GOOG,1,0.4708261234026333,0.5409711684370258,0.5303489620158816
2025-08-07,AMZN,1,0.4131838349344863,0.4943609022556391,0.49849266417813737
2025-08-08,GOOG,1,0.5798320777293332,0.6048225050234427,0.5807291785650793
2025-08-08,AMZN,1,0.43512400885503444,0.3253012048192771,0.46966236080131096
2025-08-08,META,0,0.4328325738747153,0.4426229508196721,0.5471380692383572
2025-08-08,MSFT,0,0.5375238178673285,0.5409711684370258,0.5437081684754905
2025-08-08,AAPL,1,0.6251111618059015,0.30392156862745096,0.5202369234434928
2025-08-11,MSFT,0,0.5191885160784315,0.5409711684370258,0.5050949587788149
2025-08-11,AAPL,1,0.42317546673408374,0.5409711684370258,0.4796541006245634
2025-08-11,AMZN,1,0.4364892046766813,0.3253012048192771,0.48294550754717663
2025-08-11,GOOG,1,0.46405032386966943,0.5409711684370258,0.5243933540952638
2025-08-11,META,0,0.3564753032055414,0.5409711684370258,0.5445690733958256
2025-08-12,AAPL,0,0.534907951136599,0.6048225050234427,0.560367607280213
2025-08-12,GOOG,1,0.5405480453616093,0.6048225050234427,0.5781775684245294
2025-08-12,MSFT,0,0.5889912787030201,0.6048225050234427,0.5565609167153208
2025-08-12,META,0,0.5428044163863818,0.6048225050234427,0.5465514624625043
2025-08-12,AMZN,1,0.49704974465677343,0.3253012048192771,0.4848803096877847
2025-08-13,MSFT,0,0.46519667862930125,0.5,0.41028400017765604
2025-08-13,AMZN,1,0.5319946651027864,0.4943609022556391,0.5023317408122027
2025-08-13,GOOG,1,0.46812235191356627,0.5409711684370258,0.5273979468557128
2025-08-13,META,0,0.36735631892589954,0.3548707753479125,0.4248239844695535
2025-08-13,AAPL,0,0.5305037767963423,0.6048225050234427,0.5555183534514764
2025-08-14,AAPL,0,0.43696652555062415,0.3253012048192771,0.46375259045663386
2025-08-14,MSFT,0,0.558360084067515,0.5409711684370258,0.5315580458656917
2025-08-14,GOOG,1,0.5219198280825601,0.5409711684370258,0.5414135822850354
2025-08-14,AMZN,0,0.5862762394547152,0.6048225050234427,0.5599690538704934
2025-08-14,META,0,0.43988889796998787,0.385395537525355,0.5028870195290659
2025-08-15,AAPL,0,0.40385519854963237,0.3253012048192771,0.4348933300435974
2025-08-15,AMZN,0,0.4593579694804147,0.5409711684370258,0.5177689317486007
2025-08-15,MSFT,0,0.523449412333802,0.5409711684370258,0.5146662101654675
2025-08-15,META,0,0.4373058519268549,0.385395537525355,0.5053889959875945
2025-08-15,GOOG,1,0.5132015172913446,0.6048225050234427,0.5729740626913653
2025-08-18,META,0,0.33182173938261106,0.3548707753479125,0.3929569158679126
2025-08-18,GOOG,1,0.4873079607274142,0.5409711684370258,0.5221758770830064
2025-08-18,AMZN,0,0.4720508449677755,0.5409711684370258,0.5320331361121273
2025-08-18,AAPL,1,0.4167657701406833,0.3253012048192771,0.45139174023217793
2025-08-18,MSFT,0,0.5187029697427016,0.5409711684370258,0.5191323705090702
2025-08-19,MSFT,0,0.4775364619412694,0.5,0.4390100291683218
2025-08-19,AMZN,0,0.4049878305856284,0.3548707753479125,0.4413397658618889
2025-08-19,GOOG,1,0.4620683852242966,0.5409711684370258,0.5198259695908727
2025-08-19,META,0,0.33693364834446127,0.3548707753479125,0.38434817464669035
2025-08-19,AAPL,1,0.42077703425649815,0.3253012048192771,0.45400132750040806
2025-08-20,MSFT,0,0.5083315590937806,0.5409711684370258,0.5064569160081634
2025-08-20,GOOG,1,0.45228108472310624,0.5409711684370258,0.5079805358549486
2025-08-20,AAPL,1,0.3410455507828342,0.3548707753479125,0.4007010776175055
2025-08-20,AMZN,0,0.383051462049411,0.3548707753479125,0.42230447496656126
2025-08-20,META,1,0.41238375727077936,0.5409711684370258,0.5050168245456506
2025-08-21,AMZN,1,0.4090170464561104,0.3253012048192771,0.4931360809769847
2025-08-21,META,1,0.381846585929456,0.5409711684370258,0.4414227218457368
2025-08-21,GOOG,1,0.4985120837175029,0.5409711684370258,0.5585673450850259
2025-08-21,MSFT,1,0.5297363398228195,0.5409711684370258,0.5197717790383789
2025-08-21,AAPL,1,0.3992023782777666,0.3253012048192771,0.4630421830451505
2025-08-22,AMZN,0,0.5724388247195011,0.6048225050234427,0.569119094956931
2025-08-22,META,1,0.5211974798885902,0.4426229508196721,0.5301478792087532
2025-08-22,MSFT,1,0.569430646224671,0.6048225050234427,0.5641972708262546
2025-08-22,AAPL,1,0.476944597524328,0.4943609022556391,0.4942895652898255
2025-08-22,GOOG,1,0.6156124206756254,0.6048225050234427,0.5810004173497008
2025-08-25,MSFT,0,0.5233041054126918,0.5409711684370258,0.5327117934243678
2025-08-25,AAPL,1,0.41202525177155547,0.3253012048192771,0.47378579532003834
2025-08-25,GOOG,1,0.542090144982213,0.6048225050234427,0.5814792681965186
2025-08-25,META,0,0.44073897969666015,0.5409711684370258,0.5126592927756589
2025-08-25,AMZN,0,0.42496163510441126,0.5409711684370258,0.5378420811742511
2025-08-26,AMZN,0,0.46501384428451065,0.5409711684370258,0.5449199330209576
2025-08-26,MSFT,0,0.5490670240224126,0.5409711684370258,0.5558371493532607
2025-08-26,GOOG,1,0.4877671572712845,0.5409711684370258,0.5313117877392544
2025-08-26,AAPL,1,0.47041979122078886,0.4943609022556391,0.49257428618605303
2025-08-26,META,0,0.47303780417906355,0.5409711684370258,0.5197933754590549
2025-08-27,META,0,0.4281950360158671,0.5409711684370258,0.5072793214549816
2025-08-27,AAPL,1,0.4694909660882446,0.4943609022556391,0.48598088111284077
2025-08-27,GOOG,1,0.5289645236582396,0.5409711684370258,0.5459849019409998
2025-08-27,MSFT,0,0.6043519253965477,0.6048225050234427,0.5728296927075611
2025-08-27,AMZN,0,0.4605693937736658,0.5409711684370258,0.533664998052476
2025-08-28,GOOG,1,0.6089084394340951,0.6048225050234427,0.5803580558534016
2025-08-28,META,0,0.5021540636184655,0.5409711684370258,0.5538625145106189
2025-08-28,AMZN,0,0.5065434106766711,0.4426229508196721,0.5457016224642569
2025-08-28,AAPL,1,0.49246423033612435,0.4943609022556391,0.5260852911178092
2025-08-28,MSFT,0,0.5924504281879862,0.6048225050234427,0.5677583403691717
2025-08-29,AAPL,1,0.4421178642119105,0.3253012048192771,0.4429396268624056
2025-08-29,GOOG,1,0.5339673920207694,0.6048225050234427,0.5879805340648896
2025-08-29,AMZN,0,0.3950065756816091,0.5409711684370258,0.4901803685036853
2025-08-29,META,0,0.4076983671493573,0.3548707753479125,0.42725306693944043
2025-08-29,MSFT,0,0.5417344190933289,0.5409711684370258,0.5614876779556556
2025-09-02,MSFT,1,0.5575763010460861,0.5409711684370258,0.5517640933988079
2025-09-02,AMZN,0,0.38233034515874675,0.3548707753479125,0.416888604110806
2025-09-02,GOOG,1,0.47704309205242557,0.5409711684370258,0.5198247571780904
2025-09-02,META,0,0.4700002958152826,0.5409711684370258,0.5212381507138086
2025-09-02,AAPL,1,0.417861181384764,0.3253012048192771,0.4516267781214719
2025-09-03,AMZN,0,0.4604352503255343,0.5409711684370258,0.5373108096844451
2025-09-03,META,0,0.5054096738964609,0.5409711684370258,0.544887489475827
2025-09-03,MSFT,1,0.5743603741489254,0.5409711684370258,0.5580227487599945
2025-09-03,GOOG,1,0.8045816887749068,0.6048225050234427,0.6053435006463687
2025-09-03,AAPL,1,0.6198637617711367,0.6048225050234427,0.5927734349906492
2025-09-04,AMZN,0,0.61248198293786,0.4426229508196721,0.5521204079127171
2025-09-04,META,0,0.5560868782257794,0.4426229508196721,0.5676528832382934
2025-09-04,GOOG,1,0.5173048675243851,0.6048225050234427,0.5728576677772532
2025-09-04,AAPL,1,0.49106461630598236,0.6048225050234427,0.5902385530884545
2025-09-04,MSFT,1,0.575246254061329,0.6048225050234427,0.571512138571915
2025-09-05,MSFT,1,0.4420371919518951,0.5,0.42640942348783833
2025-09-05,META,0,0.5168064295531258,0.5409711684370258,0.5673098600763216
2025-09-05,AAPL,1,0.46647917809887446,0.5409711684370258,0.5303914255515043
2025-09-05,AMZN,0,0.3841190873970714,0.3548707753479125,0.45602321300679316
2025-09-05,GOOG,1,0.5324409473980557,0.6048225050234427,0.5601429627396721
2025-09-08,GOOG,1,0.4856558632668217,0.385395537525355,0.44681806555302617
2025-09-08,AMZN,0,0.5239790341212632,0.4426229508196721,0.555700126383568
2025-09-08,META,0,0.5059315395905439,0.5409711684370258,0.5370184618103166
2025-09-08,AAPL,1,0.4429987233395476,0.3253012048192771,0.49793367099631247
2025-09-08,MSFT,1,0.5798188440555362,0.6048225050234427,0.5855186706001502
2025-09-09,MSFT,1,0.563070267570437,0.5409711684370258,0.5477422678754809
2025-09-09,META,0,0.5897243505972172,0.4426229508196721,0.5455068832262462
2025-09-09,AMZN,0,0.522177837303149,0.4426229508196721,0.5615459999505107
2025-09-09,GOOG,1,0.6248856937859775,0.6048225050234427,0.5141240104137875
2025-09-09,AAPL,1,0.4330715533920474,0.3548707753479125,0.4547038511583797
2025-09-10,META,0,0.4400078400625093,0.3548707753479125,0.41498409091684435
2025-09-10,GOOG,1,0.48650405062442265,0.385395537525355,0.4571417715921561
2025-09-10,AMZN,0,0.34587019668934615,0.3548707753479125,0.3677277352687466
2025-09-10,MSFT,1,0.5713766719459192,0.5409711684370258,0.5681126393900886
2025-09-10,AAPL,1,0.3558273340098329,0.3548707753479125,0.35612613659042297
2025-09-11,GOOG,0,0.5136479392600112,0.385395537525355,0.5044990808399499
2025-09-11,META,0,0.4992588651537917,0.5409711684370258,0.5475570694368116
2025-09-11,AAPL,1,0.5481078208157336,0.6048225050234427,0.5400567634088208
2025-09-11,AMZN,0,0.4563166834551195,0.5409711684370258,0.5051821559575013
2025-09-11,MSFT,1,0.5551078947806355,0.5409711684370258,0.5472937968619878
2025-09-12,GOOG,0,0.5069162805625083,0.385395537525355,0.5038080205976663
2025-09-12,META,0,0.5344605937862574,0.4426229508196721,0.5629550588762714
2025-09-12,MSFT,1,0.6332701242420236,0.6048225050234427,0.5687994948454267
2025-09-12,AAPL,1,0.5684795084074437,0.6048225050234427,0.5611073004647963
2025-09-12,AMZN,0,0.44697792108420403,0.5409711684370258,0.5029914007441179
2025-09-15,META,0,0.5405696426083115,0.4426229508196721,0.5543322790695107
2025-09-15,MSFT,0,0.5886149437930976,0.6048225050234427,0.5514867007142077
2025-09-15,GOOG,0,0.6662394888290165,0.6048225050234427,0.5931154033548298
2025-09-15,AAPL,1,0.5345149465151576,0.6048225050234427,0.5861583786312385
2025-09-15,AMZN,0,0.5210806410656544,0.4426229508196721,0.5538871956773307
2025-09-16,AMZN,0,0.5101078101145489,0.4426229508196721,0.5398938645391553
2025-09-16,MSFT,0,0.49323078310001495,0.5409711684370258,0.48910238227731795
2025-09-16,META,0,0.5662934545810323,0.4426229508196721,0.537452275181623
2025-09-16,GOOG,0,0.48573571325113357,0.7397260273972602,0.5588448011077518
2025-09-16,AAPL,1,0.5199911296350441,0.6048225050234427,0.5850155273870687
2025-09-17,GOOG,0,0.477902790941958,0.7397260273972602,0.5569851661438796
2025-09-17,MSFT,0,0.5510889450897736,0.5409711684370258,0.5354406511168771
2025-09-17,META,0,0.48176457469891915,0.5409711684370258,0.5017577250077407
2025-09-17,AMZN,0,0.435511479356285,0.5409711684370258,0.5310735015147481
2025-09-17,AAPL,1,0.5247948598904837,0.5409711684370258,0.5672880610190378
2025-09-18,AMZN,0,0.46758224568331713,0.5409711684370258,0.5416484208571541
2025-09-18,AAPL,1,0.4822762711228485,0.5409711684370258,0.5507167640592411
2025-09-18,GOOG,0,0.5447523462986935,0.6048225050234427,0.5828395258015271
2025-09-18,META,0,0.5221818033687914,0.4426229508196721,0.5377824176328277
2025-09-18,MSFT,0,0.526444729806273,0.5409711684370258,0.5194038818859454
2025-09-19,META,0,0.4828057164124494,0.5409711684370258,0.5099645661319913
2025-09-19,AMZN,0,0.48175724416992577,0.5409711684370258,0.5275556476977318
2025-09-19,MSFT,0,0.6017940090451344,0.6048225050234427,0.5491817610007755
2025-09-19,AAPL,1,0.62246670674645,0.6048225050234427,0.5931906654738669
2025-09-19,GOOG,0,0.5586811398708402,0.6048225050234427,0.607140909443448
2025-09-22,MSFT,0,0.497359997954906,0.5409711684370258,0.5003188802794538
2025-09-22,AAPL,1,0.6480298816373063,0.6048225050234427,0.5858348769856806
2025-09-22,AMZN,0,0.39740054188792,0.3548707753479125,0.4443272042984242
2025-09-22,GOOG,0,0.44927761535287886,0.7397260273972602,0.5606780141102226
2025-09-22,META,0,0.427311452434431,0.3548707753479125,0.40241394921443024
2025-09-23,GOOG,0,0.4815209388938723,0.7397260273972602,0.580801567586419
2025-09-23,AAPL,1,0.4348217901409217,0.5409711684370258,0.5202398484872738
2025-09-23,META,0,0.43436368795111324,0.3548707753479125,0.4207290813193116
2025-09-23,AMZN,0,0.33787091733369945,0.3548707753479125,0.3500430826863542
2025-09-23,MSFT,0,0.4921634600210283,0.5409711684370258,0.5110378689607841
2025-09-24,MSFT,1,0.5423205466624806,0.5409711684370258,0.526039574846789
2025-09-24,GOOG,0,0.421870748891841,0.3548707753479125,0.47135063959628115
2025-09-24,AAPL,0,0.42740147616070284,0.5409711684370258,0.5178385667943267
2025-09-24,AMZN,0,0.45513023296663296,0.9069767441860465,0.5892270597600111
2025-09-24,META,0,0.516208264715756,0.6048225050234427,0.5566238097878277
2025-09-25,MSFT,1,0.518455840430825,0.5409711684370258,0.5322196982894964
2025-09-25,META,0,0.4337944380201929,0.3548707753479125,0.41615370805750074
2025-09-25,AAPL,1,0.5469639387575512,0.6048225050234427,0.5774053281323411
2025-09-25,AMZN,0,0.44066377667958023,0.5409711684370258,0.5041140758157834
2025-09-25,GOOG,1,0.49111125809705203,0.7397260273972602,0.5823161708776481
2025-09-26,GOOG,1,0.5368728308688688,0.385395537525355,0.5618601980729658
2025-09-26,MSFT,1,0.5689887652448073,0.6048225050234427,0.5531539319098742
2025-09-26,AAPL,1,0.434460183255587,0.5409711684370258,0.5330367705326768
2025-09-26,AMZN,1,0.5178494630738502,0.4426229508196721,0.5559069144765019
2025-09-26,META,0,0.4802110276904238,0.5409711684370258,0.4962902187199323
2025-09-29,AMZN,1,0.5402441264455571,0.90625,0.6584118168384933
2025-09-29,META,0,0.5286604691237162,0.5409711684370258,0.5280407095571215
2025-09-29,AAPL,1,0.4374067686960506,0.5409711684370258,0.5359116681297175
2025-09-29,GOOG,1,0.49744024536416337,0.385395537525355,0.5127244294106782
2025-09-29,MSFT,1,0.5691791406705236,0.6048225050234427,0.5502110549022022
2025-09-30,MSFT,1,0.5746896927390528,0.6048225050234427,0.5634478780571978
2025-09-30,META,0,0.4820516310151027,0.5409711684370258,0.467906178680374
2025-09-30,GOOG,1,0.5386826550695617,0.385395537525355,0.5430477965167898
2025-09-30,AMZN,1,0.4639161011082287,0.5409711684370258,0.5446572134219073
2025-09-30,AAPL,1,0.4620274576313276,0.5409711684370258,0.5344208975674255
2025-10-01,AAPL,1,0.4859913956450023,0.5409711684370258,0.5468762657688836
2025-10-01,MSFT,1,0.5551803410869176,0.5409711684370258,0.5213989022022659
2025-10-01,META,0,0.42839512777213895,0.3548707753479125,0.3582192347235754
2025-10-01,AMZN,1,0.5272284104676463,0.5409711684370258,0.6560200130778471
2025-10-01,GOOG,1,0.6004267594919706,0.6048225050234427,0.5754024063963292
2025-10-02,META,0,0.5920714806195021,0.6048225050234427,0.564857950696227
2025-10-02,GOOG,1,0.5861525739997469,0.385395537525355,0.5393547117789459
2025-10-02,AMZN,0,0.5434162974385313,0.4426229508196721,0.6106846590297941
2025-10-02,AAPL,1,0.4930798450588239,0.6048225050234427,0.5736248000159185
2025-10-02,MSFT,0,0.5203603073293303,0.5409711684370258,0.5059647599042282
2025-10-03,AMZN,1,0.47440270717328775,0.3548707753479125,0.531044674584531
2025-10-03,MSFT,0,0.5669539555999648,0.5409711684370258,0.5432811382922336
2025-10-03,AAPL,1,0.5076424361933811,0.5409711684370258,0.5551609114595604
2025-10-03,GOOG,1,0.5789436642092547,0.385395537525355,0.5517215239479206
2025-10-03,META,0,0.46557059450100324,0.3548707753479125,0.41815892447049463
2025-10-06,AMZN,1,0.5523031772998988,0.90625,0.6660286639589298
2025-10-06,META,0,0.6026724296891942,0.6048225050234427,0.5793727275403783
2025-10-06,MSFT,0,0.6421173337273449,0.6048225050234427,0.5517410167444858
2025-10-06,AAPL,1,0.4957119969639924,0.5409711684370258,0.5319048656296588
2025-10-06,GOOG,1,0.6683333880086071,0.6048225050234427,0.5745001983114317
2025-10-07,AMZN,1,0.5470337211184582,0.5409711684370258,0.6523893733221594
2025-10-07,AAPL,1,0.526162426965498,0.5409711684370258,0.5412234686379067
2025-10-07,GOOG,1,0.5135779250479395,0.3548707753479125,0.4085856578788609
2025-10-07,META,0,0.5623435394028479,0.5409711684370258,0.5448770485068023
2025-10-07,MSFT,0,0.5246245778685534,0.5409711684370258,0.5042559733351224
2025-10-08,AMZN,1,0.5911969774724871,0.90625,0.64433423681665
2025-10-08,AAPL,1,0.5701160548860993,0.6048225050234427,0.5741033254272385
2025-10-08,GOOG,1,0.5656642650391327,0.385395537525355,0.4896545694151412
2025-10-08,META,0,0.6136203549154989,0.6048225050234427,0.5942331128094968
2025-10-08,MSFT,0,0.571550966909518,0.5409711684370258,0.5266527511864397
2025-10-09,META,0,0.6246007561164698,0.6048225050234427,0.588960249818333
2025-10-09,AMZN,1,0.5334497562506236,0.90625,0.641817054918168
2025-10-09,AAPL,1,0.4388767391769028,0.3548707753479125,0.4225838049142825
2025-10-09,MSFT,0,0.5276594858794019,0.5409711684370258,0.5132358682474112
2025-10-09,GOOG,1,0.51006584937914,0.3548707753479125,0.4451892530195342
2025-10-10,MSFT,0,0.46687473649354927,0.8918918918918919,0.42339862348099855
2025-10-10,META,0,0.402652311438257,0.3548707753479125,0.3662333192603247
2025-10-10,AAPL,1,0.3703846896437852,0.3548707753479125,0.334535224377072
2025-10-10,GOOG,1,0.5048185529491104,0.3548707753479125,0.39007567188631187
2025-10-10,AMZN,1,0.30739280390152546,0.07317073170731707,0.38438435508539087
2025-10-13,META,0,0.6205980504201154,0.6048225050234427,0.5808377327699998
2025-10-13,AMZN,1,0.5738962278587512,0.90625,0.6724927331596523
2025-10-13,GOOG,1,0.6798928996633112,0.6048225050234427,0.5300656608266647
2025-10-13,AAPL,1,0.5562343410274883,0.6048225050234427,0.549663999494923
2025-10-13,MSFT,0,0.5759030049306378,0.6048225050234427,0.5445063444595752
2025-10-14,GOOG,1,0.5922734644565316,0.6048225050234427,0.5324915025379915
2025-10-14,MSFT,0,0.5533328308943309,0.5409711684370258,0.5141068639663608
2025-10-14,AAPL,1,0.5132590453057431,0.5409711684370258,0.5112604629242735
2025-10-14,META,0,0.5232037420070297,0.5409711684370258,0.5337889136572499
2025-10-14,AMZN,1,0.4287997730684709,0.3548707753479125,0.5038104591914728
2025-10-15,AMZN,1,0.478756154776356,0.9069767441860465,0.6158962199026365
2025-10-15,MSFT,0,0.5602523556602038,0.5409711684370258,0.5163870537362687
2025-10-15,META,0,0.6120387410391213,0.6048225050234427,0.5862002808887319
2025-10-15,AAPL,1,0.5335342576857024,0.6048225050234427,0.5463700519634213
2025-10-15,GOOG,1,0.6540354627701117,0.6048225050234427,0.5487352014971828
2025-10-16,MSFT,0,0.5597478606601198,0.5409711684370258,0.5312970711492603
2025-10-16,AMZN,1,0.473589024719548,0.9069767441860465,0.5882061913485809
2025-10-16,GOOG,1,0.5756516292214782,0.385395537525355,0.48880103869616803
2025-10-16,AAPL,1,0.4945046593820416,0.5409711684370258,0.48901826770736306
2025-10-16,META,0,0.5243547769917283,0.5409711684370258,0.5365807462893105
2025-10-17,AAPL,1,0.6201717288825386,0.6048225050234427,0.5588894439340912
2025-10-17,GOOG,1,0.6197712507757156,0.6048225050234427,0.5217477393568722
2025-10-17,META,0,0.6026563688863918,0.6048225050234427,0.5931509208810684
2025-10-17,MSFT,0,0.6038639423107597,0.5409711684370258,0.5656535388755131
2025-10-17,AMZN,1,0.497535133880264,0.9069767441860465,0.597214375576983
2025-10-20,AAPL,1,0.6900933004343556,0.6048225050234427,0.5734715809962844
2025-10-20,AMZN,1,0.5824095634008986,0.90625,0.6717783626671985
2025-10-20,META,0,0.646531587431868,0.6048225050234427,0.6050383871999513
2025-10-20,MSFT,0,0.6156141488253362,0.6048225050234427,0.5762588156935289
2025-10-20,GOOG,1,0.6283786816798981,0.6048225050234427,0.513270317772965
2025-10-21,META,0,0.5614685786699121,0.5409711684370258,0.5738974165045263
2025-10-21,AMZN,0,0.6085178378878628,0.90625,0.6646857361492272
2025-10-21,MSFT,0,0.5910686148805144,0.5409711684370258,0.5569470526121055
2025-10-21,AAPL,1,0.5340475832029385,0.5409711684370258,0.5423559529951081
2025-10-21,GOOG,1,0.4668905637593997,0.3548707753479125,0.3933081439021367
2025-10-22,MSFT,0,0.6050502054281475,0.6048225050234427,0.572548979352054
2025-10-22,META,0,0.5381855501593702,0.5409711684370258,0.5617657070049266
2025-10-22,AMZN,0,0.41724330745666877,0.3548707753479125,0.5096120705511968
2025-10-22,AAPL,1,0.44494918197043437,0.3548707753479125,0.42457238004534836
2025-10-22,GOOG,1,0.5632716066694299,0.385395537525355,0.5242125442768215
2025-10-23,GOOG,1,0.5527806518246194,0.385395537525355,0.5220927350736789
2025-10-23,AAPL,1,0.5321567451916035,0.5409711684370258,0.5783921701345421
2025-10-23,META,0,0.5372248895149074,0.5409711684370258,0.5486824943833489
2025-10-23,AMZN,0,0.5456923744856953,0.90625,0.6529199649510479
2025-10-23,MSFT,0,0.5790912414457882,0.5409711684370258,0.5244815535322798
2025-10-24,GOOG,1,0.6255371975391095,0.6048225050234427,0.5315590478969701
2025-10-24,AAPL,1,0.5543515104491288,0.6048225050234427,0.5962164641012386
2025-10-24,AMZN,0,0.5427430771373281,0.90625,0.6395227117598838
2025-10-24,META,0,0.5467868423364675,0.6048225050234427,0.5544588446620528
2025-10-24,MSFT,0,0.5980017267113272,0.6048225050234427,0.5629287188998104
2025-10-27,MSFT,0,0.6308353748498327,0.6048225050234427,0.5601527647658145
2025-10-27,AMZN,0,0.5285009173885825,0.90625,0.633220735474405
2025-10-27,META,0,0.5714083340784816,0.6048225050234427,0.5456276016561031
2025-10-27,AAPL,1,0.5686855863129944,0.6048225050234427,0.5915083606349482
2025-10-27,GOOG,1,0.6506860462186767,0.6048225050234427,0.5356748041063621
2025-10-28,GOOG,1,0.49470630588360576,0.385395537525355,0.45386322077477126
2025-10-28,META,0,0.5000843991004972,0.5409711684370258,0.5215386912251563
2025-10-28,MSFT,0,0.6453663065062598,0.6048225050234427,0.5702582809906673
2025-10-28,AMZN,0,0.5061403854625579,0.90625,0.6342777044213077
2025-10-28,AAPL,1,0.4716401336736278,0.5409711684370258,0.5509047879262878
2025-10-29,MSFT,0,0.5653103106230315,0.5409711684370258,0.5223214016168728
2025-10-29,AAPL,1,0.4860620913819361,0.5409711684370258,0.5581214581859628
2025-10-29,GOOG,1,0.6176503742556415,0.6048225050234427,0.5346927201552494
2025-10-29,META,0,0.5152145931217758,0.5409711684370258,0.5192129925850502
2025-10-29,AMZN,0,0.49893877175323453,0.9069767441860465,0.6263251197039026
2025-10-30,MSFT,0,0.4238859606403387,0.8918918918918919,0.3950617914940684
2025-10-30,META,0,0.11213211224978639,0.07317073170731707,0.2874727189456061
2025-10-30,AAPL,1,0.4989359369776276,0.6048225050234427,0.5581199280626763
2025-10-30,GOOG,1,0.6131511580086711,0.6048225050234427,0.558407575976067
2025-10-30,AMZN,0,0.3367945867437782,0.3548707753479125,0.3655553685430773
2025-10-31,GOOG,1,0.5063355412504382,0.7397260273972602,0.48169918562237823
2025-10-31,MSFT,0,0.4878987819190814,0.8918918918918919,0.469670569393501
2025-10-31,AAPL,1,0.45696731542516345,0.385395537525355,0.5182584975651205
2025-10-31,AMZN,1,0.783249862239118,0.90625,0.6311376878079978
2025-10-31,META,0,0.38924824478083603,0.3548707753479125,0.44646149067029045
2025-11-03,GOOG,1,0.5268798572620323,0.6048225050234427,0.5306840183026963
2025-11-03,AMZN,0,0.592630826913785,0.90625,0.6192340196373937
2025-11-03,META,0,0.41866554529847644,0.3548707753479125,0.4710097009854782
2025-11-03,AAPL,1,0.44981871876244167,0.5409711684370258,0.5488538753355499
2025-11-03,MSFT,0,0.5368204289254671,0.5409711684370258,0.5182538262439143
2025-11-04,GOOG,1,0.4097807364938663,0.3548707753479125,0.39543400494554637
2025-11-04,AMZN,0,0.3716957564937784,0.3548707753479125,0.4245460752823024
2025-11-04,META,0,0.43119634993680755,0.3548707753479125,0.46658700838478107
2025-11-04,AAPL,1,0.5086425953790246,0.5409711684370258,0.5645683723879815
2025-11-04,MSFT,0,0.514060366501783,0.5409711684370258,0.5094290933516229
2025-11-05,AMZN,0,0.46457705700545354,0.9069767441860465,0.5840760272402865
2025-11-05,GOOG,1,0.6083307856381126,0.6048225050234427,0.5410640041390389
2025-11-05,AAPL,1,0.5035496299559317,0.5409711684370258,0.5430920265960938
2025-11-05,META,1,0.5426009485735874,0.4426229508196721,0.550514806478048
2025-11-05,MSFT,0,0.47614545088058813,0.8918918918918919,0.38444782755085977
2025-11-06,AMZN,0,0.3490192452527759,0.3548707753479125,0.41147047151540256
2025-11-06,GOOG,1,0.5152366035808886,0.7397260273972602,0.5081701537908421
2025-11-06,AAPL,1,0.5103779467783701,0.5409711684370258,0.5408815498755983
2025-11-06,MSFT,0,0.46296036999904644,0.8918918918918919,0.430944459887945
2025-11-06,META,1,0.43450966563634613,0.3548707753479125,0.441030733520731
2025-11-07,META,1,0.5807542980471412,0.5409711684370258,0.5709210915214655
2025-11-07,GOOG,1,0.432152146019756,0.3548707753479125,0.37812457768328395
2025-11-07,AMZN,0,0.44767871915044744,0.90625,0.630546131617177
2025-11-07,MSFT,0,0.5500215274002181,0.5409711684370258,0.535350452821226
2025-11-07,AAPL,1,0.4955445055119482,0.5409711684370258,0.5336294963911036
2025-11-10,MSFT,0,0.6175410472321216,0.6048225050234427,0.577290363366478
2025-11-10,GOOG,1,0.6632207114800169,0.6048225050234427,0.5151646182796373
2025-11-10,AMZN,0,0.45468490344919077,0.90625,0.6376921189432969
2025-11-10,AAPL,1,0.5291323128430082,0.5409711684370258,0.5555788667734068
2025-11-10,META,1,0.6121368009036052,0.4943609022556391,0.5758057670714026
2025-11-11,META,1,0.5111576275581724,0.3253012048192771,0.49690855580528237
2025-11-11,MSFT,0,0.5597540228076008,0.6048225050234427,0.5672603309466107
2025-11-11,GOOG,1,0.5349845062577915,0.7397260273972602,0.5022904924540608
2025-11-11,AMZN,0,0.4153638322112298,0.9069767441860465,0.6182623876193116
2025-11-11,AAPL,1,0.6005380262239506,0.6048225050234427,0.5255851295811419
2025-11-12,AMZN,0,0.3398577731648106,0.3548707753479125,0.4766654657781854
2025-11-12,MSFT,0,0.5617368011535935,0.5409711684370258,0.5527133313823641
2025-11-12,META,1,0.41165823978223187,0.3548707753479125,0.4540380198573709
2025-11-12,AAPL,0,0.487867458652491,0.385395537525355,0.473831959282727
2025-11-12,GOOG,1,0.44327009017216307,0.3548707753479125,0.41390304604654615
2025-11-13,AAPL,1,0.5178151247599491,0.385395537525355,0.48138817645672205
2025-11-13,MSFT,0,0.48677815068999014,0.8918918918918919,0.45551186031222995
2025-11-13,AMZN,0,0.34060028570599615,0.3548707753479125,0.40993751888887786
2025-11-13,GOOG,1,0.390133312659793,0.3548707753479125,0.3324930148294913
2025-11-13,META,1,0.5693506815519952,0.3253012048192771,0.5257967453449006
2025-11-14,META,1,0.5460213437195339,0.3253012048192771,0.5164556340419564
2025-11-14,AMZN,0,0.4062326553611008,0.9069767441860465,0.4984860046262083
2025-11-14,AAPL,0,0.5236863537575949,0.5409711684370258,0.49712588786628004
2025-11-14,GOOG,1,0.49251885999441525,0.385395537525355,0.4562097922787518
2025-11-14,MSFT,0,0.6040150729717141,0.6048225050234427,0.5625550295468167
2025-11-17,AMZN,0,0.42154324038236324,0.9069767441860465,0.47940586026351184
2025-11-17,AAPL,0,0.4581105656076294,0.3548707753479125,0.4091245267165018
2025-11-17,GOOG,1,0.6390849784252283,0.6048225050234427,0.532882498916799
2025-11-17,MSFT,0,0.5115516744080346,0.5409711684370258,0.5526048505938964
2025-11-17,META,1,0.4834711270828915,1.0,0.46632149546903023
2025-11-18,AMZN,0,0.28035689641960143,0.3548707753479125,0.25622884991117645
2025-11-18,AAPL,1,0.5283153151698491,0.5409711684370258,0.4925725553519545
2025-11-18,GOOG,1,0.5069491072779606,0.7397260273972602,0.49658827681503936
2025-11-18,MSFT,0,0.41592075751460844,0.8918918918918919,0.4120164544875354
2025-11-18,META,1,0.5097701507620506,0.3253012048192771,0.4840585458381416
2025-11-19,AMZN,0,0.4778379344373437,0.9069767441860465,0.48027426490361663
2025-11-19,GOOG,1,0.6341822520362999,0.6048225050234427,0.5377660313262536
2025-11-19,AAPL,1,0.5527885176522525,0.5409711684370258,0.5198193935238582
2025-11-19,MSFT,0,0.47608994217555695,0.8918918918918919,0.4578573233950737
2025-11-19,META,1,0.4961020470605414,0.3548707753479125,0.46195518380126543
2025-11-20,MSFT,0,0.47245379549243216,0.8918918918918919,0.44273275488430036
2025-11-20,META,1,0.5437367180454176,0.3253012048192771,0.5140970141588146
2025-11-20,GOOG,1,0.5040602432036334,0.7397260273972602,0.4648020279579152
2025-11-20,AMZN,0,0.39331790554256174,0.3548707753479125,0.4076865085902969
2025-11-20,AAPL,1,0.5025897443487458,0.5409711684370258,0.4755696295031278
2025-11-21,MSFT,0,0.4819450111191854,0.8918918918918919,0.47264254127261623
2025-11-21,AMZN,1,0.5759407642022097,0.90625,0.5712853779839957
2025-11-21,GOOG,1,0.6894833744744917,0.6048225050234427,0.5308170151662841
2025-11-21,AAPL,1,0.6245792606648799,0.6048225050234427,0.5509792798754163
2025-11-21,META,1,0.5779151229132298,0.4943609022556391,0.5959643965942505
2025-11-24,META,1,0.6456475101699294,0.4943609022556391,0.5659758099213917
2025-11-24,AMZN,1,0.608697827771845,0.90625,0.6324715883838166
2025-11-24,GOOG,1,0.7599378331426716,0.6048225050234427,0.5668093868201506
2025-11-24,MSFT,1,0.5484202436642229,0.5409711684370258,0.565686867001432
2025-11-24,AAPL,0,0.6151032132175142,0.6048225050234427,0.5348940442367665
2025-11-25,AAPL,0,0.5665969547538856,0.385395537525355,0.4860487667971445
2025-11-25,MSFT,1,0.5716635709318023,0.6048225050234427,0.5744339081835357
2025-11-25,META,1,0.6460161403759239,0.4943609022556391,0.5533558430117005
2025-11-25,GOOG,0,0.602499072118143,0.6048225050234427,0.5251808256769587
2025-11-25,AMZN,1,0.5905132702596035,0.90625,0.6390796899767581
2025-11-26,META,1,0.47365164180659497,0.3253012048192771,0.4834744219424652
2025-11-26,MSFT,1,0.6169604882117833,0.6048225050234427,0.5935993206102731
2025-11-26,AAPL,0,0.5600774022088352,0.385395537525355,0.4803992540915678
2025-11-26,GOOG,0,0.49469344345235905,0.7397260273972602,0.48116342675012225
2025-11-26,AMZN,0,0.5227729784521022,0.9069767441860465,0.6033782274844083
2025-11-28,GOOG,0,0.5509508919231408,0.7397260273972602,0.5086401143869428
2025-11-28,AMZN,0,0.6132287643477622,0.90625,0.6336679454304551
2025-11-28,MSFT,0,0.5932571528803823,0.6048225050234427,0.5997489267561843
2025-11-28,META,1,0.5626935209661648,0.6048225050234427,0.49762477134118605
2025-11-28,AAPL,0,0.5724035587651746,0.385395537525355,0.5049736107175341
2025-12-01,AAPL,0,0.6029621802165526,0.6048225050234427,0.5292987043902775
2025-12-01,AMZN,0,0.5380217954642381,0.9069767441860465,0.6210077095828765
2025-12-01,META,1,0.386337469006819,0.3253012048192771,0.3477929679050393
2025-12-01,MSFT,0,0.48845664962857216,0.5409711684370258,0.5642002521362318
2025-12-01,GOOG,0,0.47732017261307114,0.3548707753479125,0.4032631761269201
2025-12-02,GOOG,0,0.5607252794640295,0.385395537525355,0.48625250940834625
2025-12-02,AAPL,0,0.5855376901078274,0.6048225050234427,0.5263561762186163
2025-12-02,AMZN,0,0.5328222977110153,0.9069767441860465,0.634832441725765
2025-12-02,META,1,0.45408946760551566,0.4943609022556391,0.44531184525076895
2025-12-02,MSFT,0,0.5525353707732213,0.6048225050234427,0.58638973638282
2025-12-03,MSFT,0,0.418079320297532,0.8918918918918919,0.4755087670212265
2025-12-03,AMZN,0,0.49305052097031216,0.5409711684370258,0.5884701557577308
2025-12-03,AAPL,0,0.5121546980372781,0.385395537525355,0.460377490500225
2025-12-03,GOOG,0,0.6013132254519794,0.6048225050234427,0.518509447633234
2025-12-03,META,0,0.3504948879796377,0.3253012048192771,0.4508241931266595
2025-12-04,GOOG,0,0.5227636298061689,0.385395537525355,0.4386064613238086
2025-12-04,AAPL,0,0.49619656720413186,0.385395537525355,0.43853354209267975
2025-12-04,MSFT,0,0.5314740346065084,0.6048225050234427,0.5992177147843633
2025-12-04,META,1,0.5372088049581902,0.30392156862745096,0.5148744712432974
2025-12-04,AMZN,0,0.4609742674617319,0.3548707753479125,0.49213245079766815
2025-12-05,MSFT,0,0.5111943935514653,0.5409711684370258,0.584199979076939
2025-12-05,META,0,0.4540382110850391,0.30392156862745096,0.4979772585046787
2025-12-05,AMZN,1,0.5109441236131443,0.5409711684370258,0.5635224224486941
2025-12-05,GOOG,0,0.5955879172328888,0.6048225050234427,0.518509447633234
2025-12-05,AAPL,0,0.5131627884203492,0.385395537525355,0.45514591957562156
2025-12-08,GOOG,0,0.4619590661707377,0.3548707753479125,0.352036367417288
2025-12-08,AAPL,0,0.5210383630516184,0.385395537525355,0.4610942973123723
2025-12-08,MSFT,0,0.5571924329354508,0.6048225050234427,0.5947221657550537
2025-12-08,META,0,0.3593464869997551,0.3253012048192771,0.48248477164368725
2025-12-08,AMZN,1,0.4430891736585963,0.5409711684370258,0.529176632191459
2025-12-09,META,0,0.33801129410343916,0.3548707753479125,0.4312866249914395
2025-12-09,GOOG,0,0.601978393506979,0.6048225050234427,0.5084109983471
2025-12-09,AAPL,0,0.5077083404590861,0.385395537525355,0.45728865361449883
2025-12-09,MSFT,0,0.4951426103540823,0.5409711684370258,0.5673191905313391
2025-12-09,AMZN,0,0.49481520604709683,0.5409711684370258,0.6425988935939775
2025-12-10,GOOG,0,0.5976972162633942,0.6048225050234427,0.5011945014918294
2025-12-10,MSFT,0,0.3933063745623205,0.8918918918918919,0.514383707420954
2025-12-10,AMZN,0,0.5458337926459504,0.90625,0.6457497503239401
2025-12-10,AAPL,0,0.5561868330203988,0.6048225050234427,0.5063953369236933
2025-12-10,META,0,0.3722550031689788,0.3253012048192771,0.4747761088820612
2025-12-11,AMZN,0,0.4477343454745457,0.9069767441860465,0.6079789193533138
2025-12-11,GOOG,0,0.46890090918256333,0.3548707753479125,0.36297163083577266
2025-12-11,AAPL,0,0.5323188262582284,0.385395537525355,0.48784966129391066
2025-12-11,MSFT,0,0.5470978671035996,0.6048225050234427,0.5980595074741732
2025-12-11,META,0,0.41894461346145256,0.4943609022556391,0.5291526662635821
2025-12-12,META,0,0.35589699097431193,0.3548707753479125,0.4382729092640734
2025-12-12,GOOG,0,0.5345650168344016,0.385395537525355,0.4380644498669787
2025-12-12,AAPL,0,0.558180858488278,0.385395537525355,0.47764629360242966
2025-12-12,MSFT,0,0.46328319305602667,0.5409711684370258,0.5747857758646845
2025-12-12,AMZN,0,0.40082763155524637,0.3548707753479125,0.5040180705323397
2025-12-15,GOOG,0,0.5714408083221776,0.385395537525355,0.4526812438432041
2025-12-15,AAPL,0,0.49226016555756635,0.5,0.436741187380736
2025-12-15,META,0,0.44000910324254117,0.4943609022556391,0.5678651608388177
2025-12-15,MSFT,0,0.4579205311038861,1.0,0.5745689584629378
2025-12-15,AMZN,0,0.40592942950008165,0.3548707753479125,0.5149145880991057
2025-12-16,AAPL,0,0.5690953768953987,0.5409711684370258,0.5416030436411174
2025-12-16,META,0,0.4902868845210166,0.4943609022556391,0.5509817414803065
2025-12-16,AMZN,0,0.4662682263826972,0.9069767441860465,0.6187660261487667
2025-12-16,GOOG,0,0.5639491655632545,0.385395537525355,0.4472634091655583
2025-12-16,MSFT,0,0.5042406396443813,0.5409711684370258,0.5822074261731375
2025-12-17,META,0,0.396223040068882,0.3253012048192771,0.48021521351000485
2025-12-17,GOOG,0,0.4544141958280412,0.3548707753479125,0.2522594183388119
2025-12-17,AAPL,0,0.5118307510004633,0.5409711684370258,0.49565082023242363
2025-12-17,MSFT,0,0.4979855195764171,1.0,0.5875004279822935
2025-12-17,AMZN,0,0.43438020350951534,0.5409711684370258,0.6020663530877537
2025-12-18,META,0,0.545844322066271,0.4943609022556391,0.5436160579814328
2025-12-18,MSFT,0,0.5614114105505792,0.6048225050234427,0.6028100149024017
2025-12-18,AAPL,0,0.5669431576067252,0.5409711684370258,0.514093730239571
2025-12-18,AMZN,0,0.5566695720964426,0.90625,0.6395841012618299
2025-12-18,GOOG,0,0.6845436294964827,0.6048225050234427,0.515056645134697
2025-12-19,MSFT,0,0.5051890786466015,0.5409711684370258,0.5717254045499033
2025-12-19,GOOG,0,0.6761072677690424,0.6048225050234427,0.5182798802404435
2025-12-19,META,0,0.4207423455353118,0.3253012048192771,0.47273963376067596
2025-12-19,AAPL,0,0.595544812372194,0.6048225050234427,0.5667702891643773
2025-12-19,AMZN,0,0.4701540975866538,0.9069767441860465,0.6292497697244216
2025-12-22,META,0,0.47237925769495165,0.4943609022556391,0.47303625235258984
2025-12-22,AMZN,0,0.47592484408493585,0.5409711684370258,0.5891580521390395
2025-12-22,AAPL,0,0.5408972663202647,0.5409711684370258,0.5101940954901729
2025-12-22,MSFT,0,0.4798625899515247,1.0,0.5657902280715571
2025-12-22,GOOG,0,0.645618607744711,0.6048225050234427,0.5101521093274017
2025-12-23,AMZN,0,0.5247019238783672,0.90625,0.6223789886809623
2025-12-23,AAPL,0,0.5998313547209826,0.5409711684370258,0.56866177288666
2025-12-23,MSFT,0,0.5034888922069183,1.0,0.5706023750626659
2025-12-23,GOOG,0,0.6588215820924769,0.6048225050234427,0.5118239737228394
2025-12-23,META,0,0.480118863712099,0.4943609022556391,0.4962385288279076
2025-12-24,META,0,0.47911968353356416,0.4943609022556391,0.46122905473543374
2025-12-24,MSFT,0,0.49564312870844307,1.0,0.5652788853896102
2025-12-24,AAPL,0,0.6072950900744242,0.6048225050234427,0.5742414184574113
2025-12-24,AMZN,0,0.4577772043680209,0.5409711684370258,0.5890448136158247
2025-12-24,GOOG,0,0.6160050408574964,0.385395537525355,0.47715402801799106
2025-12-26,META,0,0.4273875524502708,0.3253012048192771,0.4368751531510432
2025-12-26,MSFT,0,0.48113452852962235,1.0,0.5641522829430415
2025-12-26,AAPL,0,0.5746083602606489,0.5409711684370258,0.5492156782795721
2025-12-26,AMZN,0,0.43931841518861964,0.5409711684370258,0.5902073167166937
2025-12-26,GOOG,0,0.5894124272079911,0.385395537525355,0.48846251008040886
2025-12-29,META,0,0.4331288037437046,0.3253012048192771,0.42016736034992613
2025-12-29,AMZN,0,0.4347486881333129,0.5409711684370258,0.5783299411420353
2025-12-29,AAPL,0,0.5750753193831744,0.5409711684370258,0.5294784791401256
2025-12-29,GOOG,0,0.575255682156147,0.385395537525355,0.48596066527287596
2025-12-29,MSFT,0,0.48134415118978696,1.0,0.5723878452086282
2025-12-30,MSFT,0,0.4978519995129978,1.0,0.5788715248270984
2025-12-30,GOOG,0,0.5748656075202944,0.385395537525355,0.48346028557237536
2025-12-30,AAPL,0,0.5593557574397295,0.5409711684370258,0.5444876901596116
2025-12-30,META,0,0.5141042420370671,0.4943609022556391,0.49239403811469956
2025-12-30,AMZN,0,0.4439652240189168,0.5409711684370258,0.6069000814980007
2025-12-31,MSFT,0,0.461342438388705,1.0,0.5723383212990355
2025-12-31,META,0,0.42726537036460654,0.3253012048192771,0.439960012897031
2025-12-31,GOOG,0,0.5490208239487543,0.385395537525355,0.4681468158272783
2025-12-31,AMZN,0,0.3995954126250254,0.5409711684370258,0.5683668955452074
2025-12-31,AAPL,0,0.5438876483292028,0.5409711684370258,0.5581692534697091
2026-01-02,AMZN,0,0.35439474980172786,0.3548707753479125,0.4486074638790039
2026-01-02,MSFT,0,0.40102572975811684,0.8918918918918919,0.5476653180020602
2026-01-02,GOOG,0,0.5747691643978348,0.385395537525355,0.5053330092242853
2026-01-02,META,0,0.4096424071538077,0.3548707753479125,0.37814107018006204
2026-01-02,AAPL,0,0.5459420938978125,0.5409711684370258,0.5500736631381532
2026-01-05,AAPL,0,0.5057484315855264,0.8918918918918919,0.45922803086274355
2026-01-05,AMZN,0,0.5378957859829613,0.90625,0.6328728428236886
2026-01-05,GOOG,0,0.5828809917877372,0.6048225050234427,0.5103726809907476
2026-01-05,MSFT,0,0.49405767176565457,1.0,0.5964224240882051
2026-01-05,META,0,0.5242121656456891,0.4943609022556391,0.47847207044389267
2026-01-06,AAPL,0,0.4845458681055742,0.8918918918918919,0.45850776355303174
2026-01-06,MSFT,0,0.551361877010719,1.0,0.5894470475659692
2026-01-06,META,0,0.4918025835193239,0.4943609022556391,0.47253297070797323
2026-01-06,AMZN,0,0.5541466342106917,0.90625,0.6293310445777078
2026-01-06,GOOG,0,0.527878792807732,0.385395537525355,0.469041904001777
2026-01-07,GOOG,0,0.6525840729311319,0.6048225050234427,0.5247359743726707
2026-01-07,META,0,0.3986298797063219,0.3548707753479125,0.3483154342445278
2026-01-07,AMZN,0,0.42154667221639597,0.9069767441860465,0.6134976812718562
2026-01-07,AAPL,0,0.5266463209175907,0.5409711684370258,0.5190506457067231
2026-01-07,MSFT,0,0.5389394546178371,1.0,0.5849769894231011
