date,ticker,fwd_sharpe,target
2019-10-17,AAPL,,0
2019-10-18,AAPL,,0
2019-10-21,AAPL,,0
2019-10-22,AAPL,,0
2019-10-23,AAPL,,0
2019-10-24,AAPL,,0
2019-10-25,AAPL,,0
2019-10-28,AAPL,,0
2019-10-29,AAPL,,0
2019-10-30,AAPL,,0
2019-10-31,AAPL,,0
2019-11-01,AAPL,,0
2019-11-04,AAPL,,0
2019-11-05,AAPL,,0
2019-11-06,AAPL,,0
2019-11-07,AAPL,,0
2019-11-08,AAPL,,0
2019-11-11,AAPL,,0
2019-11-12,AAPL,,0
2019-11-13,AAPL,,0
2019-11-14,AAPL,2.6982828574927558,1
2019-11-15,AAPL,4.224551523684821,1
2019-11-18,AAPL,3.6266784020146146,1
2019-11-19,AAPL,3.115256488568955,1
2019-11-20,AAPL,3.405467795297503,1
2019-11-21,AAPL,4.216415090487957,1
2019-11-22,AAPL,5.548773052989344,1
2019-11-25,AAPL,5.691296710821393,1
2019-11-26,AAPL,5.7689773094290695,1
2019-11-27,AAPL,6.441583400075123,1
2019-11-29,AAPL,6.027110106244772,1
2019-12-02,AAPL,6.750953547286476,1
2019-12-03,AAPL,9.17782099602176,1
2019-12-04,AAPL,10.582256535150123,1
2019-12-05,AAPL,10.525179135477313,1
2019-12-06,AAPL,8.93319688436128,1
2019-12-09,AAPL,8.866416677628528,1
2019-12-10,AAPL,12.27201798294422,1
2019-12-11,AAPL,11.902430820635463,1
2019-12-12,AAPL,12.262549334138502,1
2019-12-13,AAPL,9.978959769575194,1
2019-12-16,AAPL,8.609593332631965,1
2019-12-17,AAPL,8.440551655996167,1
2019-12-18,AAPL,9.060251394674442,1
2019-12-19,AAPL,8.575043959744313,1
2019-12-20,AAPL,8.787534310675845,1
2019-12-23,AAPL,9.399012436111423,1
2019-12-24,AAPL,8.104150508149816,1
2019-12-26,AAPL,4.796860268714784,1
2019-12-27,AAPL,5.040633855173115,1
2019-12-30,AAPL,6.026130685027271,1
2019-12-31,AAPL,5.601370472219381,1
2020-01-02,AAPL,2.2170786756310963,1
2020-01-03,AAPL,1.188321987152911,1
2020-01-06,AAPL,2.852456640085544,1
2020-01-07,AAPL,2.859665652779351,1
2020-01-08,AAPL,3.5320871824703537,1
2020-01-09,AAPL,2.29306624440296,1
2020-01-10,AAPL,1.6736525489281318,1
2020-01-13,AAPL,1.32120927618123,1
2020-01-14,AAPL,1.4077205547366634,1
2020-01-15,AAPL,1.6932469866692692,1
2020-01-16,AAPL,1.887874609433903,1
2020-01-17,AAPL,0.5827297809352039,0
2020-01-21,AAPL,0.7164883635745466,0
2020-01-22,AAPL,0.570790092841624,0
2020-01-23,AAPL,-0.48394253833116824,0
2020-01-24,AAPL,-2.2696982833948423,0
2020-01-27,AAPL,-3.206023154701779,0
2020-01-28,AAPL,-1.7321917340262492,0
2020-01-29,AAPL,-4.348513204802538,0
2020-01-30,AAPL,-5.125776112889565,0
2020-01-31,AAPL,-1.808233714656652,0
2020-02-03,AAPL,-1.539442419298107,0
2020-02-04,AAPL,-0.38163821361653444,0
2020-02-05,AAPL,-1.862897975955862,0
2020-02-06,AAPL,-2.352546294819619,0
2020-02-07,AAPL,-4.027533529572455,0
2020-02-10,AAPL,-2.1191461459930108,0
2020-02-11,AAPL,-2.8296145849766488,0
2020-02-12,AAPL,-4.116295326188719,0
2020-02-13,AAPL,-2.3065278394330897,0
2020-02-14,AAPL,-3.6690760476014495,0
2020-02-18,AAPL,-3.072901748922776,0
2020-02-19,AAPL,-3.147650124579993,0
2020-02-20,AAPL,-3.4338624183072426,0
2020-02-21,AAPL,-4.045214246510286,0
2020-02-24,AAPL,-4.028473611347938,0
2020-02-25,AAPL,-2.1456790465374556,0
2020-02-26,AAPL,-1.8238172877749577,0
2020-02-27,AAPL,-1.3957033410846418,0
2020-02-28,AAPL,-1.127169996850092,0
2020-03-02,AAPL,-0.7955186765153107,0
2020-03-03,AAPL,-1.9252629457406607,0
2020-03-04,AAPL,-2.1647059299936826,0
2020-03-05,AAPL,-2.541446168233914,0
2020-03-06,AAPL,-2.3272130993887967,0
2020-03-09,AAPL,-1.1042540677134605,0
2020-03-10,AAPL,-0.3049504112561398,0
2020-03-11,AAPL,-0.8549403659366593,0
2020-03-12,AAPL,-0.3370390184452267,0
2020-03-13,AAPL,1.2772295757487624,1
2020-03-16,AAPL,0.4649547612586188,0
2020-03-17,AAPL,2.921970973145832,1
2020-03-18,AAPL,2.327945323547264,1
2020-03-19,AAPL,2.556025964306798,1
2020-03-20,AAPL,2.288620445497768,1
2020-03-23,AAPL,3.10433004092957,1
2020-03-24,AAPL,4.123324299908572,1
2020-03-25,AAPL,2.5010339188832575,1
2020-03-26,AAPL,3.2596384382507697,1
2020-03-27,AAPL,2.206139848502899,1
2020-03-30,AAPL,2.9703323021434955,1
2020-03-31,AAPL,3.0585822828763183,1
2020-04-01,AAPL,3.6213536545854463,1
2020-04-02,AAPL,5.042126887191685,1
2020-04-03,AAPL,4.978546589281781,1
2020-04-06,AAPL,5.898290514699388,1
2020-04-07,AAPL,4.92543983700384,1
2020-04-08,AAPL,5.835779177808839,1
2020-04-09,AAPL,5.7916249430507305,1
2020-04-13,AAPL,6.081165870034532,1
2020-04-14,AAPL,4.88064346384441,1
2020-04-15,AAPL,2.938701346225935,1
2020-04-16,AAPL,3.6058188528960313,1
2020-04-17,AAPL,3.0164016665746316,1
2020-04-20,AAPL,4.522908586626847,1
2020-04-21,AAPL,5.377587971075764,1
2020-04-22,AAPL,8.520228868958286,1
2020-04-23,AAPL,6.9358403653424885,1
2020-04-24,AAPL,7.539342662703331,1
2020-04-27,AAPL,5.9868022466122195,1
2020-04-28,AAPL,6.191918114961436,1
2020-04-29,AAPL,7.4943842700414685,1
2020-04-30,AAPL,6.237384176883371,1
2020-05-01,AAPL,5.911011177541965,1
2020-05-04,AAPL,7.861914570392779,1
2020-05-05,AAPL,7.393574655225091,1
2020-05-06,AAPL,5.6766967499071335,1
2020-05-07,AAPL,6.252782290941871,1
2020-05-08,AAPL,6.009762705977415,1
2020-05-11,AAPL,6.1345294583022225,1
2020-05-12,AAPL,6.424713239826222,1
2020-05-13,AAPL,3.2530279344647552,1
2020-05-14,AAPL,4.228491175849453,1
2020-05-15,AAPL,4.47814698261767,1
2020-05-18,AAPL,5.742986009108427,1
2020-05-19,AAPL,4.787962562646493,1
2020-05-20,AAPL,5.099976037612731,1
2020-05-21,AAPL,4.034337504457083,1
2020-05-22,AAPL,5.385058708539261,1
2020-05-26,AAPL,5.915205799780224,1
2020-05-27,AAPL,5.278612493962182,1
2020-05-28,AAPL,5.624517028466988,1
2020-05-29,AAPL,3.953316670049012,1
2020-06-01,AAPL,4.770727133645463,1
2020-06-02,AAPL,4.635435862324286,1
2020-06-03,AAPL,4.379281463888055,1
2020-06-04,AAPL,4.169275539424712,1
2020-06-05,AAPL,5.4003526756636235,1
2020-06-08,AAPL,4.363103753412124,1
2020-06-09,AAPL,4.915311614073493,1
2020-06-10,AAPL,4.0905662717856055,1
2020-06-11,AAPL,3.2800505051944304,1
2020-06-12,AAPL,6.392453517272835,1
2020-06-15,AAPL,6.711441820607048,1
2020-06-16,AAPL,6.467542225352414,1
2020-06-17,AAPL,4.6218576517464935,1
2020-06-18,AAPL,4.5864498653165375,1
2020-06-19,AAPL,5.470802213933,1
2020-06-22,AAPL,4.947533849275182,1
2020-06-23,AAPL,4.038377884386283,1
2020-06-24,AAPL,0.5466860575450553,0
2020-06-25,AAPL,1.2160193419288776,1
2020-06-26,AAPL,1.609789539117044,1
2020-06-29,AAPL,2.359281811404975,1
2020-06-30,AAPL,2.2180582759104364,1
2020-07-01,AAPL,2.3724167504340623,1
2020-07-02,AAPL,4.319154443111301,1
2020-07-06,AAPL,4.976116027964793,1
2020-07-07,AAPL,4.479591634571999,1
2020-07-08,AAPL,4.684359267785446,1
2020-07-09,AAPL,4.923366888758301,1
2020-07-10,AAPL,4.042910408466306,1
2020-07-13,AAPL,4.381259479361967,1
2020-07-14,AAPL,3.557000308243449,1
2020-07-15,AAPL,3.9126194287931826,1
2020-07-16,AAPL,4.172633901714879,1
2020-07-17,AAPL,4.50692203957703,1
2020-07-20,AAPL,4.490147783350248,1
2020-07-21,AAPL,4.188655108571656,1
2020-07-22,AAPL,4.637016440036991,1
2020-07-23,AAPL,5.115318695008319,1
2020-07-24,AAPL,8.094458162916679,1
2020-07-27,AAPL,8.568964250458924,1
2020-07-28,AAPL,7.587343260588662,1
2020-07-29,AAPL,8.680341693091808,1
2020-07-30,AAPL,7.632844743538183,1
2020-07-31,AAPL,7.205294609293873,1
2020-08-03,AAPL,7.511568376154042,1
2020-08-04,AAPL,7.746277724633504,1
2020-08-05,AAPL,6.39269747134852,1
2020-08-06,AAPL,2.4467129964850693,1
2020-08-07,AAPL,1.6292479942868405,1
2020-08-10,AAPL,0.3557557080714699,0
2020-08-11,AAPL,0.9048175627189539,0
2020-08-12,AAPL,0.8330967780928046,0
2020-08-13,AAPL,-0.2063712717998906,0
2020-08-14,AAPL,0.06894982420344976,0
2020-08-17,AAPL,0.12455368283211804,0
2020-08-18,AAPL,-0.4864572647040819,0
2020-08-19,AAPL,-1.026905584888814,0
2020-08-20,AAPL,-1.7394144044921478,0
2020-08-21,AAPL,-1.5514163355592145,0
2020-08-24,AAPL,-2.431650065756181,0
2020-08-25,AAPL,-3.600927827740506,0
2020-08-26,AAPL,-3.1677727339540125,0
2020-08-27,AAPL,-2.5703222707856543,0
2020-08-28,AAPL,-1.7767628725708202,0
2020-08-31,AAPL,-1.903228237237119,0
2020-09-01,AAPL,-2.3423887940250396,0
2020-09-02,AAPL,-3.1243115284348213,0
2020-09-03,AAPL,-3.3565110759410164,0
2020-09-04,AAPL,-0.929845335264577,0
2020-09-08,AAPL,-1.6477044593232064,0
2020-09-09,AAPL,0.5601903764946526,0
2020-09-10,AAPL,-0.6046848574354193,0
2020-09-11,AAPL,0.9332991945603123,0
2020-09-14,AAPL,2.88827946667917,1
2020-09-15,AAPL,1.324257161829802,1
2020-09-16,AAPL,1.3019220550248995,1
2020-09-17,AAPL,2.0817465008076246,1
2020-09-18,AAPL,2.143586358637677,1
2020-09-21,AAPL,2.3583998881804003,1
2020-09-22,AAPL,1.9188543203445543,1
2020-09-23,AAPL,1.3054197776287844,1
2020-09-24,AAPL,2.474847152008857,1
2020-09-25,AAPL,1.9484056919915103,1
2020-09-28,AAPL,0.8223694702737453,0
2020-09-29,AAPL,0.48675285321070483,0
2020-09-30,AAPL,-0.7968828696656468,0
2020-10-01,AAPL,-0.125824848161139,0
2020-10-02,AAPL,-1.879521558631362,0
2020-10-05,AAPL,-1.0550068705351607,0
2020-10-06,AAPL,-1.5085093727113943,0
2020-10-07,AAPL,0.43019443879583963,0
2020-10-08,AAPL,0.8990831280503107,0
2020-10-09,AAPL,0.8942543273782253,0
2020-10-12,AAPL,-0.10201138775586754,0
2020-10-13,AAPL,-2.0898431504366197,0
2020-10-14,AAPL,-0.3505120187997154,0
2020-10-15,AAPL,-0.44334814195200684,0
2020-10-16,AAPL,-0.3115783687693683,0
2020-10-19,AAPL,0.3753890384702567,0
2020-10-20,AAPL,0.952915891112893,0
2020-10-21,AAPL,0.19052207022731366,0
2020-10-22,AAPL,0.52031672669952,0
2020-10-23,AAPL,0.4765875702552827,0
2020-10-26,AAPL,-0.2595718864483203,0
2020-10-27,AAPL,0.08233632851335684,0
2020-10-28,AAPL,-0.09501692140625971,0
2020-10-29,AAPL,1.6234231701096735,1
2020-10-30,AAPL,1.1572528838997653,0
2020-11-02,AAPL,5.074970911698132,1
2020-11-03,AAPL,5.246310596249643,1
2020-11-04,AAPL,4.577767464919852,1
2020-11-05,AAPL,2.945460404279404,1
2020-11-06,AAPL,2.0883880302993436,1
2020-11-09,AAPL,2.408356991586065,1
2020-11-10,AAPL,2.3473976849288962,1
2020-11-11,AAPL,3.091312101494789,1
2020-11-12,AAPL,1.3380148266279501,1
2020-11-13,AAPL,1.177762772226762,1
2020-11-16,AAPL,3.06448124934548,1
2020-11-17,AAPL,2.663157156741938,1
2020-11-18,AAPL,3.331553659656474,1
2020-11-19,AAPL,3.0898810324869523,1
2020-11-20,AAPL,3.3824741154105658,1
2020-11-23,AAPL,4.959754910169776,1
2020-11-24,AAPL,6.567860707844799,1
2020-11-25,AAPL,6.401887548755147,1
2020-11-27,AAPL,7.179316267286416,1
2020-11-30,AAPL,6.164860597498848,1
2020-12-01,AAPL,4.916878414871988,1
2020-12-02,AAPL,3.4453972647805773,1
2020-12-03,AAPL,2.077083976036567,1
2020-12-04,AAPL,2.6180579331853533,1
2020-12-07,AAPL,1.3203166403610478,1
2020-12-08,AAPL,2.0184331523932637,1
2020-12-09,AAPL,2.140987666897066,1
2020-12-10,AAPL,2.041465389274647,1
2020-12-11,AAPL,1.5748751319060414,1
2020-12-14,AAPL,2.3783000871658215,1
2020-12-15,AAPL,1.9913703142287689,1
2020-12-16,AAPL,-0.22986107210223344,0
2020-12-17,AAPL,0.006194556343358677,0
2020-12-18,AAPL,0.9489594069043547,0
2020-12-21,AAPL,2.752348573605447,1
2020-12-22,AAPL,2.8692542156835827,1
2020-12-23,AAPL,2.848057902141163,1
2020-12-24,AAPL,3.1758235963787045,1
2020-12-28,AAPL,2.6095401194877295,1
2020-12-29,AAPL,0.10188006899119463,0
2020-12-30,AAPL,-0.7144218156999782,0
2020-12-31,AAPL,0.10167412502973554,0
2021-01-04,AAPL,0.5580554920089473,0
2021-01-05,AAPL,1.1500123301245864,0
2021-01-06,AAPL,1.5558888219941986,1
2021-01-07,AAPL,2.7548702889953556,1
2021-01-08,AAPL,1.7059866302836901,1
2021-01-11,AAPL,1.1437436459923724,0
2021-01-12,AAPL,1.9121772158184915,1
2021-01-13,AAPL,1.8915771348984274,1
2021-01-14,AAPL,1.361322714284611,1
2021-01-15,AAPL,1.3199063102891693,1
2021-01-19,AAPL,1.1558892937913763,0
2021-01-20,AAPL,0.6133458044154362,0
2021-01-21,AAPL,-0.6138462271341143,0
2021-01-22,AAPL,-3.505301985973472,0
2021-01-25,AAPL,-4.385987152320386,0
2021-01-26,AAPL,-6.413551777805079,0
2021-01-27,AAPL,-7.672046003232154,0
2021-01-28,AAPL,-7.149593344268719,0
2021-01-29,AAPL,-2.6106463506818978,0
2021-02-01,AAPL,-2.0878965378632066,0
2021-02-02,AAPL,-3.7322667694010114,0
2021-02-03,AAPL,-4.628632403766778,0
2021-02-04,AAPL,-3.8211045135311297,0
2021-02-05,AAPL,-6.372057242462712,0
2021-02-08,AAPL,-4.157172816510543,0
2021-02-09,AAPL,-4.518642439726835,0
2021-02-10,AAPL,-3.6425485889788534,0
2021-02-11,AAPL,-3.7446587135135214,0
2021-02-12,AAPL,-2.764178456432726,0
2021-02-16,AAPL,-2.3885476534924557,0
2021-02-17,AAPL,-2.0927316986327256,0
2021-02-18,AAPL,-2.5422797503095844,0
2021-02-19,AAPL,-2.4150407739724824,0
2021-02-22,AAPL,-1.5274967594950817,0
2021-02-23,AAPL,-0.8574138981890722,0
2021-02-24,AAPL,-1.4252021867286941,0
2021-02-25,AAPL,-1.1740835404546845,0
2021-02-26,AAPL,0.057851243389563586,0
2021-03-01,AAPL,0.03412414938656471,0
2021-03-02,AAPL,-2.340277372520243,0
2021-03-03,AAPL,-0.8787760398360263,0
2021-03-04,AAPL,0.28995212041868107,0
2021-03-05,AAPL,1.752739530854064,1
2021-03-08,AAPL,1.452180378799092,1
2021-03-09,AAPL,4.08507026552542,1
2021-03-10,AAPL,3.5037836147888193,1
2021-03-11,AAPL,4.859615628847266,1
2021-03-12,AAPL,3.4068969763781713,1
2021-03-15,AAPL,4.767301708701543,1
2021-03-16,AAPL,2.8326620322933422,1
2021-03-17,AAPL,3.057855073912878,1
2021-03-18,AAPL,3.2507731496691394,1
2021-03-19,AAPL,5.85620887183158,1
2021-03-22,AAPL,5.27196292526134,1
2021-03-23,AAPL,4.277968434256608,1
2021-03-24,AAPL,3.9514161330915045,1
2021-03-25,AAPL,6.333259375546017,1
2021-03-26,AAPL,6.262824076782274,1
2021-03-29,AAPL,5.78842019100965,1
2021-03-30,AAPL,5.289847015762572,1
2021-03-31,AAPL,6.152398444055581,1
2021-04-01,AAPL,4.107954004672313,1
2021-04-05,AAPL,4.171975254182523,1
2021-04-06,AAPL,0.7600641691593115,0
2021-04-07,AAPL,0.7351786372126847,0
2021-04-08,AAPL,0.7075614794631427,0
2021-04-09,AAPL,0.028043852183494214,0
2021-04-12,AAPL,-2.296601249334871,0
2021-04-13,AAPL,-2.022715833563221,0
2021-04-14,AAPL,-4.657981270980531,0
2021-04-15,AAPL,-2.711587446496054,0
2021-04-16,AAPL,-2.640389661319284,0
2021-04-19,AAPL,-2.968535272052744,0
2021-04-20,AAPL,-3.794078271836831,0
2021-04-21,AAPL,-3.2397872641562384,0
2021-04-22,AAPL,-2.2046092294764192,0
2021-04-23,AAPL,-2.33868565636794,0
2021-04-26,AAPL,-2.6051409767328297,0
2021-04-27,AAPL,-2.835354509683573,0
2021-04-28,AAPL,-2.7333843804436913,0
2021-04-29,AAPL,-3.020169038789062,0
2021-04-30,AAPL,-3.243356625837667,0
2021-05-03,AAPL,-2.676265987222333,0
2021-05-04,AAPL,-2.7820410917370126,0
2021-05-05,AAPL,-1.8243222950602567,0
2021-05-06,AAPL,-0.8354877774818095,0
2021-05-07,AAPL,-1.544441646763848,0
2021-05-10,AAPL,-1.4679136220491635,0
2021-05-11,AAPL,0.13115084471561533,0
2021-05-12,AAPL,0.09426285139428499,0
2021-05-13,AAPL,2.4125766323281477,1
2021-05-14,AAPL,2.716370237523976,1
2021-05-17,AAPL,1.126591842164878,0
2021-05-18,AAPL,2.0410463062327775,1
2021-05-19,AAPL,3.697702409558894,1
2021-05-20,AAPL,3.0053834788490343,1
2021-05-21,AAPL,2.6642289654617666,1
2021-05-24,AAPL,4.773276486862056,1
2021-05-25,AAPL,3.738490398106565,1
2021-05-26,AAPL,3.6899318932619445,1
2021-05-27,AAPL,3.5415243962434495,1
2021-05-28,AAPL,5.566094011262909,1
2021-06-01,AAPL,6.894978166045253,1
2021-06-02,AAPL,7.550756264171131,1
2021-06-03,AAPL,7.236050896649942,1
2021-06-04,AAPL,9.963312661156186,1
2021-06-07,AAPL,9.882702357305224,1
2021-06-08,AAPL,11.02090279751909,1
2021-06-09,AAPL,9.165730757844996,1
2021-06-10,AAPL,9.814110466933595,1
2021-06-11,AAPL,10.341871918734032,1
2021-06-14,AAPL,10.219237486628506,1
2021-06-15,AAPL,10.226566319345418,1
2021-06-16,AAPL,10.501990818686435,1
2021-06-17,AAPL,8.267761936053551,1
2021-06-18,AAPL,4.598628044088098,1
2021-06-21,AAPL,6.4912382989080175,1
2021-06-22,AAPL,5.381328678509582,1
2021-06-23,AAPL,5.238560004940574,1
2021-06-24,AAPL,6.036156718220513,1
2021-06-25,AAPL,6.370464543965984,1
2021-06-28,AAPL,5.369913220264327,1
2021-06-29,AAPL,3.9099444123589233,1
2021-06-30,AAPL,3.5695892343306084,1
2021-07-01,AAPL,3.4019881214865726,1
2021-07-02,AAPL,3.142943336480186,1
2021-07-06,AAPL,2.841229846082102,1
2021-07-07,AAPL,1.9165193482265648,1
2021-07-08,AAPL,0.997614554494723,0
2021-07-09,AAPL,1.2719166023554809,1
2021-07-12,AAPL,0.4972916982186569,0
2021-07-13,AAPL,0.5494584384227574,0
2021-07-14,AAPL,0.1835531719936477,0
2021-07-15,AAPL,-0.01546921777758223,0
2021-07-16,AAPL,0.35541584359865497,0
2021-07-19,AAPL,2.115420513243098,1
2021-07-20,AAPL,4.075174447121737,1
2021-07-21,AAPL,0.21203972793164375,0
2021-07-22,AAPL,0.7560795084383928,0
2021-07-23,AAPL,0.7923213089598582,0
2021-07-26,AAPL,0.6737129353603625,0
2021-07-27,AAPL,0.4187732870356886,0
2021-07-28,AAPL,0.9347071956800237,0
2021-07-29,AAPL,1.4973654207032825,1
2021-07-30,AAPL,1.6918866446867635,1
2021-08-02,AAPL,3.279493882893185,1
2021-08-03,AAPL,2.82896414240078,1
2021-08-04,AAPL,2.3539367673720712,1
2021-08-05,AAPL,3.0214659812913793,1
2021-08-06,AAPL,3.2483369281734196,1
2021-08-09,AAPL,4.486353534535379,1
2021-08-10,AAPL,3.746923400902659,1
2021-08-11,AAPL,3.5048928022261525,1
2021-08-12,AAPL,1.0959243752271841,0
2021-08-13,AAPL,0.24102597134017203,0
2021-08-16,AAPL,-0.35528858733077445,0
2021-08-17,AAPL,-0.765088096124631,0
2021-08-18,AAPL,-0.516591351729276,0
2021-08-19,AAPL,-0.1183586364585503,0
2021-08-20,AAPL,-1.4119385398082018,0
2021-08-23,AAPL,-1.8010059498498456,0
2021-08-24,AAPL,-1.405108467468051,0
2021-08-25,AAPL,-1.0049149614921673,0
2021-08-26,AAPL,-0.524579655471225,0
2021-08-27,AAPL,-0.7893543317883797,0
2021-08-30,AAPL,-2.3304616092891117,0
2021-08-31,AAPL,-3.9867312430088595,0
2021-09-01,AAPL,-4.032243721889053,0
2021-09-02,AAPL,-3.7873819716931894,0
2021-09-03,AAPL,-5.391703692885073,0
2021-09-07,AAPL,-4.696929870986089,0
2021-09-08,AAPL,-5.357476466157959,0
2021-09-09,AAPL,-4.236826318507611,0
2021-09-10,AAPL,-4.027152461154863,0
2021-09-13,AAPL,-2.5877156579286336,0
2021-09-14,AAPL,-3.381707635163913,0
2021-09-15,AAPL,-3.0777662497582052,0
2021-09-16,AAPL,-2.0798138322082913,0
2021-09-17,AAPL,-1.5363390041367362,0
2021-09-20,AAPL,0.19608708497535557,0
2021-09-21,AAPL,2.4564656061182966,1
2021-09-22,AAPL,2.452488677837113,1
2021-09-23,AAPL,1.5747241975408204,1
2021-09-24,AAPL,0.8056970845479017,0
2021-09-27,AAPL,0.7448565295717848,0
2021-09-28,AAPL,1.753606115003746,1
2021-09-29,AAPL,3.585563919052913,1
2021-09-30,AAPL,4.464353059201422,1
2021-10-01,AAPL,3.6441880444847117,1
2021-10-04,AAPL,2.751711257208479,1
2021-10-05,AAPL,5.585247577062857,1
2021-10-06,AAPL,5.360146638575599,1
2021-10-07,AAPL,4.5815419453701836,1
2021-10-08,AAPL,4.212195471897097,1
2021-10-11,AAPL,3.9595928364997954,1
2021-10-12,AAPL,4.201380675251838,1
2021-10-13,AAPL,3.1790117999272485,1
2021-10-14,AAPL,3.477002471525527,1
2021-10-15,AAPL,3.1921273088623026,1
2021-10-18,AAPL,2.6696624006548837,1
2021-10-19,AAPL,2.3395600211411187,1
2021-10-20,AAPL,2.4200635221736704,1
2021-10-21,AAPL,3.6972904265167137,1
2021-10-22,AAPL,4.534592309988164,1
2021-10-25,AAPL,5.115628966793617,1
2021-10-26,AAPL,5.304090702219685,1
2021-10-27,AAPL,5.222645005447905,1
2021-10-28,AAPL,2.836903625322575,1
2021-10-29,AAPL,2.7178987964360535,1
2021-11-01,AAPL,5.197619130621593,1
2021-11-02,AAPL,5.351351281545846,1
2021-11-03,AAPL,4.599830604358018,1
2021-11-04,AAPL,3.407076068149173,1
2021-11-05,AAPL,4.531730985258571,1
2021-11-08,AAPL,5.571554823109174,1
2021-11-09,AAPL,6.77333263952672,1
2021-11-10,AAPL,6.485780641071781,1
2021-11-11,AAPL,8.856060945946254,1
2021-11-12,AAPL,7.39268690728552,1
2021-11-15,AAPL,6.3349605527723405,1
2021-11-16,AAPL,7.319466747213539,1
2021-11-17,AAPL,4.683278444608143,1
2021-11-18,AAPL,3.861956761172518,1
2021-11-19,AAPL,2.6347225493539277,1
2021-11-22,AAPL,2.7007607499828463,1
2021-11-23,AAPL,3.1223053636362113,1
2021-11-24,AAPL,3.166557572722886,1
2021-11-26,AAPL,3.7961028968806025,1
2021-11-29,AAPL,5.105480198723211,1
2021-11-30,AAPL,4.361278057383729,1
2021-12-01,AAPL,3.022501013691365,1
2021-12-02,AAPL,3.0082438793592248,1
2021-12-03,AAPL,4.159148676446842,1
2021-12-06,AAPL,4.1111942138108155,1
2021-12-07,AAPL,2.126302713185073,1
2021-12-08,AAPL,0.18942514524612813,0
2021-12-09,AAPL,-0.6893693045083235,0
2021-12-10,AAPL,-0.5624258737045377,0
2021-12-13,AAPL,-1.0546577126629173,0
2021-12-14,AAPL,-0.05286358989863573,0
2021-12-15,AAPL,-0.5328359453189299,0
2021-12-16,AAPL,-1.6383916957845515,0
2021-12-17,AAPL,-0.7562938215035869,0
2021-12-20,AAPL,-1.4650097074404291,0
2021-12-21,AAPL,-1.571900926126368,0
2021-12-22,AAPL,-3.287356389457623,0
2021-12-23,AAPL,-4.523689777391837,0
2021-12-27,AAPL,-5.352773842177255,0
2021-12-28,AAPL,-7.388817318670801,0
2021-12-29,AAPL,-7.2074448498826635,0
2021-12-30,AAPL,-1.9334346431112432,0
2021-12-31,AAPL,-0.6934558618921998,0
2022-01-03,AAPL,-0.6017763124245094,0
2022-01-04,AAPL,-1.2786400022103508,0
2022-01-05,AAPL,-1.4211183174276414,0
2022-01-06,AAPL,-0.5102702125855361,0
2022-01-07,AAPL,-0.027541492126904668,0
2022-01-10,AAPL,0.6346669666955052,0
2022-01-11,AAPL,0.9427849252213633,0
2022-01-12,AAPL,-0.5895460724610638,0
2022-01-13,AAPL,-1.4185876985645172,0
2022-01-14,AAPL,-0.6760473126130462,0
2022-01-18,AAPL,-0.012518418192882831,0
2022-01-19,AAPL,0.640974753147225,0
2022-01-20,AAPL,0.6313278691218251,0
2022-01-21,AAPL,0.6691742728686682,0
2022-01-24,AAPL,0.47491192884427336,0
2022-01-25,AAPL,-0.2950011354905706,0
2022-01-26,AAPL,0.6876168123454889,0
2022-01-27,AAPL,1.1505161408752536,0
2022-01-28,AAPL,1.3114565281396882,1
2022-01-31,AAPL,-1.9842353414674905,0
2022-02-01,AAPL,-2.3068507727341276,0
2022-02-02,AAPL,-2.35694041517332,0
2022-02-03,AAPL,-3.5609710947662743,0
2022-02-04,AAPL,-3.8143246491226823,0
2022-02-07,AAPL,-4.268226319247711,0
2022-02-08,AAPL,-2.1684410704091617,0
2022-02-09,AAPL,-4.048425783372036,0
2022-02-10,AAPL,-5.325153326741478,0
2022-02-11,AAPL,-5.403657623256298,0
2022-02-14,AAPL,-3.1817528447134715,0
2022-02-15,AAPL,-2.0254796813577425,0
2022-02-16,AAPL,-2.7046127512741363,0
2022-02-17,AAPL,-1.826418744272472,0
2022-02-18,AAPL,-0.763268560742295,0
2022-02-22,AAPL,0.32307891966469626,0
2022-02-23,AAPL,1.2804305867635735,1
2022-02-24,AAPL,3.1329117864296783,1
2022-02-25,AAPL,2.681277277990195,1
2022-02-28,AAPL,2.3982072577710407,1
2022-03-01,AAPL,3.0107592124862417,1
2022-03-02,AAPL,3.2248545270299322,1
2022-03-03,AAPL,1.7637235080653169,1
2022-03-04,AAPL,1.773809332529746,1
2022-03-07,AAPL,3.3578785484000258,1
2022-03-08,AAPL,3.597614913753599,1
2022-03-09,AAPL,3.2797566382458876,1
2022-03-10,AAPL,2.1907426944095802,1
2022-03-11,AAPL,2.963300983855269,1
2022-03-14,AAPL,2.873290331705305,1
2022-03-15,AAPL,4.825817257082156,1
2022-03-16,AAPL,4.4264366524395555,1
2022-03-17,AAPL,1.5794517424364725,1
2022-03-18,AAPL,1.231769559441707,1
2022-03-21,AAPL,0.9488509773798454,0
2022-03-22,AAPL,0.5140654189254108,0
2022-03-23,AAPL,-0.6881700373587742,0
2022-03-24,AAPL,-2.2993919021557927,0
2022-03-25,AAPL,-3.170848384304956,0
2022-03-28,AAPL,-4.682361512997044,0
2022-03-29,AAPL,-5.00110312577906,0
2022-03-30,AAPL,-3.4149961518473493,0
2022-03-31,AAPL,-4.3068230593467955,0
2022-04-01,AAPL,-3.6155095846235277,0
2022-04-04,AAPL,-3.1737195148948305,0
2022-04-05,AAPL,-2.418910603137543,0
2022-04-06,AAPL,-3.303120656934794,0
2022-04-07,AAPL,-2.615302719311503,0
2022-04-08,AAPL,-3.575275301753739,0
2022-04-11,AAPL,-2.7192417832936613,0
2022-04-12,AAPL,-3.2896389640714614,0
2022-04-13,AAPL,-4.321358770428144,0
2022-04-14,AAPL,-3.8003613863759473,0
2022-04-18,AAPL,-3.341392400546783,0
2022-04-19,AAPL,-2.5678008589091323,0
2022-04-20,AAPL,-4.166002024555468,0
2022-04-21,AAPL,-4.722867939614902,0
2022-04-22,AAPL,-4.551634527035886,0
2022-04-25,AAPL,-2.8009235700544672,0
2022-04-26,AAPL,-3.4046235408551273,0
2022-04-27,AAPL,-2.5577974161530634,0
2022-04-28,AAPL,-1.9454489051475867,0
2022-04-29,AAPL,-2.0624583541597823,0
2022-05-02,AAPL,-1.3514973378198916,0
2022-05-03,AAPL,-1.4206213516076684,0
2022-05-04,AAPL,-1.2423700557751622,0
2022-05-05,AAPL,-3.212303070936666,0
2022-05-06,AAPL,-1.8133064197556128,0
2022-05-09,AAPL,-1.4620568071740987,0
2022-05-10,AAPL,-0.7354823894761281,0
2022-05-11,AAPL,-2.097305241344809,0
2022-05-12,AAPL,-1.799670304649614,0
2022-05-13,AAPL,-2.0737074716978188,0
2022-05-16,AAPL,-2.8368806484593727,0
2022-05-17,AAPL,-1.9552327472444833,0
2022-05-18,AAPL,-3.6940058328393763,0
2022-05-19,AAPL,-1.9947972779837326,0
2022-05-20,AAPL,-0.3104337236654642,0
2022-05-23,AAPL,-0.4702595993851435,0
2022-05-24,AAPL,-1.0285289398672888,0
2022-05-25,AAPL,0.27281463549361085,0
2022-05-26,AAPL,0.23910293824522616,0
2022-05-27,AAPL,-1.3196919816370152,0
2022-05-31,AAPL,-2.2471856718674563,0
2022-06-01,AAPL,-2.624189515874508,0
2022-06-02,AAPL,-2.0692473091405117,0
2022-06-03,AAPL,-1.9988842589465674,0
2022-06-06,AAPL,-0.5456920058691273,0
2022-06-07,AAPL,0.044834507145492274,0
2022-06-08,AAPL,-0.35696512614007364,0
2022-06-09,AAPL,-0.6618971019693399,0
2022-06-10,AAPL,0.7427788570085846,0
2022-06-13,AAPL,2.1530360329428353,1
2022-06-14,AAPL,4.781097724631851,1
2022-06-15,AAPL,4.96123843832794,1
2022-06-16,AAPL,3.221199797868295,1
2022-06-17,AAPL,6.621365405437948,1
2022-06-21,AAPL,6.696053773136009,1
2022-06-22,AAPL,6.251430390030742,1
2022-06-23,AAPL,5.990326397242628,1
2022-06-24,AAPL,4.698520858816899,1
2022-06-27,AAPL,3.2329929330350526,1
2022-06-28,AAPL,4.469891133368268,1
2022-06-29,AAPL,6.73790412878289,1
2022-06-30,AAPL,7.238476944704174,1
2022-07-01,AAPL,8.184334353133949,1
2022-07-05,AAPL,6.795213301557596,1
2022-07-06,AAPL,7.149615569543745,1
2022-07-07,AAPL,6.5898418497308295,1
2022-07-08,AAPL,5.590593494322084,1
2022-07-11,AAPL,5.2118822799111335,1
2022-07-12,AAPL,6.114654864183305,1
2022-07-13,AAPL,6.770624806733214,1
2022-07-14,AAPL,6.66099104560208,1
2022-07-15,AAPL,6.6876240322008496,1
2022-07-18,AAPL,6.470923565259216,1
2022-07-19,AAPL,7.89049502993048,1
2022-07-20,AAPL,7.312953845257934,1
2022-07-21,AAPL,6.504615975128143,1
2022-07-22,AAPL,4.826077069056088,1
2022-07-25,AAPL,3.866057055861519,1
2022-07-26,AAPL,4.146736964510311,1
2022-07-27,AAPL,4.709399873664028,1
2022-07-28,AAPL,4.137210234576417,1
2022-07-29,AAPL,1.7303087452140713,1
2022-08-01,AAPL,-0.25538161512151286,0
2022-08-02,AAPL,-0.6665548381839688,0
2022-08-03,AAPL,-0.7260749607166449,0
2022-08-04,AAPL,-2.5575398667370144,0
2022-08-05,AAPL,-3.126464715286819,0
2022-08-08,AAPL,-3.4693856421192617,0
2022-08-09,AAPL,-2.801032695634666,0
2022-08-10,AAPL,-3.2904828778401605,0
2022-08-11,AAPL,-3.809417747118489,0
2022-08-12,AAPL,-1.3558696580744718,0
2022-08-15,AAPL,-4.1291990993272725,0
2022-08-16,AAPL,-3.991619629275085,0
2022-08-17,AAPL,-4.614725598394465,0
2022-08-18,AAPL,-5.398800843744129,0
2022-08-19,AAPL,-4.17550442137822,0
2022-08-22,AAPL,-3.053006993090795,0
2022-08-23,AAPL,-2.971577985445653,0
2022-08-24,AAPL,-3.1219059018539927,0
2022-08-25,AAPL,-3.6955150361816713,0
2022-08-26,AAPL,-4.203099983192309,0
2022-08-29,AAPL,-2.786393050940837,0
2022-08-30,AAPL,-2.750790387469594,0
2022-08-31,AAPL,-3.6339632506970574,0
2022-09-01,AAPL,-4.1754150601398585,0
2022-09-02,AAPL,-3.179190545397347,0
2022-09-06,AAPL,-1.9195860186988407,0
2022-09-07,AAPL,-1.612679523175606,0
2022-09-08,AAPL,-2.0968906893282444,0
2022-09-09,AAPL,-2.811557829681911,0
2022-09-12,AAPL,-3.3432824123141507,0
2022-09-13,AAPL,-5.1478941538217455,0
2022-09-14,AAPL,-3.9164023670279486,0
2022-09-15,AAPL,-2.8490064291191635,0
2022-09-16,AAPL,-3.2221485769968674,0
2022-09-19,AAPL,-1.807257235743392,0
2022-09-20,AAPL,-2.365844926231567,0
2022-09-21,AAPL,-2.9003059908764044,0
2022-09-22,AAPL,-2.357811637748481,0
2022-09-23,AAPL,-1.1870519286863295,0
2022-09-26,AAPL,-0.21230069296409154,0
2022-09-27,AAPL,0.33104882871008917,0
2022-09-28,AAPL,-0.5038852661091957,0
2022-09-29,AAPL,-1.0435343054077444,0
2022-09-30,AAPL,2.478470348717971,1
2022-10-03,AAPL,2.9802192264680145,1
2022-10-04,AAPL,1.6184485969830995,1
2022-10-05,AAPL,-0.20552924620532856,0
2022-10-06,AAPL,-1.3936386250335762,0
2022-10-07,AAPL,-1.2701537937469434,0
2022-10-10,AAPL,-0.1853261174300619,0
2022-10-11,AAPL,-0.13532308052003317,0
2022-10-12,AAPL,-0.7561819621756002,0
2022-10-13,AAPL,1.365403982852433,1
2022-10-14,AAPL,1.0703522219433281,0
2022-10-17,AAPL,1.6348128583621022,1
2022-10-18,AAPL,1.2615132164600784,1
2022-10-19,AAPL,0.8449346601095986,0
2022-10-20,AAPL,1.1254103386233605,0
2022-10-21,AAPL,1.2907635030674725,1
2022-10-24,AAPL,0.15604559236318447,0
2022-10-25,AAPL,0.1527949297541668,0
2022-10-26,AAPL,-0.1583587708433182,0
2022-10-27,AAPL,-0.15755869791784716,0
2022-10-28,AAPL,-0.055909115470339284,0
2022-10-31,AAPL,-2.6652111892391033,0
2022-11-01,AAPL,-0.86065584534723,0
2022-11-02,AAPL,-0.3614457815608382,0
2022-11-03,AAPL,0.5571158907124988,0
2022-11-04,AAPL,1.613256771614377,1
2022-11-07,AAPL,0.9040905738715684,0
2022-11-08,AAPL,0.4021891603851011,0
2022-11-09,AAPL,0.619691904788857,0
2022-11-10,AAPL,1.5258502779017358,1
2022-11-11,AAPL,-0.6736764079683495,0
2022-11-14,AAPL,-1.21349535543874,0
2022-11-15,AAPL,-1.4574474460381843,0
2022-11-16,AAPL,-3.507917859102589,0
2022-11-17,AAPL,-3.7229200817848143,0
2022-11-18,AAPL,-4.856247629211099,0
2022-11-21,AAPL,-5.038257674870645,0
2022-11-22,AAPL,-3.2223779974162783,0
2022-11-23,AAPL,-4.633609542876935,0
2022-11-25,AAPL,-4.990290577160033,0
2022-11-28,AAPL,-4.811886722082458,0
2022-11-29,AAPL,-4.920006882727406,0
2022-11-30,AAPL,-2.9771207542078613,0
2022-12-01,AAPL,-5.3848490678842005,0
2022-12-02,AAPL,-6.617580986225945,0
2022-12-05,AAPL,-5.96858228717818,0
2022-12-06,AAPL,-6.065632956880156,0
2022-12-07,AAPL,-3.4219708548804735,0
2022-12-08,AAPL,-2.7959573039400922,0
2022-12-09,AAPL,-3.094422083552715,0
2022-12-12,AAPL,-2.16145704667849,0
2022-12-13,AAPL,-2.7956111275266564,0
2022-12-14,AAPL,-2.6681964988619113,0
2022-12-15,AAPL,-1.81964246639676,0
2022-12-16,AAPL,-0.37779512721462316,0
2022-12-19,AAPL,0.2275446230709738,0
2022-12-20,AAPL,1.6408746718980802,1
2022-12-21,AAPL,2.5241246156563766,1
2022-12-22,AAPL,2.0476215887786733,1
2022-12-23,AAPL,2.9688642268252816,1
2022-12-27,AAPL,3.6859157366458275,1
2022-12-28,AAPL,4.950282155414531,1
2022-12-29,AAPL,5.743572911891542,1
2022-12-30,AAPL,5.112949250294467,1
2023-01-03,AAPL,5.370873720789239,1
2023-01-04,AAPL,10.214764259396423,1
2023-01-05,AAPL,10.668951224016473,1
2023-01-06,AAPL,9.854712060537228,1
2023-01-09,AAPL,9.720028442352033,1
2023-01-10,AAPL,7.867713157425933,1
2023-01-11,AAPL,7.1369473225837154,1
2023-01-12,AAPL,6.354480262270385,1
2023-01-13,AAPL,7.2511917918528095,1
2023-01-17,AAPL,6.458051078950894,1
2023-01-18,AAPL,6.674875542700617,1
2023-01-19,AAPL,6.324835169843329,1
2023-01-20,AAPL,5.8416716966972615,1
2023-01-23,AAPL,3.368646241706165,1
2023-01-24,AAPL,2.5544575342342064,1
2023-01-25,AAPL,2.255679760568711,1
2023-01-26,AAPL,1.5781824693282096,1
2023-01-27,AAPL,1.3020101664931651,1
2023-01-30,AAPL,0.5345083484954785,0
2023-01-31,AAPL,0.8240129818240216,0
2023-02-01,AAPL,0.5991186848585542,0
2023-02-02,AAPL,1.6891567081167052,1
2023-02-03,AAPL,0.9927601910783352,0
2023-02-06,AAPL,-0.8419940416354164,0
2023-02-07,AAPL,0.4468964628205067,0
2023-02-08,AAPL,-1.2662359653738933,0
2023-02-09,AAPL,-1.086452274312203,0
2023-02-10,AAPL,-0.05679420112717415,0
2023-02-13,AAPL,0.5132011839406144,0
2023-02-14,AAPL,-0.28684364171422394,0
2023-02-15,AAPL,0.8477558755845678,0
2023-02-16,AAPL,-0.10681854773803756,0
2023-02-17,AAPL,1.178648038664884,1
2023-02-21,AAPL,2.1399694432185155,1
2023-02-22,AAPL,3.2995977763762094,1
2023-02-23,AAPL,3.5116413354982554,1
2023-02-24,AAPL,3.76830052616449,1
2023-02-27,AAPL,4.197038351377195,1
2023-02-28,AAPL,3.5085331181923953,1
2023-03-01,AAPL,4.651991702731751,1
2023-03-02,AAPL,6.218338417968586,1
2023-03-03,AAPL,6.767511979166182,1
2023-03-06,AAPL,6.014843797654557,1
2023-03-07,AAPL,4.78140192216327,1
2023-03-08,AAPL,5.092959029925515,1
2023-03-09,AAPL,4.921865169676891,1
2023-03-10,AAPL,4.812961838337057,1
2023-03-13,AAPL,5.422190077422096,1
2023-03-14,AAPL,4.258513450597578,1
2023-03-15,AAPL,4.859823634051424,1
2023-03-16,AAPL,4.5542659953776745,1
2023-03-17,AAPL,3.589805153010644,1
2023-03-20,AAPL,4.424599962557336,1
2023-03-21,AAPL,3.99364378465469,1
2023-03-22,AAPL,2.876444422809156,1
2023-03-23,AAPL,2.8250036589625136,1
2023-03-24,AAPL,2.5144262691811763,1
2023-03-27,AAPL,1.3662137962345613,1
2023-03-28,AAPL,2.2123549326906247,1
2023-03-29,AAPL,3.873340906355217,1
2023-03-30,AAPL,3.2953022081189207,1
2023-03-31,AAPL,2.682944625940396,1
2023-04-03,AAPL,1.3756504260154063,1
2023-04-04,AAPL,0.48320237166883045,0
2023-04-05,AAPL,0.0598553462406644,0
2023-04-06,AAPL,2.8428533952766486,1
2023-04-10,AAPL,2.5550285964640698,1
2023-04-11,AAPL,2.9107052450758903,1
2023-04-12,AAPL,3.83521689357065,1
2023-04-13,AAPL,4.136260873653276,1
2023-04-14,AAPL,2.411721389561155,1
2023-04-17,AAPL,2.365202022975983,1
2023-04-18,AAPL,2.358243860711746,1
2023-04-19,AAPL,2.148495304314391,1
2023-04-20,AAPL,2.4849066084890734,1
2023-04-21,AAPL,2.8706144543710725,1
2023-04-24,AAPL,3.1522288655807347,1
2023-04-25,AAPL,2.090183800884212,1
2023-04-26,AAPL,2.7434701882474553,1
2023-04-27,AAPL,3.112242050839834,1
2023-04-28,AAPL,2.520691880417136,1
2023-05-01,AAPL,2.687179519162457,1
2023-05-02,AAPL,2.702448894602384,1
2023-05-03,AAPL,3.956345519845459,1
2023-05-04,AAPL,4.683372634600695,1
2023-05-05,AAPL,4.868448980918929,1
2023-05-08,AAPL,3.071190323613882,1
2023-05-09,AAPL,2.322486684513235,1
2023-05-10,AAPL,4.525045493071091,1
2023-05-11,AAPL,3.8896121520886244,1
2023-05-12,AAPL,4.901555903261541,1
2023-05-15,AAPL,5.205394380854344,1
2023-05-16,AAPL,5.82256792900207,1
2023-05-17,AAPL,6.689333049325875,1
2023-05-18,AAPL,5.716447052330574,1
2023-05-19,AAPL,4.7818064234228235,1
2023-05-22,AAPL,4.150616116116225,1
2023-05-23,AAPL,5.80091619497516,1
2023-05-24,AAPL,7.695169310242051,1
2023-05-25,AAPL,6.5645770624051325,1
2023-05-26,AAPL,7.0197717540427735,1
2023-05-30,AAPL,6.5749360072628455,1
2023-05-31,AAPL,5.907756900905442,1
2023-06-01,AAPL,7.144402593175403,1
2023-06-02,AAPL,5.286730172902488,1
2023-06-05,AAPL,4.350684576881335,1
2023-06-06,AAPL,5.29635856242468,1
2023-06-07,AAPL,4.912603543625258,1
2023-06-08,AAPL,4.5698883512357975,1
2023-06-09,AAPL,3.285784885242019,1
2023-06-12,AAPL,3.783060700261512,1
2023-06-13,AAPL,3.024061334397311,1
2023-06-14,AAPL,3.3282599316900345,1
2023-06-15,AAPL,4.200514869517185,1
2023-06-16,AAPL,3.2743047503253657,1
2023-06-20,AAPL,4.368394684046446,1
2023-06-21,AAPL,3.356567596847893,1
2023-06-22,AAPL,3.3114578408035387,1
2023-06-23,AAPL,2.504901617678205,1
2023-06-26,AAPL,3.0212113381450894,1
2023-06-27,AAPL,4.132051649100641,1
2023-06-28,AAPL,2.378604098574272,1
2023-06-29,AAPL,2.8889924991152864,1
2023-06-30,AAPL,3.0023724878170652,1
2023-07-03,AAPL,0.8374046597244693,0
2023-07-05,AAPL,0.05751450134452799,0
2023-07-06,AAPL,-0.07666779413094425,0
2023-07-07,AAPL,-2.942900750128213,0
2023-07-10,AAPL,-3.49019047902264,0
2023-07-11,AAPL,-2.608305240326324,0
2023-07-12,AAPL,-2.9289747838931808,0
2023-07-13,AAPL,-3.543468314735118,0
2023-07-14,AAPL,-3.7683032756511334,0
2023-07-17,AAPL,-3.2333295258335952,0
2023-07-18,AAPL,-5.027074410333634,0
2023-07-19,AAPL,-5.241069627282513,0
2023-07-20,AAPL,-6.529360947059286,0
2023-07-21,AAPL,-5.750616859045854,0
2023-07-24,AAPL,-4.853039941444066,0
2023-07-25,AAPL,-4.6002540868874835,0
2023-07-26,AAPL,-3.3881566520390427,0
2023-07-27,AAPL,-4.755684190424125,0
2023-07-28,AAPL,-3.7045439356769205,0
2023-07-31,AAPL,-3.9809579611914194,0
2023-08-01,AAPL,-2.914976432239325,0
2023-08-02,AAPL,-1.7727340209430893,0
2023-08-03,AAPL,-1.0497866077453641,0
2023-08-04,AAPL,-0.3411808445391376,0
2023-08-07,AAPL,2.552464218322171,1
2023-08-08,AAPL,1.2259671065376154,1
2023-08-09,AAPL,-0.5254833530996539,0
2023-08-10,AAPL,0.06110605299229417,0
2023-08-11,AAPL,0.42984944354495414,0
2023-08-14,AAPL,-0.38532599682721536,0
2023-08-15,AAPL,-1.3573935126011103,0
2023-08-16,AAPL,-0.44320441238759783,0
2023-08-17,AAPL,-0.4064319936831327,0
2023-08-18,AAPL,1.0289056561598158,0
2023-08-21,AAPL,1.1792876554259082,1
2023-08-22,AAPL,-0.08770633681556231,0
2023-08-23,AAPL,-0.8273749730497543,0
2023-08-24,AAPL,-1.635461769812486,0
2023-08-25,AAPL,-0.0829057133077099,0
2023-08-28,AAPL,-1.786946859690879,0
2023-08-29,AAPL,-2.6423997568870283,0
2023-08-30,AAPL,-3.82233230799261,0
2023-08-31,AAPL,-4.895650746539374,0
2023-09-01,AAPL,-4.012362875130593,0
2023-09-05,AAPL,-4.927977847848621,0
2023-09-06,AAPL,-4.557681733333794,0
2023-09-07,AAPL,-2.6345627432107297,0
2023-09-08,AAPL,-0.02554801573122867,0
2023-09-11,AAPL,0.29086085516312615,0
2023-09-12,AAPL,-0.3497957135342273,0
2023-09-13,AAPL,1.330330764523035,1
2023-09-14,AAPL,2.563736604896049,1
2023-09-15,AAPL,1.207201008565881,1
2023-09-18,AAPL,1.450576233701979,1
2023-09-19,AAPL,-0.33235093783825964,0
2023-09-20,AAPL,-1.309295222908685,0
2023-09-21,AAPL,-0.013548168400582032,0
2023-09-22,AAPL,-0.46242370805894734,0
2023-09-25,AAPL,-0.7916420114487775,0
2023-09-26,AAPL,-1.1781907714248094,0
2023-09-27,AAPL,-0.4358194702931464,0
2023-09-28,AAPL,-1.5735439101074762,0
2023-09-29,AAPL,-1.0740428225083603,0
2023-10-02,AAPL,-0.3836541529994963,0
2023-10-03,AAPL,-1.2973092970507467,0
2023-10-04,AAPL,0.6353922829852894,0
2023-10-05,AAPL,1.4558271988214089,1
2023-10-06,AAPL,0.6478809816631295,0
2023-10-09,AAPL,0.6390144947204159,0
2023-10-10,AAPL,1.0037379216723157,0
2023-10-11,AAPL,1.5925097735030351,1
2023-10-12,AAPL,0.9271357745783242,0
2023-10-13,AAPL,1.9244536615422363,1
2023-10-16,AAPL,2.0393060327841046,1
2023-10-17,AAPL,2.8694218190637595,1
2023-10-18,AAPL,3.636674401310067,1
2023-10-19,AAPL,4.6792629041352525,1
2023-10-20,AAPL,4.819436781081566,1
2023-10-23,AAPL,6.661501200188814,1
2023-10-24,AAPL,6.269954138714035,1
2023-10-25,AAPL,6.335317776149764,1
2023-10-26,AAPL,7.005822454854545,1
2023-10-27,AAPL,10.575877971844648,1
2023-10-30,AAPL,10.176958234452036,1
2023-10-31,AAPL,8.556800438660481,1
2023-11-01,AAPL,8.578690676677493,1
2023-11-02,AAPL,8.062950404255858,1
2023-11-03,AAPL,5.718449903035893,1
2023-11-06,AAPL,7.472673497627366,1
2023-11-07,AAPL,5.8660360145137345,1
2023-11-08,AAPL,5.644454975295915,1
2023-11-09,AAPL,5.753281999996368,1
2023-11-10,AAPL,4.5844169189196355,1
2023-11-13,AAPL,3.8311479525032457,1
2023-11-14,AAPL,5.9141433529432685,1
2023-11-15,AAPL,4.958122831550988,1
2023-11-16,AAPL,4.400204522378479,1
2023-11-17,AAPL,2.7868864704637675,1
2023-11-20,AAPL,3.249532039525551,1
2023-11-21,AAPL,1.4764068658224168,1
2023-11-22,AAPL,1.7823613870269535,1
2023-11-24,AAPL,1.00100565884223,0
2023-11-27,AAPL,1.37305374860689,1
2023-11-28,AAPL,1.4996403641161427,1
2023-11-29,AAPL,1.4171481322105624,1
2023-11-30,AAPL,1.415826487820556,1
2023-12-01,AAPL,-1.4488033497822561,0
2023-12-04,AAPL,-2.362977462541139,0
2023-12-05,AAPL,-2.5435021722840006,0
2023-12-06,AAPL,-4.554080881871859,0
2023-12-07,AAPL,-2.1955698402111095,0
2023-12-08,AAPL,-3.027310809220196,0
2023-12-11,AAPL,-3.152824899070382,0
2023-12-12,AAPL,-2.5877251482403376,0
2023-12-13,AAPL,-3.0292093009625956,0
2023-12-14,AAPL,-5.217923417344656,0
2023-12-15,AAPL,-5.652055873190742,0
2023-12-18,AAPL,-2.6151915344388605,0
2023-12-19,AAPL,-1.2216357746066497,0
2023-12-20,AAPL,-0.8389401643211005,0
2023-12-21,AAPL,0.09722411885857546,0
2023-12-22,AAPL,-0.05003410171865426,0
2023-12-26,AAPL,0.15958289261748712,0
2023-12-27,AAPL,-0.1757643026866061,0
2023-12-28,AAPL,-0.39626851661275597,0
2023-12-29,AAPL,-1.4972869039103647,0
2024-01-02,AAPL,-2.15006508555844,0
2024-01-03,AAPL,0.37239093252445576,0
2024-01-04,AAPL,0.49353883383335445,0
2024-01-05,AAPL,1.8111399465136193,1
2024-01-08,AAPL,2.538156866857316,1
2024-01-09,AAPL,1.2867118088980891,1
2024-01-10,AAPL,1.0608307230191543,0
2024-01-11,AAPL,0.9651456989140992,0
2024-01-12,AAPL,0.5942664647559137,0
2024-01-16,AAPL,-0.2092833766754588,0
2024-01-17,AAPL,0.25284079203624055,0
2024-01-18,AAPL,0.47745813145557997,0
2024-01-19,AAPL,-2.492770058879662,0
2024-01-22,AAPL,-4.317772769112934,0
2024-01-23,AAPL,-5.244972015807006,0
2024-01-24,AAPL,-4.686757315886454,0
2024-01-25,AAPL,-5.158471664247262,0
2024-01-26,AAPL,-5.608362557206855,0
2024-01-29,AAPL,-4.099932771331836,0
2024-01-30,AAPL,-4.326224079988004,0
2024-01-31,AAPL,-3.356134123390578,0
2024-02-01,AAPL,-2.4366644313481363,0
2024-02-02,AAPL,-5.559299669056378,0
2024-02-05,AAPL,-6.374726958966453,0
2024-02-06,AAPL,-7.908137092242928,0
2024-02-07,AAPL,-9.026147929852256,0
2024-02-08,AAPL,-7.818768246262677,0
2024-02-09,AAPL,-6.089507799457795,0
2024-02-12,AAPL,-6.210909724012484,0
2024-02-13,AAPL,-6.3794522507176294,0
2024-02-14,AAPL,-4.638841085252211,0
2024-02-15,AAPL,-4.4598249552042715,0
2024-02-16,AAPL,-3.84654136454093,0
2024-02-20,AAPL,-2.265532241089877,0
2024-02-21,AAPL,-1.0015342726758862,0
2024-02-22,AAPL,-3.1263434285159377,0
2024-02-23,AAPL,-3.475429425250001,0
2024-02-26,AAPL,-3.393998575662398,0
2024-02-27,AAPL,-3.3561177134895823,0
2024-02-28,AAPL,-2.5631759138897436,0
2024-02-29,AAPL,-2.7435855810846754,0
2024-03-01,AAPL,-2.9671845278814923,0
2024-03-04,AAPL,-3.012314831770137,0
2024-03-05,AAPL,-1.6193465454664695,0
2024-03-06,AAPL,-0.43258268011950474,0
2024-03-07,AAPL,0.15344251378472498,0
2024-03-08,AAPL,-0.18302276409437035,0
2024-03-11,AAPL,-0.3522436793302642,0
2024-03-12,AAPL,-1.6630922080317512,0
2024-03-13,AAPL,0.4807176232757391,0
2024-03-14,AAPL,1.4579689783344276,1
2024-03-15,AAPL,-0.08070798603687747,0
2024-03-18,AAPL,-0.8271797454043752,0
2024-03-19,AAPL,-1.4628153656877512,0
2024-03-20,AAPL,-2.3479108913408133,0
2024-03-21,AAPL,-3.619341841904403,0
2024-03-22,AAPL,-1.7396244576353257,0
2024-03-25,AAPL,-1.6793200998034667,0
2024-03-26,AAPL,-0.5610013209151626,0
2024-03-27,AAPL,0.05530833312882342,0
2024-03-28,AAPL,-1.2934038924938767,0
2024-04-01,AAPL,0.607204754175397,0
2024-04-02,AAPL,0.08858048420498878,0
2024-04-03,AAPL,0.13692645093028658,0
2024-04-04,AAPL,0.9482370993837407,0
2024-04-05,AAPL,3.1287127544121636,1
2024-04-08,AAPL,2.5867338047073205,1
2024-04-09,AAPL,2.9982470160952253,1
2024-04-10,AAPL,2.798115525728498,1
2024-04-11,AAPL,3.6411276078097097,1
2024-04-12,AAPL,1.9440450697361231,1
2024-04-15,AAPL,2.286002357601628,1
2024-04-16,AAPL,3.6402262174599427,1
2024-04-17,AAPL,5.252762625774395,1
2024-04-18,AAPL,5.74452321057282,1
2024-04-19,AAPL,6.07819627991438,1
2024-04-22,AAPL,7.195435540014865,1
2024-04-23,AAPL,7.283863163790601,1
2024-04-24,AAPL,6.468722932502085,1
2024-04-25,AAPL,4.555656026587679,1
2024-04-26,AAPL,5.006085755688645,1
2024-04-29,AAPL,5.184965278059461,1
2024-04-30,AAPL,4.3052172371565725,1
2024-05-01,AAPL,5.689934835201493,1
2024-05-02,AAPL,6.318945850450262,1
2024-05-03,AAPL,5.853309557988431,1
2024-05-06,AAPL,5.056556523845956,1
2024-05-07,AAPL,6.788203492340545,1
2024-05-08,AAPL,5.609242130224132,1
2024-05-09,AAPL,6.348051562426625,1
2024-05-10,AAPL,3.4563519498527397,1
2024-05-13,AAPL,5.256834997108346,1
2024-05-14,AAPL,5.556521846183497,1
2024-05-15,AAPL,5.528144375773672,1
2024-05-16,AAPL,4.632032501818508,1
2024-05-17,AAPL,5.340713495426503,1
2024-05-20,AAPL,4.800768212710116,1
2024-05-21,AAPL,3.5235758034031686,1
2024-05-22,AAPL,2.831771680461106,1
2024-05-23,AAPL,3.257493851425188,1
2024-05-24,AAPL,4.416988840942966,1
2024-05-28,AAPL,4.522649593758934,1
2024-05-29,AAPL,4.685126405277848,1
2024-05-30,AAPL,3.864039021016441,1
2024-05-31,AAPL,4.6009522210304485,1
2024-06-03,AAPL,4.9813827315201955,1
2024-06-04,AAPL,4.858252590409432,1
2024-06-05,AAPL,5.521141146069138,1
2024-06-06,AAPL,5.474972295482669,1
2024-06-07,AAPL,5.937745225121954,1
2024-06-10,AAPL,6.134603368739598,1
2024-06-11,AAPL,5.8998109310388145,1
2024-06-12,AAPL,5.201557243708326,1
2024-06-13,AAPL,4.847249147174605,1
2024-06-14,AAPL,4.6568095178505,1
2024-06-17,AAPL,3.496634963125425,1
2024-06-18,AAPL,1.5647588814915288,1
2024-06-20,AAPL,2.1314709735891313,1
2024-06-21,AAPL,3.257328768092631,1
2024-06-24,AAPL,4.093737594401149,1
2024-06-25,AAPL,2.21812320809533,1
2024-06-26,AAPL,1.7893668396308453,1
2024-06-27,AAPL,1.0213511548103993,0
2024-06-28,AAPL,0.8961566122031176,0
2024-07-01,AAPL,1.8389800843481987,1
2024-07-02,AAPL,1.2458194150065343,1
2024-07-03,AAPL,-0.44406222706280857,0
2024-07-05,AAPL,-0.3898056449008261,0
2024-07-08,AAPL,-3.3941929540180524,0
2024-07-09,AAPL,-4.127861746920177,0
2024-07-10,AAPL,-3.685657288671185,0
2024-07-11,AAPL,-3.805350698952516,0
2024-07-12,AAPL,-2.2249637609253727,0
2024-07-15,AAPL,-2.5113706339363184,0
2024-07-16,AAPL,-2.488205427339971,0
2024-07-17,AAPL,-2.4771119964411343,0
2024-07-18,AAPL,-0.7796348509755856,0
2024-07-19,AAPL,0.4450648842350795,0
2024-07-22,AAPL,0.3844572598242577,0
2024-07-23,AAPL,0.5867182871817446,0
2024-07-24,AAPL,0.3445176382033069,0
2024-07-25,AAPL,1.447788990342187,1
2024-07-26,AAPL,2.2128944930330943,1
2024-07-29,AAPL,2.1789996871482358,1
2024-07-30,AAPL,2.3038491297564736,1
2024-07-31,AAPL,1.8105971887339614,1
2024-08-01,AAPL,1.7917421592937834,1
2024-08-02,AAPL,2.571432596807329,1
2024-08-05,AAPL,0.6893299012187537,0
2024-08-06,AAPL,3.776221538787443,1
2024-08-07,AAPL,5.081107834906329,1
2024-08-08,AAPL,3.6940708112883636,1
2024-08-09,AAPL,2.6791134836468826,1
2024-08-12,AAPL,1.4447182105977987,1
2024-08-13,AAPL,1.7496958805182257,1
2024-08-14,AAPL,0.5441813690386063,0
2024-08-15,AAPL,0.2829388268033531,0
2024-08-16,AAPL,-2.682631405839531,0
2024-08-19,AAPL,-2.974063699452772,0
2024-08-20,AAPL,-1.5336494407891788,0
2024-08-21,AAPL,0.5558993175694933,0
2024-08-22,AAPL,0.42415625451815325,0
2024-08-23,AAPL,0.4614624695861941,0
2024-08-26,AAPL,0.12654850707698548,0
2024-08-27,AAPL,-0.19327127425149052,0
2024-08-28,AAPL,-0.12096668645543199,0
2024-08-29,AAPL,0.3110305745718549,0
2024-08-30,AAPL,0.7267563595034404,0
2024-09-03,AAPL,-0.5843667186293842,0
2024-09-04,AAPL,0.9233465651078814,0
2024-09-05,AAPL,1.1250623397741304,0
2024-09-06,AAPL,1.027900431908947,0
2024-09-09,AAPL,0.1943668662743277,0
2024-09-10,AAPL,1.041668395224689,0
2024-09-11,AAPL,1.9689941919621383,1
2024-09-12,AAPL,1.3366166743849455,1
2024-09-13,AAPL,0.9987160349192271,0
2024-09-16,AAPL,1.7877744464490042,1
2024-09-17,AAPL,3.9315930470403946,1
2024-09-18,AAPL,3.3182659431886736,1
2024-09-19,AAPL,2.575616538276036,1
2024-09-20,AAPL,1.5488324215089304,1
2024-09-23,AAPL,2.0873872132826663,1
2024-09-24,AAPL,2.40439771985134,1
2024-09-25,AAPL,0.8123593025347408,0
2024-09-26,AAPL,1.0123687213615227,0
2024-09-27,AAPL,0.9348147025866882,0
2024-09-30,AAPL,1.331453261005468,1
2024-10-01,AAPL,0.1681246992912413,0
2024-10-02,AAPL,1.112865521801941,0
2024-10-03,AAPL,-0.2361650129665705,0
2024-10-04,AAPL,-0.7382505170263708,0
2024-10-07,AAPL,-1.285301464354976,0
2024-10-08,AAPL,0.5150976519341831,0
2024-10-09,AAPL,-0.9453587859791028,0
2024-10-10,AAPL,-0.604274763488291,0
2024-10-11,AAPL,-0.538066670796162,0
2024-10-14,AAPL,-0.8948320168920691,0
2024-10-15,AAPL,-2.093464445390234,0
2024-10-16,AAPL,-2.656118788978847,0
2024-10-17,AAPL,-0.9975681575979579,0
2024-10-18,AAPL,-2.0245380961169386,0
2024-10-21,AAPL,-1.936477557208618,0
2024-10-22,AAPL,-2.303105487937773,0
2024-10-23,AAPL,-1.9065073951635534,0
2024-10-24,AAPL,-0.6384069335698616,0
2024-10-25,AAPL,-0.14192014855241633,0
2024-10-28,AAPL,0.521946765706242,0
2024-10-29,AAPL,0.576586408171336,0
2024-10-30,AAPL,0.45616885184891526,0
2024-10-31,AAPL,2.3502543455193066,1
2024-11-01,AAPL,4.834818830410621,1
2024-11-04,AAPL,7.3683168667660635,1
2024-11-05,AAPL,8.000396289646279,1
2024-11-06,AAPL,7.417157110456364,1
2024-11-07,AAPL,7.708135071232878,1
2024-11-08,AAPL,7.652647180418604,1
2024-11-11,AAPL,8.23178939793043,1
2024-11-12,AAPL,9.568497028520628,1
2024-11-13,AAPL,10.261438936257468,1
2024-11-14,AAPL,9.857287331951557,1
2024-11-15,AAPL,9.797420229365489,1
2024-11-18,AAPL,14.921905813817904,1
2024-11-19,AAPL,7.720909165233985,1
2024-11-20,AAPL,8.260400381913012,1
2024-11-21,AAPL,9.05837783954995,1
2024-11-22,AAPL,9.652107071029816,1
2024-11-25,AAPL,10.014819183752213,1
2024-11-26,AAPL,9.3366315221974,1
2024-11-27,AAPL,6.708576823688348,1
2024-11-29,AAPL,5.292890248936267,1
2024-12-02,AAPL,3.958820350310189,1
2024-12-03,AAPL,1.117740411126121,0
2024-12-04,AAPL,0.19013721746561618,0
2024-12-05,AAPL,0.526825310574534,0
2024-12-06,AAPL,-0.2157727459042427,0
2024-12-09,AAPL,-0.03634971995043311,0
2024-12-10,AAPL,-2.471616200101392,0
2024-12-11,AAPL,-3.3352642782143582,0
2024-12-12,AAPL,-3.312786526912679,0
2024-12-13,AAPL,-2.3517761650848907,0
2024-12-16,AAPL,-3.983841171749105,0
2024-12-17,AAPL,-4.230135081239671,0
2024-12-18,AAPL,-5.953750087528976,0
2024-12-19,AAPL,-4.778128384267858,0
2024-12-20,AAPL,-5.201416680492418,0
2024-12-23,AAPL,-6.659678212989541,0
2024-12-24,AAPL,-4.633340548163688,0
2024-12-26,AAPL,-3.1962141841177294,0
2024-12-27,AAPL,-3.134344816661048,0
2024-12-30,AAPL,-2.9158471134435593,0
2024-12-31,AAPL,-2.667460659511518,0
2025-01-02,AAPL,-3.54185276891517,0
2025-01-03,AAPL,-1.7474592074657898,0
2025-01-06,AAPL,-1.72505223931534,0
2025-01-07,AAPL,-1.8626175643489657,0
2025-01-08,AAPL,-2.29160878922909,0
2025-01-10,AAPL,-2.323462412970355,0
2025-01-13,AAPL,-0.623194033071031,0
2025-01-14,AAPL,0.42088126377777824,0
2025-01-15,AAPL,1.2808088623092082,1
2025-01-16,AAPL,1.0476579467245837,0
2025-01-17,AAPL,2.8442092676270376,1
2025-01-21,AAPL,2.6077148149622738,1
2025-01-22,AAPL,4.555390023739507,1
2025-01-23,AAPL,4.248659090497738,1
2025-01-24,AAPL,4.5792314517136425,1
2025-01-27,AAPL,4.769660373925648,1
2025-01-28,AAPL,2.0538484100681322,1
2025-01-29,AAPL,-0.1456755004424849,0
2025-01-30,AAPL,0.5463127807692255,0
2025-01-31,AAPL,0.13845795439691969,0
2025-02-03,AAPL,0.03754189746089085,0
2025-02-04,AAPL,1.8462108409552047,1
2025-02-05,AAPL,0.6711977559999057,0
2025-02-06,AAPL,1.5933848397742818,1
2025-02-07,AAPL,-1.015972597600222,0
2025-02-10,AAPL,-1.2182913128499597,0
2025-02-11,AAPL,-1.9681862497451945,0
2025-02-12,AAPL,-4.165540120281503,0
2025-02-13,AAPL,-4.170776740708666,0
2025-02-14,AAPL,-5.059562424771093,0
2025-02-18,AAPL,-6.009757570432226,0
2025-02-19,AAPL,-5.346314994268911,0
2025-02-20,AAPL,-5.664620462053909,0
2025-02-21,AAPL,-4.816769280721145,0
2025-02-24,AAPL,-4.239145556073747,0
2025-02-25,AAPL,-3.8909597224211265,0
2025-02-26,AAPL,-4.271467778193484,0
2025-02-27,AAPL,-2.8505069332459128,0
2025-02-28,AAPL,-3.311955039751713,0
2025-03-03,AAPL,-3.2984830277838624,0
2025-03-04,AAPL,-2.511363974867319,0
2025-03-05,AAPL,-2.0437637973608185,0
2025-03-06,AAPL,-3.9715246638751673,0
2025-03-07,AAPL,-5.265078656825435,0
2025-03-10,AAPL,-6.541301744263716,0
2025-03-11,AAPL,-6.557791784613765,0
2025-03-12,AAPL,-1.7098565423591472,0
2025-03-13,AAPL,-2.0976437096966625,0
2025-03-14,AAPL,-0.8978017366564428,0
2025-03-17,AAPL,-0.8357946265348354,0
2025-03-18,AAPL,-0.9035994973266293,0
2025-03-19,AAPL,-1.4155171775162683,0
2025-03-20,AAPL,-1.384294948901125,0
2025-03-21,AAPL,-1.603320467044994,0
2025-03-24,AAPL,-1.369263634549076,0
2025-03-25,AAPL,-1.164507407343182,0
2025-03-26,AAPL,-1.0908125148927657,0
2025-03-27,AAPL,-0.8712669998129924,0
2025-03-28,AAPL,-0.9692982927023202,0
2025-03-31,AAPL,-0.48099979509858076,0
2025-04-01,AAPL,-0.6863656234558714,0
2025-04-02,AAPL,-0.7005312040813292,0
2025-04-03,AAPL,-1.322483600336559,0
2025-04-04,AAPL,-0.35812879821421656,0
2025-04-07,AAPL,0.9473608597843954,0
2025-04-08,AAPL,1.4471406933965627,1
2025-04-09,AAPL,2.6344731996251896,1
2025-04-10,AAPL,-0.05212111077721514,0
2025-04-11,AAPL,3.1403150805857933,1
2025-04-14,AAPL,2.3558808137916984,1
2025-04-15,AAPL,1.5870377237990212,1
2025-04-16,AAPL,1.5110798408085115,1
2025-04-17,AAPL,3.0465289487100686,1
2025-04-21,AAPL,2.1137436121789523,1
2025-04-22,AAPL,2.5324343393324282,1
2025-04-23,AAPL,0.4815858215590038,0
2025-04-24,AAPL,-0.5619313944593296,0
2025-04-25,AAPL,-2.375576559279413,0
2025-04-28,AAPL,-1.54011658803783,0
2025-04-29,AAPL,-1.652119480649776,0
2025-04-30,AAPL,-1.9246025564816007,0
2025-05-01,AAPL,-1.9849485544554564,0
2025-05-02,AAPL,-1.9710017183338575,0
2025-05-05,AAPL,-0.34507129766336675,0
2025-05-06,AAPL,0.8742164472808818,0
2025-05-07,AAPL,0.4948580687787691,0
2025-05-08,AAPL,1.6361330331907604,1
2025-05-09,AAPL,0.8629552256014383,0
2025-05-12,AAPL,0.894518261139446,0
2025-05-13,AAPL,-3.4181248621773275,0
2025-05-14,AAPL,-3.9703107684648873,0
2025-05-15,AAPL,-4.553795711066789,0
2025-05-16,AAPL,-3.630505380130309,0
2025-05-19,AAPL,-4.317451192714864,0
2025-05-20,AAPL,-3.388125561854311,0
2025-05-21,AAPL,-1.507739372113475,0
2025-05-22,AAPL,-0.16354905102553066,0
2025-05-23,AAPL,-0.2943661284035897,0
2025-05-27,AAPL,2.0535942711583917,1
2025-05-28,AAPL,0.28681751464611926,0
2025-05-29,AAPL,0.2394854571715805,0
2025-05-30,AAPL,1.7346271574540635,1
2025-06-02,AAPL,2.2430841175918697,1
2025-06-03,AAPL,3.1828051730784286,1
2025-06-04,AAPL,3.037202893311692,1
2025-06-05,AAPL,2.015396773027342,1
2025-06-06,AAPL,2.731339942939861,1
2025-06-09,AAPL,2.1459314384339003,1
2025-06-10,AAPL,3.375039931696496,1
2025-06-11,AAPL,2.5906246880086843,1
2025-06-12,AAPL,3.1986329852053426,1
2025-06-13,AAPL,3.214242222887312,1
2025-06-16,AAPL,4.719688851611637,1
2025-06-17,AAPL,4.006095461518866,1
2025-06-18,AAPL,5.769879751748944,1
2025-06-20,AAPL,5.864273901585707,1
2025-06-23,AAPL,5.3125753413021055,1
2025-06-24,AAPL,4.986969124650379,1
2025-06-25,AAPL,5.418709124468248,1
2025-06-26,AAPL,4.950825277562322,1
2025-06-27,AAPL,5.294531791935748,1
2025-06-30,AAPL,3.8790606692163982,1
2025-07-01,AAPL,1.5536237387723593,1
2025-07-02,AAPL,-0.1028820557084333,0
2025-07-03,AAPL,-4.0872926595376144,0
2025-07-07,AAPL,-4.131585500813382,0
2025-07-08,AAPL,-3.101626958028735,0
2025-07-09,AAPL,0.8301194780231878,0
2025-07-10,AAPL,2.01908498818245,1
2025-07-11,AAPL,3.280070131830004,1
2025-07-14,AAPL,3.1611122181628692,1
2025-07-15,AAPL,4.209482240315232,1
2025-07-16,AAPL,4.752589590432861,1
2025-07-17,AAPL,4.41656696312956,1
2025-07-18,AAPL,4.203011100573953,1
2025-07-21,AAPL,3.8234808458843896,1
2025-07-22,AAPL,3.4959703770626653,1
2025-07-23,AAPL,2.1899989045037427,1
2025-07-24,AAPL,2.031194878987846,1
2025-07-25,AAPL,2.6028219957178873,1
2025-07-28,AAPL,2.4693448429155977,1
2025-07-29,AAPL,2.809607171380257,1
2025-07-30,AAPL,3.612789474763498,1
2025-07-31,AAPL,4.48250258734304,1
2025-08-01,AAPL,4.740050269129944,1
2025-08-04,AAPL,5.677997503805573,1
2025-08-05,AAPL,6.6162223353764515,1
2025-08-06,AAPL,6.978002010650805,1
2025-08-07,AAPL,5.732301553678699,1
2025-08-08,AAPL,4.086019744800901,1
2025-08-11,AAPL,1.386615741784532,1
2025-08-12,AAPL,-0.09079347601719812,0
2025-08-13,AAPL,0.08648298573608602,0
2025-08-14,AAPL,0.1646473160359488,0
2025-08-15,AAPL,0.8576007775188922,0
2025-08-18,AAPL,1.4365670755051065,1
2025-08-19,AAPL,1.7766820279055273,1
2025-08-20,AAPL,1.6049683904906569,1
2025-08-21,AAPL,4.10002718778889,1
2025-08-22,AAPL,5.699354411652941,1
2025-08-25,AAPL,4.820055319658763,1
2025-08-26,AAPL,4.5251575192831455,1
2025-08-27,AAPL,4.8349553930038915,1
2025-08-28,AAPL,4.342843119983723,1
2025-08-29,AAPL,3.7784433801682042,1
2025-09-02,AAPL,3.895059481131888,1
2025-09-03,AAPL,4.553585116504126,1
2025-09-04,AAPL,3.557917211133057,1
2025-09-05,AAPL,3.463648485459972,1
2025-09-08,AAPL,3.2187616746573857,1
2025-09-09,AAPL,3.5721111275551953,1
2025-09-10,AAPL,4.743308752212324,1
2025-09-11,AAPL,6.2903833747536835,1
2025-09-12,AAPL,3.016472444195162,1
2025-09-15,AAPL,2.6971182278576955,1
2025-09-16,AAPL,2.200356214548675,1
2025-09-17,AAPL,2.2100556978059114,1
2025-09-18,AAPL,1.6595701863221117,1
2025-09-19,AAPL,2.739356040115556,1
2025-09-22,AAPL,2.946565816670813,1
2025-09-23,AAPL,1.357144355636334,1
2025-09-24,AAPL,0.8007901622857176,0
2025-09-25,AAPL,1.4641029643089485,1
2025-09-26,AAPL,1.2019028864876922,1
2025-09-29,AAPL,2.559255423782339,1
2025-09-30,AAPL,2.810154550573103,1
2025-10-01,AAPL,2.90282948351025,1
2025-10-02,AAPL,3.0536850192086833,1
2025-10-03,AAPL,2.5241584389269067,1
2025-10-06,AAPL,2.093188618711537,1
2025-10-07,AAPL,2.5498660133501216,1
2025-10-08,AAPL,2.6114789698368623,1
2025-10-09,AAPL,2.233762230227548,1
2025-10-10,AAPL,2.86966947914636,1
2025-10-13,AAPL,6.1316414738993705,1
2025-10-14,AAPL,6.59074840152276,1
2025-10-15,AAPL,6.05181963109902,1
2025-10-16,AAPL,5.5184838113787125,1
2025-10-17,AAPL,5.958221434972877,1
2025-10-20,AAPL,3.5064213396609696,1
2025-10-21,AAPL,1.5868980236142138,1
2025-10-22,AAPL,1.7492184326791704,1
2025-10-23,AAPL,2.5061739835021446,1
2025-10-24,AAPL,3.446432395165074,1
2025-10-27,AAPL,3.6495839334669826,1
2025-10-28,AAPL,2.5387022570795725,1
2025-10-29,AAPL,2.6528382649980196,1
2025-10-30,AAPL,2.8163224889006826,1
2025-10-31,AAPL,3.3888297194427786,1
2025-11-03,AAPL,4.499628763543151,1
2025-11-04,AAPL,4.279381179804825,1
2025-11-05,AAPL,2.903394529016915,1
2025-11-06,AAPL,2.33521235158609,1
2025-11-07,AAPL,2.196877112733051,1
2025-11-10,AAPL,2.3725504752830013,1
2025-11-11,AAPL,2.455528724439371,1
2025-11-12,AAPL,0.7991925946182613,0
2025-11-13,AAPL,1.4066064516441366,1
2025-11-14,AAPL,0.32105354382852114,0
2025-11-17,AAPL,0.6093824378738468,0
2025-11-18,AAPL,1.313369790345048,1
2025-11-19,AAPL,1.4236710668346362,1
2025-11-20,AAPL,1.519988955028591,1
2025-11-21,AAPL,1.406740227545704,1
2025-11-24,AAPL,0.2846435343569807,0
2025-11-25,AAPL,-0.7467487362340847,0
2025-11-26,AAPL,-1.2711760500029687,0
2025-11-28,AAPL,-1.3492622995516221,0
2025-12-01,AAPL,-2.076074628655451,0
2025-12-02,AAPL,-4.582704934305575,0
2025-12-03,AAPL,-6.857559597408169,0
2025-12-04,AAPL,-7.201891995079623,0
2025-12-05,AAPL,-7.289138504966073,0
2025-12-08,AAPL,-7.35909250276617,0
2025-12-09,AAPL,,0
2025-12-10,AAPL,,0
2025-12-11,AAPL,,0
2025-12-12,AAPL,,0
2025-12-15,AAPL,,0
2025-12-16,AAPL,,0
2025-12-17,AAPL,,0
2025-12-18,AAPL,,0
2025-12-19,AAPL,,0
2025-12-22,AAPL,,0
2025-12-23,AAPL,,0
2025-12-24,AAPL,,0
2025-12-26,AAPL,,0
2025-12-29,AAPL,,0
2025-12-30,AAPL,,0
2025-12-31,AAPL,,0
2026-01-02,AAPL,,0
2026-01-05,AAPL,,0
2026-01-06,AAPL,,0
2026-01-07,AAPL,,0
2019-10-17,AMZN,,0
2019-10-18,AMZN,,0
2019-10-21,AMZN,,0
2019-10-22,AMZN,,0
2019-10-23,AMZN,,0
2019-10-24,AMZN,,0
2019-10-25,AMZN,,0
2019-10-28,AMZN,,0
2019-10-29,AMZN,,0
2019-10-30,AMZN,,0
2019-10-31,AMZN,,0
2019-11-01,AMZN,,0
2019-11-04,AMZN,,0
2019-11-05,AMZN,,0
2019-11-06,AMZN,,0
2019-11-07,AMZN,,0
2019-11-08,AMZN,,0
2019-11-11,AMZN,,0
2019-11-12,AMZN,,0
2019-11-13,AMZN,,0
2019-11-14,AMZN,0.409049873444167,0
2019-11-15,AMZN,0.7558960936780335,0
2019-11-18,AMZN,2.6110890218536174,1
2019-11-19,AMZN,1.6142183681588078,1
2019-11-20,AMZN,2.009661868005284,1
2019-11-21,AMZN,2.0992668293730747,1
2019-11-22,AMZN,3.0476761826022214,1
2019-11-25,AMZN,2.2796379148993995,1
2019-11-26,AMZN,3.290707579337872,1
2019-11-27,AMZN,2.5596815327558464,1
2019-11-29,AMZN,0.9842594103066443,0
2019-12-02,AMZN,1.6735631574421042,1
2019-12-03,AMZN,3.808303962069852,1
2019-12-04,AMZN,3.394043498477863,1
2019-12-05,AMZN,4.531161020815313,1
2019-12-06,AMZN,5.526653539586967,1
2019-12-09,AMZN,4.5688654249960265,1
2019-12-10,AMZN,4.941733373102169,1
2019-12-11,AMZN,4.671572596493282,1
2019-12-12,AMZN,4.606395885111274,1
2019-12-13,AMZN,3.4263655874735575,1
2019-12-16,AMZN,3.1623150876062507,1
2019-12-17,AMZN,3.365304848302831,1
2019-12-18,AMZN,2.2880286178459426,1
2019-12-19,AMZN,3.26723707706876,1
2019-12-20,AMZN,2.868822577271178,1
2019-12-23,AMZN,2.96989823018786,1
2019-12-24,AMZN,2.0318654698166805,1
2019-12-26,AMZN,1.1188357958885269,0
2019-12-27,AMZN,-0.5547918944193637,0
2019-12-30,AMZN,-0.4205325959456302,0
2019-12-31,AMZN,0.8691169747090136,0
2020-01-02,AMZN,3.3206485379594115,1
2020-01-03,AMZN,2.248187939207365,1
2020-01-06,AMZN,3.6472358072220965,1
2020-01-07,AMZN,2.8560666841370153,1
2020-01-08,AMZN,2.978094023843178,1
2020-01-09,AMZN,3.8889436290569073,1
2020-01-10,AMZN,4.612370750245412,1
2020-01-13,AMZN,5.392558948722937,1
2020-01-14,AMZN,5.390665264478724,1
2020-01-15,AMZN,5.756448753221178,1
2020-01-16,AMZN,5.601601443644406,1
2020-01-17,AMZN,5.6475179933407125,1
2020-01-21,AMZN,6.3029746428099465,1
2020-01-22,AMZN,5.309944541810737,1
2020-01-23,AMZN,4.020163272914614,1
2020-01-24,AMZN,2.1800657576507154,1
2020-01-27,AMZN,1.950299375833956,1
2020-01-28,AMZN,2.7365319328063653,1
2020-01-29,AMZN,0.508977618765174,0
2020-01-30,AMZN,0.4216627647339782,0
2020-01-31,AMZN,1.272431423520588,1
2020-02-03,AMZN,-1.8322346896350825,0
2020-02-04,AMZN,-0.47906378128248595,0
2020-02-05,AMZN,-2.123370500856093,0
2020-02-06,AMZN,-2.3564177606132426,0
2020-02-07,AMZN,-3.913920925068166,0
2020-02-10,AMZN,-2.591094416387824,0
2020-02-11,AMZN,-4.348534459053519,0
2020-02-12,AMZN,-5.923411782877549,0
2020-02-13,AMZN,-4.050121840939576,0
2020-02-14,AMZN,-4.93286194084549,0
2020-02-18,AMZN,-3.078654599113124,0
2020-02-19,AMZN,-3.0283542491575743,0
2020-02-20,AMZN,-2.606066989625774,0
2020-02-21,AMZN,-2.7969217854251904,0
2020-02-24,AMZN,-1.7357890759189951,0
2020-02-25,AMZN,-0.6384403592944413,0
2020-02-26,AMZN,-0.815710748263478,0
2020-02-27,AMZN,-0.21748658138553453,0
2020-02-28,AMZN,0.15165436028000895,0
2020-03-02,AMZN,0.7463993216634082,0
2020-03-03,AMZN,-0.03946938386709806,0
2020-03-04,AMZN,-0.012322724789209524,0
2020-03-05,AMZN,-0.5431288645718191,0
2020-03-06,AMZN,-0.17056694680091283,0
2020-03-09,AMZN,0.9013476742172873,0
2020-03-10,AMZN,2.1234165619134617,1
2020-03-11,AMZN,1.5204032178854652,1
2020-03-12,AMZN,2.348010007304091,1
2020-03-13,AMZN,5.913026503218115,1
2020-03-16,AMZN,5.792053136087671,1
2020-03-17,AMZN,8.347283279756661,1
2020-03-18,AMZN,8.223516760915299,1
2020-03-19,AMZN,7.288748105465191,1
2020-03-20,AMZN,6.791521234254874,1
2020-03-23,AMZN,6.399482681555398,1
2020-03-24,AMZN,6.054238266777471,1
2020-03-25,AMZN,5.946507196681233,1
2020-03-26,AMZN,7.248378377297575,1
2020-03-27,AMZN,5.765694332376659,1
2020-03-30,AMZN,5.873423766339789,1
2020-03-31,AMZN,5.7051925020597976,1
2020-04-01,AMZN,6.994634084272562,1
2020-04-02,AMZN,4.307771876788974,1
2020-04-03,AMZN,4.478170626712086,1
2020-04-06,AMZN,4.668987976017991,1
2020-04-07,AMZN,4.042920154427362,1
2020-04-08,AMZN,4.04143790778223,1
2020-04-09,AMZN,3.788553919896133,1
2020-04-13,AMZN,4.100447463980657,1
2020-04-14,AMZN,2.199397270355469,1
2020-04-15,AMZN,1.0401081430145853,0
2020-04-16,AMZN,0.9893305759204418,0
2020-04-17,AMZN,0.020143810269430577,0
2020-04-20,AMZN,0.6562199005833576,0
2020-04-21,AMZN,0.7064478020739782,0
2020-04-22,AMZN,2.2163808073481213,1
2020-04-23,AMZN,1.07221243052469,0
2020-04-24,AMZN,0.4828136601448945,0
2020-04-27,AMZN,0.15009352596123668,0
2020-04-28,AMZN,0.4513543482224806,0
2020-04-29,AMZN,1.1982267135860145,1
2020-04-30,AMZN,0.9529888460571324,0
2020-05-01,AMZN,-0.04274235160781094,0
2020-05-04,AMZN,5.375290922483885,1
2020-05-05,AMZN,4.736911555341302,1
2020-05-06,AMZN,4.092113510949949,1
2020-05-07,AMZN,3.8059024835639286,1
2020-05-08,AMZN,4.315631839798536,1
2020-05-11,AMZN,5.309909928121328,1
2020-05-12,AMZN,5.537217751058761,1
2020-05-13,AMZN,4.304601136140401,1
2020-05-14,AMZN,3.7594712925273344,1
2020-05-15,AMZN,3.85259850178049,1
2020-05-18,AMZN,4.185636391129799,1
2020-05-19,AMZN,4.324695269762467,1
2020-05-20,AMZN,4.106373712763337,1
2020-05-21,AMZN,3.605424588349803,1
2020-05-22,AMZN,5.82545546882401,1
2020-05-26,AMZN,7.01518445803718,1
2020-05-27,AMZN,6.630339713422969,1
2020-05-28,AMZN,7.40364595090207,1
2020-05-29,AMZN,5.821458042372634,1
2020-06-01,AMZN,4.749549379497591,1
2020-06-02,AMZN,5.314623063164947,1
2020-06-03,AMZN,6.534778650008346,1
2020-06-04,AMZN,6.610520381760221,1
2020-06-05,AMZN,8.123442545374031,1
2020-06-08,AMZN,6.753476575156404,1
2020-06-09,AMZN,7.021264578189077,1
2020-06-10,AMZN,7.066897789169392,1
2020-06-11,AMZN,6.655946329588072,1
2020-06-12,AMZN,6.916703283562188,1
2020-06-15,AMZN,6.850992353683722,1
2020-06-16,AMZN,5.277517844908065,1
2020-06-17,AMZN,4.621144679119217,1
2020-06-18,AMZN,3.8002484386904314,1
2020-06-19,AMZN,5.105021009550016,1
2020-06-22,AMZN,4.281993258191974,1
2020-06-23,AMZN,3.5310213213779025,1
2020-06-24,AMZN,1.9572217401474359,1
2020-06-25,AMZN,2.4372376626827346,1
2020-06-26,AMZN,2.631189341112119,1
2020-06-29,AMZN,2.7643410428222457,1
2020-06-30,AMZN,3.17124309492944,1
2020-07-01,AMZN,2.6286769082928334,1
2020-07-02,AMZN,2.4985204716775096,1
2020-07-06,AMZN,1.923424033358676,1
2020-07-07,AMZN,0.7540439326267585,0
2020-07-08,AMZN,1.8931203109701262,1
2020-07-09,AMZN,1.3350833861646008,1
2020-07-10,AMZN,-0.14316560056473623,0
2020-07-13,AMZN,-0.4894687083790645,0
2020-07-14,AMZN,-0.23018971176267114,0
2020-07-15,AMZN,0.7459676019931356,0
2020-07-16,AMZN,1.510038667021882,1
2020-07-17,AMZN,1.474477200051857,1
2020-07-20,AMZN,2.2124191678533043,1
2020-07-21,AMZN,1.343305557227967,1
2020-07-22,AMZN,1.4529776047749396,1
2020-07-23,AMZN,2.369666417397933,1
2020-07-24,AMZN,4.106172915648236,1
2020-07-27,AMZN,4.083008026831657,1
2020-07-28,AMZN,3.951015537102275,1
2020-07-29,AMZN,5.977096347940548,1
2020-07-30,AMZN,4.843700107636056,1
2020-07-31,AMZN,4.601981900164841,1
2020-08-03,AMZN,3.965403840406674,1
2020-08-04,AMZN,5.572662626759432,1
2020-08-05,AMZN,5.597975589783634,1
2020-08-06,AMZN,1.9464629461689607,1
2020-08-07,AMZN,0.8091576031699924,0
2020-08-10,AMZN,-0.19169293207262061,0
2020-08-11,AMZN,1.2132732706589033,1
2020-08-12,AMZN,0.9585179878932801,0
2020-08-13,AMZN,-0.4716287447922913,0
2020-08-14,AMZN,-0.5959770014564844,0
2020-08-17,AMZN,0.08167435698244707,0
2020-08-18,AMZN,-1.037251082344273,0
2020-08-19,AMZN,-3.200008102404999,0
2020-08-20,AMZN,-3.265361272537634,0
2020-08-21,AMZN,-3.613945175457018,0
2020-08-24,AMZN,-1.405147591772852,0
2020-08-25,AMZN,-2.6906126476871637,0
2020-08-26,AMZN,-2.8449655890886034,0
2020-08-27,AMZN,-2.962243573329672,0
2020-08-28,AMZN,-1.8685236632656093,0
2020-08-31,AMZN,-2.1326353308176396,0
2020-09-01,AMZN,-2.5143955618002525,0
2020-09-02,AMZN,-2.24047864784107,0
2020-09-03,AMZN,-3.264279343258129,0
2020-09-04,AMZN,-1.4227613046437302,0
2020-09-08,AMZN,-1.6599501589380299,0
2020-09-09,AMZN,0.40633378827825495,0
2020-09-10,AMZN,-0.7147474625006337,0
2020-09-11,AMZN,1.0205797448692038,0
2020-09-14,AMZN,2.801905875011472,1
2020-09-15,AMZN,2.93360289073895,1
2020-09-16,AMZN,1.7584822503614426,1
2020-09-17,AMZN,2.2967623388595246,1
2020-09-18,AMZN,2.389282605769012,1
2020-09-21,AMZN,2.3195336447728567,1
2020-09-22,AMZN,2.352969062393105,1
2020-09-23,AMZN,0.556165238817758,0
2020-09-24,AMZN,1.9632175822993814,1
2020-09-25,AMZN,2.034965267597683,1
2020-09-28,AMZN,1.2506316962352617,1
2020-09-29,AMZN,1.2263580883966738,1
2020-09-30,AMZN,0.18616717762915244,0
2020-10-01,AMZN,0.636169549860751,0
2020-10-02,AMZN,-1.7347537154500123,0
2020-10-05,AMZN,-1.1852365558507247,0
2020-10-06,AMZN,-1.4772948194144457,0
2020-10-07,AMZN,1.2299099478451343,1
2020-10-08,AMZN,1.0810611719003906,0
2020-10-09,AMZN,1.0360960779969708,0
2020-10-12,AMZN,-1.1700772774767438,0
2020-10-13,AMZN,-3.490722170386388,0
2020-10-14,AMZN,-2.461620177994375,0
2020-10-15,AMZN,-2.0932113565638355,0
2020-10-16,AMZN,-1.730821071364523,0
2020-10-19,AMZN,-1.1905577565161976,0
2020-10-20,AMZN,-0.6136699868979613,0
2020-10-21,AMZN,-0.9583603370846737,0
2020-10-22,AMZN,-0.5863171277043309,0
2020-10-23,AMZN,-0.667083415992458,0
2020-10-26,AMZN,-0.9175512363196267,0
2020-10-27,AMZN,-0.7660287188390289,0
2020-10-28,AMZN,-0.8563198978139773,0
2020-10-29,AMZN,0.29421273790542657,0
2020-10-30,AMZN,-0.3892526514031477,0
2020-11-02,AMZN,1.925388899080578,1
2020-11-03,AMZN,2.111341567473229,1
2020-11-04,AMZN,1.4661582928509287,1
2020-11-05,AMZN,-1.003736574648714,0
2020-11-06,AMZN,-2.1851787768598943,0
2020-11-09,AMZN,-1.7742649520288136,0
2020-11-10,AMZN,-0.6667043610863104,0
2020-11-11,AMZN,1.3679833728398731,1
2020-11-12,AMZN,-0.5330235186913219,0
2020-11-13,AMZN,1.1578605294982591,0
2020-11-16,AMZN,0.9024617267633916,0
2020-11-17,AMZN,2.3915955884777365,1
2020-11-18,AMZN,2.181012631956806,1
2020-11-19,AMZN,2.100119744688708,1
2020-11-20,AMZN,1.9438243983104229,1
2020-11-23,AMZN,2.3661781705385487,1
2020-11-24,AMZN,1.9007301576955937,1
2020-11-25,AMZN,1.1943600893571455,1
2020-11-27,AMZN,1.8496888833654221,1
2020-11-30,AMZN,2.3167504361691287,1
2020-12-01,AMZN,2.157803787940072,1
2020-12-02,AMZN,0.6862350437533791,0
2020-12-03,AMZN,-0.29816108127843555,0
2020-12-04,AMZN,0.554147093156282,0
2020-12-07,AMZN,-0.3985878995830096,0
2020-12-08,AMZN,0.06785324556898388,0
2020-12-09,AMZN,0.087634860518393,0
2020-12-10,AMZN,0.1671803966945814,0
2020-12-11,AMZN,0.32272138354767715,0
2020-12-14,AMZN,0.8014779810304176,0
2020-12-15,AMZN,-0.4783335340126634,0
2020-12-16,AMZN,-0.9854680045474844,0
2020-12-17,AMZN,-2.0577511684669143,0
2020-12-18,AMZN,0.369284841362241,0
2020-12-21,AMZN,1.4211920993204534,1
2020-12-22,AMZN,1.1593643471577364,0
2020-12-23,AMZN,1.1783323674565542,1
2020-12-24,AMZN,1.8951003777411115,1
2020-12-28,AMZN,0.76500130575075,0
2020-12-29,AMZN,-0.6391248803701572,0
2020-12-30,AMZN,-1.608197717716885,0
2020-12-31,AMZN,0.6840527445362075,0
2021-01-04,AMZN,1.4752626354800078,1
2021-01-05,AMZN,1.549319136698529,1
2021-01-06,AMZN,1.3787261077363608,1
2021-01-07,AMZN,2.7956319695314034,1
2021-01-08,AMZN,2.086201259508197,1
2021-01-11,AMZN,1.5816316853435266,1
2021-01-12,AMZN,2.3544961631169175,1
2021-01-13,AMZN,1.919980435658353,1
2021-01-14,AMZN,1.5235207564992792,1
2021-01-15,AMZN,1.9717331239800764,1
2021-01-19,AMZN,2.844212250735728,1
2021-01-20,AMZN,2.8701632562197927,1
2021-01-21,AMZN,-0.20827597643180265,0
2021-01-22,AMZN,-1.9134830826795726,0
2021-01-25,AMZN,-1.4770827289752635,0
2021-01-26,AMZN,-2.025709970138626,0
2021-01-27,AMZN,-3.818582836607334,0
2021-01-28,AMZN,-2.0823759109039734,0
2021-01-29,AMZN,-1.3086474195864726,0
2021-02-01,AMZN,-1.5957867562364738,0
2021-02-02,AMZN,-5.507178998293378,0
2021-02-03,AMZN,-6.762559547729152,0
2021-02-04,AMZN,-5.3108159062601645,0
2021-02-05,AMZN,-6.479212729216162,0
2021-02-08,AMZN,-4.077277074726439,0
2021-02-09,AMZN,-3.7640210008852644,0
2021-02-10,AMZN,-2.5941902297586896,0
2021-02-11,AMZN,-2.685375909600072,0
2021-02-12,AMZN,-2.475421948281035,0
2021-02-16,AMZN,-2.5434099833518715,0
2021-02-17,AMZN,-1.773403305543498,0
2021-02-18,AMZN,-3.562273980414199,0
2021-02-19,AMZN,-3.120217966964963,0
2021-02-22,AMZN,-1.7506138914439031,0
2021-02-23,AMZN,-0.5602840675676907,0
2021-02-24,AMZN,-1.3804626750512758,0
2021-02-25,AMZN,-1.4682648430768444,0
2021-02-26,AMZN,-0.07300469218036676,0
2021-03-01,AMZN,-0.24396726324518542,0
2021-03-02,AMZN,-1.3137472632561573,0
2021-03-03,AMZN,-0.006564813193436979,0
2021-03-04,AMZN,2.399162533302686,1
2021-03-05,AMZN,3.753102498956729,1
2021-03-08,AMZN,3.351968896680099,1
2021-03-09,AMZN,5.03469005086031,1
2021-03-10,AMZN,4.0106912519476685,1
2021-03-11,AMZN,5.101636097426788,1
2021-03-12,AMZN,4.366059828208375,1
2021-03-15,AMZN,5.19586097581391,1
2021-03-16,AMZN,3.988076161085215,1
2021-03-17,AMZN,4.47128703713357,1
2021-03-18,AMZN,4.108840900876161,1
2021-03-19,AMZN,6.623941677192867,1
2021-03-22,AMZN,4.890864746648248,1
2021-03-23,AMZN,4.714591100624381,1
2021-03-24,AMZN,3.072209399773966,1
2021-03-25,AMZN,4.799053850030223,1
2021-03-26,AMZN,6.917722659323078,1
2021-03-29,AMZN,6.957476851729828,1
2021-03-30,AMZN,7.173107854545552,1
2021-03-31,AMZN,8.008275425158857,1
2021-04-01,AMZN,7.146347335378127,1
2021-04-05,AMZN,3.997305981548968,1
2021-04-06,AMZN,1.4547972132450675,1
2021-04-07,AMZN,0.784734180277754,0
2021-04-08,AMZN,0.45689835210211943,0
2021-04-09,AMZN,-0.1303653897354742,0
2021-04-12,AMZN,-2.9564488675595406,0
2021-04-13,AMZN,-2.469858458607637,0
2021-04-14,AMZN,-3.8343411588997385,0
2021-04-15,AMZN,-2.7513313223824936,0
2021-04-16,AMZN,-2.4057106607203678,0
2021-04-19,AMZN,-1.9215706837615623,0
2021-04-20,AMZN,-2.0883193795890023,0
2021-04-21,AMZN,-1.5607304955580756,0
2021-04-22,AMZN,-1.7330687262005595,0
2021-04-23,AMZN,-1.6399376408443784,0
2021-04-26,AMZN,-1.4534135947782276,0
2021-04-27,AMZN,-2.36240808959815,0
2021-04-28,AMZN,-2.3952475011458683,0
2021-04-29,AMZN,-3.65685987005317,0
2021-04-30,AMZN,-3.996057603578099,0
2021-05-03,AMZN,-4.0101664810453155,0
2021-05-04,AMZN,-2.608270230344772,0
2021-05-05,AMZN,-2.2563931683100624,0
2021-05-06,AMZN,-1.1787291661795087,0
2021-05-07,AMZN,-2.0236201242931124,0
2021-05-10,AMZN,-0.4762293601388071,0
2021-05-11,AMZN,1.8697900885918497,1
2021-05-12,AMZN,2.4218458488915062,1
2021-05-13,AMZN,4.283760807755816,1
2021-05-14,AMZN,4.786902961929336,1
2021-05-17,AMZN,3.6291767828606414,1
2021-05-18,AMZN,3.3259766973434166,1
2021-05-19,AMZN,5.679156613615887,1
2021-05-20,AMZN,5.634644552188071,1
2021-05-21,AMZN,4.4005044453647635,1
2021-05-24,AMZN,6.720549206126781,1
2021-05-25,AMZN,5.805318904240138,1
2021-05-26,AMZN,3.9488660284113077,1
2021-05-27,AMZN,2.702591804347885,1
2021-05-28,AMZN,4.300233830118631,1
2021-06-01,AMZN,4.551535429151905,1
2021-06-02,AMZN,4.479369075376612,1
2021-06-03,AMZN,4.000418402685658,1
2021-06-04,AMZN,6.468250600145054,1
2021-06-07,AMZN,7.1423322698602165,1
2021-06-08,AMZN,7.64970160919969,1
2021-06-09,AMZN,7.228341089846969,1
2021-06-10,AMZN,6.6974962157149305,1
2021-06-11,AMZN,5.72589046192775,1
2021-06-14,AMZN,5.018066739940913,1
2021-06-15,AMZN,4.514523774765987,1
2021-06-16,AMZN,3.6563443246003082,1
2021-06-17,AMZN,2.2626577183389665,1
2021-06-18,AMZN,0.8884840750506151,0
2021-06-21,AMZN,1.262289948974021,1
2021-06-22,AMZN,1.952414310318077,1
2021-06-23,AMZN,1.9446998818654642,1
2021-06-24,AMZN,2.234927094469626,1
2021-06-25,AMZN,3.792984392879624,1
2021-06-28,AMZN,3.3562440465773933,1
2021-06-29,AMZN,2.7934910018490555,1
2021-06-30,AMZN,2.251467001378735,1
2021-07-01,AMZN,-1.1027843578585959,0
2021-07-02,AMZN,-0.9943819411150391,0
2021-07-06,AMZN,-1.4253446401168484,0
2021-07-07,AMZN,-3.5519226612574286,0
2021-07-08,AMZN,-3.522802523152572,0
2021-07-09,AMZN,-4.297090030061543,0
2021-07-12,AMZN,-4.201792120304559,0
2021-07-13,AMZN,-4.450432716720612,0
2021-07-14,AMZN,-4.358922931133567,0
2021-07-15,AMZN,-4.259214879666896,0
2021-07-16,AMZN,-3.8498348734146166,0
2021-07-19,AMZN,-3.1813863168790015,0
2021-07-20,AMZN,-3.564489886766592,0
2021-07-21,AMZN,-4.342327143875119,0
2021-07-22,AMZN,-4.665547504693857,0
2021-07-23,AMZN,-5.213256737629263,0
2021-07-26,AMZN,-4.4152778601428855,0
2021-07-27,AMZN,-4.395253241356357,0
2021-07-28,AMZN,-3.7461268358535498,0
2021-07-29,AMZN,-3.572901533920976,0
2021-07-30,AMZN,-2.809862063525176,0
2021-08-02,AMZN,2.1102460569635366,1
2021-08-03,AMZN,2.9864558182147243,1
2021-08-04,AMZN,2.4443892009653103,1
2021-08-05,AMZN,2.35211883462645,1
2021-08-06,AMZN,2.2110532305389965,1
2021-08-09,AMZN,3.6249811745844345,1
2021-08-10,AMZN,4.049049029812503,1
2021-08-11,AMZN,3.5288533371114714,1
2021-08-12,AMZN,3.9178772079482993,1
2021-08-13,AMZN,3.3742763749488756,1
2021-08-16,AMZN,3.440897200502774,1
2021-08-17,AMZN,3.857807860571461,1
2021-08-18,AMZN,6.0461076973149765,1
2021-08-19,AMZN,6.7747982317252005,1
2021-08-20,AMZN,3.363442181166103,1
2021-08-23,AMZN,2.859459043245625,1
2021-08-24,AMZN,2.3549298830403895,1
2021-08-25,AMZN,2.261842170741055,1
2021-08-26,AMZN,2.5982335869119684,1
2021-08-27,AMZN,1.831922978736268,1
2021-08-30,AMZN,-0.6160610875302017,0
2021-08-31,AMZN,-2.382583432615415,0
2021-09-01,AMZN,-3.8582945269024984,0
2021-09-02,AMZN,-4.080449923092394,0
2021-09-03,AMZN,-5.114897802004605,0
2021-09-07,AMZN,-4.684269970823305,0
2021-09-08,AMZN,-4.382531855312831,0
2021-09-09,AMZN,-3.8130731516385468,0
2021-09-10,AMZN,-3.4087376987237783,0
2021-09-13,AMZN,-3.86106159027276,0
2021-09-14,AMZN,-3.635352051216607,0
2021-09-15,AMZN,-2.7791381505930963,0
2021-09-16,AMZN,-2.951473241211642,0
2021-09-17,AMZN,-1.1340967366676797,0
2021-09-20,AMZN,-0.22335778691285194,0
2021-09-21,AMZN,1.4323964800197542,1
2021-09-22,AMZN,1.1535484750549265,0
2021-09-23,AMZN,0.8888892741482858,0
2021-09-24,AMZN,-1.2010981157253464,0
2021-09-27,AMZN,-1.5723121841217151,0
2021-09-28,AMZN,-0.4287249930739502,0
2021-09-29,AMZN,1.20947828713445,1
2021-09-30,AMZN,2.240251122291819,1
2021-10-01,AMZN,1.28940680642017,1
2021-10-04,AMZN,0.5033249346231585,0
2021-10-05,AMZN,1.9887107339074948,1
2021-10-06,AMZN,2.5032500828924755,1
2021-10-07,AMZN,3.0694021843772457,1
2021-10-08,AMZN,3.0562035912792793,1
2021-10-11,AMZN,2.822579818590472,1
2021-10-12,AMZN,4.546406516376907,1
2021-10-13,AMZN,3.0191102045260063,1
2021-10-14,AMZN,2.4180514038082173,1
2021-10-15,AMZN,2.8322058479386625,1
2021-10-18,AMZN,1.8212290445136161,1
2021-10-19,AMZN,1.2556974512412409,1
2021-10-20,AMZN,1.4005707419501934,1
2021-10-21,AMZN,3.300107450678124,1
2021-10-22,AMZN,2.820953207211195,1
2021-10-25,AMZN,2.859059017614387,1
2021-10-26,AMZN,3.150893364040025,1
2021-10-27,AMZN,2.4919672226833627,1
2021-10-28,AMZN,1.3222806943710916,1
2021-10-29,AMZN,1.3344501869936856,1
2021-11-01,AMZN,1.6220300746203904,1
2021-11-02,AMZN,1.530865205382738,1
2021-11-03,AMZN,1.5211285696781742,1
2021-11-04,AMZN,0.07146129143369347,0
2021-11-05,AMZN,-0.6318117544928378,0
2021-11-08,AMZN,0.05103288747943008,0
2021-11-09,AMZN,0.40981999060146335,0
2021-11-10,AMZN,-1.1516839107059766,0
2021-11-11,AMZN,-0.5022534783468108,0
2021-11-12,AMZN,-1.067170009847296,0
2021-11-15,AMZN,-1.9206277512676846,0
2021-11-16,AMZN,-0.9906724424188116,0
2021-11-17,AMZN,-1.970463185663118,0
2021-11-18,AMZN,-1.77777478372667,0
2021-11-19,AMZN,-4.879792977438268,0
2021-11-22,AMZN,-3.4680894988443205,0
2021-11-23,AMZN,-2.113321364807859,0
2021-11-24,AMZN,-2.2088410702269585,0
2021-11-26,AMZN,-2.6063553685633725,0
2021-11-29,AMZN,-1.327733672735495,0
2021-11-30,AMZN,-2.6538185226871343,0
2021-12-01,AMZN,-2.0675726238625045,0
2021-12-02,AMZN,-1.7492388836924575,0
2021-12-03,AMZN,-0.43521180818744426,0
2021-12-06,AMZN,-0.5880066481401903,0
2021-12-07,AMZN,-2.06613717626892,0
2021-12-08,AMZN,-4.194551327602498,0
2021-12-09,AMZN,-4.437167188690188,0
2021-12-10,AMZN,-4.202900072216605,0
2021-12-13,AMZN,-2.0857338567970443,0
2021-12-14,AMZN,-1.3695061238355386,0
2021-12-15,AMZN,-2.365056777019157,0
2021-12-16,AMZN,-3.576244260270261,0
2021-12-17,AMZN,-3.3605730152491344,0
2021-12-20,AMZN,-4.611570351755806,0
2021-12-21,AMZN,-4.991756789755665,0
2021-12-22,AMZN,-7.39942268406468,0
2021-12-23,AMZN,-6.835986781691387,0
2021-12-27,AMZN,-7.886927293963085,0
2021-12-28,AMZN,-7.877710146191262,0
2021-12-29,AMZN,-7.896230907608314,0
2021-12-30,AMZN,-5.779090326643301,0
2021-12-31,AMZN,-3.883129128722535,0
2022-01-03,AMZN,-3.1319222441439964,0
2022-01-04,AMZN,-4.093779563407122,0
2022-01-05,AMZN,-5.0545467225315335,0
2022-01-06,AMZN,-0.7752134899185288,0
2022-01-07,AMZN,-0.6153782252608998,0
2022-01-10,AMZN,-0.1298310124668904,0
2022-01-11,AMZN,-0.03390667889715179,0
2022-01-12,AMZN,-0.7283445035221717,0
2022-01-13,AMZN,-1.3668639698914355,0
2022-01-14,AMZN,-0.7007944443551559,0
2022-01-18,AMZN,-0.6470333646227412,0
2022-01-19,AMZN,-0.09474731331686018,0
2022-01-20,AMZN,-0.19408006025535787,0
2022-01-21,AMZN,0.11372731397475914,0
2022-01-24,AMZN,1.0128529301720324,0
2022-01-25,AMZN,0.0375871737738604,0
2022-01-26,AMZN,1.4859693156988634,1
2022-01-27,AMZN,1.9414499317823704,1
2022-01-28,AMZN,1.8079185177861203,1
2022-01-31,AMZN,0.9289262622593023,0
2022-02-01,AMZN,0.3213082095496068,0
2022-02-02,AMZN,-0.42615497364103494,0
2022-02-03,AMZN,-0.647156161042146,0
2022-02-04,AMZN,-0.20539752798469796,0
2022-02-07,AMZN,-4.8710500083594885,0
2022-02-08,AMZN,-3.9925671281205695,0
2022-02-09,AMZN,-2.7120236320792688,0
2022-02-10,AMZN,-2.924737803335344,0
2022-02-11,AMZN,-3.2256521598307395,0
2022-02-14,AMZN,-1.08946230639689,0
2022-02-15,AMZN,-0.35388859703534076,0
2022-02-16,AMZN,0.12043657515696649,0
2022-02-17,AMZN,0.5040632584244562,0
2022-02-18,AMZN,1.123553635888388,0
2022-02-22,AMZN,2.0073173697566613,1
2022-02-23,AMZN,2.199538778377649,1
2022-02-24,AMZN,3.3625074742984333,1
2022-02-25,AMZN,2.4654697528061567,1
2022-02-28,AMZN,2.7063522470975783,1
2022-03-01,AMZN,2.806537459602552,1
2022-03-02,AMZN,2.7382263418396366,1
2022-03-03,AMZN,1.9516921589738108,1
2022-03-04,AMZN,2.9298583374344025,1
2022-03-07,AMZN,4.205010236030628,1
2022-03-08,AMZN,5.866412144116236,1
2022-03-09,AMZN,4.829173109265036,1
2022-03-10,AMZN,3.918030453169515,1
2022-03-11,AMZN,1.7260168466969528,1
2022-03-14,AMZN,1.2551771176884208,1
2022-03-15,AMZN,2.1101376495992654,1
2022-03-16,AMZN,1.9106929123473189,1
2022-03-17,AMZN,-0.337769081669713,0
2022-03-18,AMZN,-1.105060853129556,0
2022-03-21,AMZN,-0.7289727609036325,0
2022-03-22,AMZN,-1.703085974300403,0
2022-03-23,AMZN,-3.687105649521252,0
2022-03-24,AMZN,-4.212103018556813,0
2022-03-25,AMZN,-3.8100117424503814,0
2022-03-28,AMZN,-5.252997581208594,0
2022-03-29,AMZN,-6.665589004007907,0
2022-03-30,AMZN,-4.636271191660985,0
2022-03-31,AMZN,-5.42114003041873,0
2022-04-01,AMZN,-5.001116322000106,0
2022-04-04,AMZN,-5.11331614051258,0
2022-04-05,AMZN,-5.490384829410647,0
2022-04-06,AMZN,-6.123965749490322,0
2022-04-07,AMZN,-5.813379898288532,0
2022-04-08,AMZN,-6.54815780431826,0
2022-04-11,AMZN,-6.136851025787181,0
2022-04-12,AMZN,-6.305955297806424,0
2022-04-13,AMZN,-5.94889096967612,0
2022-04-14,AMZN,-5.322367052953224,0
2022-04-18,AMZN,-5.2451374965588204,0
2022-04-19,AMZN,-4.552699928369557,0
2022-04-20,AMZN,-6.249614897565656,0
2022-04-21,AMZN,-5.77453442330979,0
2022-04-22,AMZN,-5.137066512842592,0
2022-04-25,AMZN,-4.707537599278735,0
2022-04-26,AMZN,-5.4456504263824606,0
2022-04-27,AMZN,-4.259450722449976,0
2022-04-28,AMZN,-3.3902404932314814,0
2022-04-29,AMZN,-3.5749716470788653,0
2022-05-02,AMZN,-0.6763252437553526,0
2022-05-03,AMZN,-0.46302932535698993,0
2022-05-04,AMZN,0.20032641101974114,0
2022-05-05,AMZN,-0.5692337548772763,0
2022-05-06,AMZN,1.5391003102221612,1
2022-05-09,AMZN,1.5319456017302557,1
2022-05-10,AMZN,2.554922685926455,1
2022-05-11,AMZN,1.4603727619661864,1
2022-05-12,AMZN,0.8525397211398327,0
2022-05-13,AMZN,-0.6271574780825663,0
2022-05-16,AMZN,-2.156684738831522,0
2022-05-17,AMZN,-0.5899107451605979,0
2022-05-18,AMZN,-2.2242204069888456,0
2022-05-19,AMZN,-0.19036251525518882,0
2022-05-20,AMZN,0.28341329306213037,0
2022-05-23,AMZN,0.2822882841149162,0
2022-05-24,AMZN,0.9790367027291177,0
2022-05-25,AMZN,2.4920548000547087,1
2022-05-26,AMZN,1.285582584560156,1
2022-05-27,AMZN,-0.7186007260937718,0
2022-05-31,AMZN,-1.215718092602632,0
2022-06-01,AMZN,-2.8158488751122746,0
2022-06-02,AMZN,-2.333564116057743,0
2022-06-03,AMZN,-2.2206300675689277,0
2022-06-06,AMZN,-1.507469123027933,0
2022-06-07,AMZN,-1.5644919032128424,0
2022-06-08,AMZN,-1.3978354248284666,0
2022-06-09,AMZN,-1.7804624167072882,0
2022-06-10,AMZN,-1.385834662704403,0
2022-06-13,AMZN,0.16503599526887114,0
2022-06-14,AMZN,1.7281185009281361,1
2022-06-15,AMZN,2.756189862152022,1
2022-06-16,AMZN,1.5655811098704475,1
2022-06-17,AMZN,3.825939436675806,1
2022-06-21,AMZN,4.118067668280987,1
2022-06-22,AMZN,3.9213948553060844,1
2022-06-23,AMZN,3.27291547418066,1
2022-06-24,AMZN,2.1296405996877597,1
2022-06-27,AMZN,-0.3825935030675649,0
2022-06-28,AMZN,1.6855714215515394,1
2022-06-29,AMZN,3.658979293063224,1
2022-06-30,AMZN,4.828556554644987,1
2022-07-01,AMZN,5.6272554023188315,1
2022-07-05,AMZN,4.698998302991645,1
2022-07-06,AMZN,4.764506424478148,1
2022-07-07,AMZN,5.080961184996004,1
2022-07-08,AMZN,4.350086920623185,1
2022-07-11,AMZN,4.268827728126899,1
2022-07-12,AMZN,4.926080440188667,1
2022-07-13,AMZN,6.375532740979342,1
2022-07-14,AMZN,5.675285132540526,1
2022-07-15,AMZN,6.110309970518205,1
2022-07-18,AMZN,5.438770351427561,1
2022-07-19,AMZN,5.668206446840901,1
2022-07-20,AMZN,4.323631408556035,1
2022-07-21,AMZN,3.541463212192839,1
2022-07-22,AMZN,2.416039852851068,1
2022-07-25,AMZN,1.9176106764670067,1
2022-07-26,AMZN,2.2350570609609477,1
2022-07-27,AMZN,3.8086557389073383,1
2022-07-28,AMZN,3.304666164494704,1
2022-07-29,AMZN,1.6193671505725789,1
2022-08-01,AMZN,-1.3164313987038287,0
2022-08-02,AMZN,-1.7025804292840878,0
2022-08-03,AMZN,-1.9010280565057271,0
2022-08-04,AMZN,-3.2166954796019684,0
2022-08-05,AMZN,-4.2779677365557065,0
2022-08-08,AMZN,-4.227429932615207,0
2022-08-09,AMZN,-2.681369198065238,0
2022-08-10,AMZN,-2.1768293644751724,0
2022-08-11,AMZN,-2.568394906929955,0
2022-08-12,AMZN,-1.102152464465817,0
2022-08-15,AMZN,-3.6945790413334874,0
2022-08-16,AMZN,-3.17019354742616,0
2022-08-17,AMZN,-4.042989600702892,0
2022-08-18,AMZN,-4.127104275078207,0
2022-08-19,AMZN,-3.8736809455585988,0
2022-08-22,AMZN,-3.6558563696921067,0
2022-08-23,AMZN,-3.5105044232396456,0
2022-08-24,AMZN,-3.923300331386622,0
2022-08-25,AMZN,-4.792667372302031,0
2022-08-26,AMZN,-5.350956062056587,0
2022-08-29,AMZN,-4.378698552833582,0
2022-08-30,AMZN,-2.9429385046856233,0
2022-08-31,AMZN,-3.470423820394974,0
2022-09-01,AMZN,-3.483087538405548,0
2022-09-02,AMZN,-2.8864290645464648,0
2022-09-06,AMZN,-1.4049834388429168,0
2022-09-07,AMZN,-1.1390161102801895,0
2022-09-08,AMZN,-2.0621112925466942,0
2022-09-09,AMZN,-3.2980514273467234,0
2022-09-12,AMZN,-4.341624429941808,0
2022-09-13,AMZN,-5.522046602763692,0
2022-09-14,AMZN,-3.8925347904178547,0
2022-09-15,AMZN,-4.539794868933973,0
2022-09-16,AMZN,-5.215577477142265,0
2022-09-19,AMZN,-2.18957892749818,0
2022-09-20,AMZN,-1.808402202127712,0
2022-09-21,AMZN,-1.5863786600459042,0
2022-09-22,AMZN,-0.7621993671280849,0
2022-09-23,AMZN,0.44436718621646687,0
2022-09-26,AMZN,1.3966281598147956,1
2022-09-27,AMZN,1.2516744163920444,1
2022-09-28,AMZN,0.27845936900857093,0
2022-09-29,AMZN,-1.5526112429399637,0
2022-09-30,AMZN,-2.389396473501014,0
2022-10-03,AMZN,-2.248638793895939,0
2022-10-04,AMZN,-3.9904383600775435,0
2022-10-05,AMZN,-6.267930858956007,0
2022-10-06,AMZN,-6.9313223237728465,0
2022-10-07,AMZN,-6.243464963581966,0
2022-10-10,AMZN,-5.416355562491451,0
2022-10-11,AMZN,-5.3753264668603284,0
2022-10-12,AMZN,-5.94412806526313,0
2022-10-13,AMZN,-2.7002616343194172,0
2022-10-14,AMZN,-1.855534611296637,0
2022-10-17,AMZN,-1.4126018120780424,0
2022-10-18,AMZN,-2.565309741903901,0
2022-10-19,AMZN,-3.354274977165595,0
2022-10-20,AMZN,-3.5748770259899754,0
2022-10-21,AMZN,-3.749361035599686,0
2022-10-24,AMZN,-4.87717363117871,0
2022-10-25,AMZN,-4.79416605926148,0
2022-10-26,AMZN,-4.718137565588391,0
2022-10-27,AMZN,-4.130037842392553,0
2022-10-28,AMZN,-3.2613948613231147,0
2022-10-31,AMZN,-2.365967492222548,0
2022-11-01,AMZN,-1.1979896130708378,0
2022-11-02,AMZN,-0.28642627985968405,0
2022-11-03,AMZN,0.4829510006344961,0
2022-11-04,AMZN,0.42278741535267517,0
2022-11-07,AMZN,-0.6707608406140225,0
2022-11-08,AMZN,-0.5092658028865523,0
2022-11-09,AMZN,0.0895255848207373,0
2022-11-10,AMZN,0.7631051548382284,0
2022-11-11,AMZN,-2.2948947612517485,0
2022-11-14,AMZN,-3.3136674338644636,0
2022-11-15,AMZN,-2.8680957427339844,0
2022-11-16,AMZN,-4.185667034606815,0
2022-11-17,AMZN,-3.783998656516596,0
2022-11-18,AMZN,-4.052905441575083,0
2022-11-21,AMZN,-3.648196019041779,0
2022-11-22,AMZN,-2.280378131623546,0
2022-11-23,AMZN,-3.6577678963855766,0
2022-11-25,AMZN,-3.35850853235972,0
2022-11-28,AMZN,-3.9033013266774104,0
2022-11-29,AMZN,-4.599805076377048,0
2022-11-30,AMZN,-2.962509682787632,0
2022-12-01,AMZN,-4.9715147307231495,0
2022-12-02,AMZN,-3.6737189833397794,0
2022-12-05,AMZN,-3.4650939646262433,0
2022-12-06,AMZN,-3.210288628973219,0
2022-12-07,AMZN,-0.8520519784891563,0
2022-12-08,AMZN,-0.42318838382649493,0
2022-12-09,AMZN,-0.17697844524328651,0
2022-12-12,AMZN,1.9219541021945186,1
2022-12-13,AMZN,1.5088271021673911,1
2022-12-14,AMZN,1.7297141058419876,1
2022-12-15,AMZN,1.3737854116567716,1
2022-12-16,AMZN,2.3142989169849093,1
2022-12-19,AMZN,1.916318726342895,1
2022-12-20,AMZN,4.121875527277408,1
2022-12-21,AMZN,4.1091895800630835,1
2022-12-22,AMZN,3.153000231852632,1
2022-12-23,AMZN,4.808448967309972,1
2022-12-27,AMZN,4.903242795595847,1
2022-12-28,AMZN,6.96501395202603,1
2022-12-29,AMZN,6.870356103797198,1
2022-12-30,AMZN,6.802252593751116,1
2023-01-03,AMZN,7.548682762240594,1
2023-01-04,AMZN,7.969451276584086,1
2023-01-05,AMZN,4.326747755935361,1
2023-01-06,AMZN,4.667989447727715,1
2023-01-09,AMZN,3.9126725118636885,1
2023-01-10,AMZN,3.0580609826293386,1
2023-01-11,AMZN,2.0064550894957836,1
2023-01-12,AMZN,0.6298406282124351,0
2023-01-13,AMZN,1.0472896977805628,0
2023-01-17,AMZN,0.38929362910448806,0
2023-01-18,AMZN,1.2751528486638606,1
2023-01-19,AMZN,0.6668019271820739,0
2023-01-20,AMZN,0.8915493680556077,0
2023-01-23,AMZN,-0.6838788923745316,0
2023-01-24,AMZN,-0.43767856073168804,0
2023-01-25,AMZN,-0.1277302579118339,0
2023-01-26,AMZN,-0.9363205020165906,0
2023-01-27,AMZN,-1.391069906186001,0
2023-01-30,AMZN,-2.062462703781963,0
2023-01-31,AMZN,-2.1896809045440078,0
2023-02-01,AMZN,-2.9105117139448367,0
2023-02-02,AMZN,-2.6011130241966818,0
2023-02-03,AMZN,-5.811430447673504,0
2023-02-06,AMZN,-4.725852736783257,0
2023-02-07,AMZN,-3.9772551473669,0
2023-02-08,AMZN,-4.714604027206223,0
2023-02-09,AMZN,-4.5847477676466415,0
2023-02-10,AMZN,-2.781899609853794,0
2023-02-13,AMZN,-1.211107749262899,0
2023-02-14,AMZN,-1.482150401040542,0
2023-02-15,AMZN,0.1316345298700378,0
2023-02-16,AMZN,-0.8605096900210703,0
2023-02-17,AMZN,-0.18420476987502735,0
2023-02-21,AMZN,1.345589592348047,1
2023-02-22,AMZN,1.7112554686258266,1
2023-02-23,AMZN,1.2152764375459515,1
2023-02-24,AMZN,0.9606260601061323,0
2023-02-27,AMZN,2.0118011311841966,1
2023-02-28,AMZN,1.5339030220016667,1
2023-03-01,AMZN,2.46111103400953,1
2023-03-02,AMZN,4.172694365572585,1
2023-03-03,AMZN,4.699620094343569,1
2023-03-06,AMZN,3.242032801570532,1
2023-03-07,AMZN,4.452360867467163,1
2023-03-08,AMZN,3.105465394427945,1
2023-03-09,AMZN,3.3183298581946303,1
2023-03-10,AMZN,4.224026364015084,1
2023-03-13,AMZN,3.9110044116654934,1
2023-03-14,AMZN,2.2393931740652744,1
2023-03-15,AMZN,2.7766861300280676,1
2023-03-16,AMZN,2.326993334634282,1
2023-03-17,AMZN,1.0647117143554408,0
2023-03-20,AMZN,1.3424942059705052,1
2023-03-21,AMZN,2.619430586317952,1
2023-03-22,AMZN,1.3212346918211901,1
2023-03-23,AMZN,3.3234331824660375,1
2023-03-24,AMZN,3.0054816767922965,1
2023-03-27,AMZN,1.6592838226123767,1
2023-03-28,AMZN,2.50232324566932,1
2023-03-29,AMZN,4.108742166610838,1
2023-03-30,AMZN,1.6066182466362604,1
2023-03-31,AMZN,0.014988786661652967,0
2023-04-03,AMZN,0.10018531646053579,0
2023-04-04,AMZN,0.36810676370509166,0
2023-04-05,AMZN,0.01483354239904411,0
2023-04-06,AMZN,1.3969578050143718,1
2023-04-10,AMZN,1.1514709414459656,0
2023-04-11,AMZN,1.3515595330704158,1
2023-04-12,AMZN,3.0721013601976006,1
2023-04-13,AMZN,4.406181555592568,1
2023-04-14,AMZN,2.5160833337979835,1
2023-04-17,AMZN,2.7661235084872264,1
2023-04-18,AMZN,3.3175675484128866,1
2023-04-19,AMZN,4.062211650321907,1
2023-04-20,AMZN,4.152968078767266,1
2023-04-21,AMZN,3.703735495855628,1
2023-04-24,AMZN,2.4226654575061004,1
2023-04-25,AMZN,2.6647039136816657,1
2023-04-26,AMZN,4.701223571435108,1
2023-04-27,AMZN,3.292408640558029,1
2023-04-28,AMZN,3.258560831385779,1
2023-05-01,AMZN,5.969308533829276,1
2023-05-02,AMZN,7.8134772351686745,1
2023-05-03,AMZN,7.902302163774564,1
2023-05-04,AMZN,8.495245305114715,1
2023-05-05,AMZN,8.75593411627018,1
2023-05-08,AMZN,8.539855604782021,1
2023-05-09,AMZN,5.237522605365511,1
2023-05-10,AMZN,5.782550781706471,1
2023-05-11,AMZN,4.439853704381214,1
2023-05-12,AMZN,4.651298555205836,1
2023-05-15,AMZN,5.534094015798185,1
2023-05-16,AMZN,5.097075727202393,1
2023-05-17,AMZN,4.595917316348526,1
2023-05-18,AMZN,3.312326840389347,1
2023-05-19,AMZN,2.5654540014397242,1
2023-05-22,AMZN,2.976797749495027,1
2023-05-23,AMZN,4.7706473358791674,1
2023-05-24,AMZN,4.50127602194667,1
2023-05-25,AMZN,3.2580492836705175,1
2023-05-26,AMZN,4.4517700338851665,1
2023-05-30,AMZN,3.0529025143344164,1
2023-05-31,AMZN,2.1225616660180826,1
2023-06-01,AMZN,3.2803361764786643,1
2023-06-02,AMZN,2.517010474317059,1
2023-06-05,AMZN,2.0719951915489876,1
2023-06-06,AMZN,1.0172575148086427,0
2023-06-07,AMZN,1.0416786917897316,0
2023-06-08,AMZN,2.2943715766563324,1
2023-06-09,AMZN,1.802661920513502,1
2023-06-12,AMZN,2.8878551719182113,1
2023-06-13,AMZN,2.933128784174691,1
2023-06-14,AMZN,3.039276567228392,1
2023-06-15,AMZN,2.690544463501235,1
2023-06-16,AMZN,2.143948378353053,1
2023-06-20,AMZN,3.683582679694198,1
2023-06-21,AMZN,1.3499951804519277,1
2023-06-22,AMZN,1.6864876956124528,1
2023-06-23,AMZN,-0.49676759970087486,0
2023-06-26,AMZN,-0.07394180625051322,0
2023-06-27,AMZN,0.31258427402787897,0
2023-06-28,AMZN,-0.35967786546743297,0
2023-06-29,AMZN,1.1053077695311775,0
2023-06-30,AMZN,2.016963297397593,1
2023-07-03,AMZN,0.46532766953995813,0
2023-07-05,AMZN,-0.6706900567931368,0
2023-07-06,AMZN,-0.4875468199614586,0
2023-07-07,AMZN,2.5922651332232336,1
2023-07-10,AMZN,2.8142657569201353,1
2023-07-11,AMZN,2.9769360308030945,1
2023-07-12,AMZN,2.0861701794717216,1
2023-07-13,AMZN,1.777822826090045,1
2023-07-14,AMZN,0.9532016127072079,0
2023-07-17,AMZN,1.3425386633530225,1
2023-07-18,AMZN,0.9343457549236197,0
2023-07-19,AMZN,0.5079056281664995,0
2023-07-20,AMZN,-0.31483290047615375,0
2023-07-21,AMZN,0.8189934347321133,0
2023-07-24,AMZN,1.164223546370892,0
2023-07-25,AMZN,1.3706111181112466,1
2023-07-26,AMZN,1.5933562112027873,1
2023-07-27,AMZN,0.9038237276746923,0
2023-07-28,AMZN,1.2156298919329718,1
2023-07-31,AMZN,0.231252364466865,0
2023-08-01,AMZN,0.30144239093125086,0
2023-08-02,AMZN,0.8441348974226949,0
2023-08-03,AMZN,2.512838501824166,1
2023-08-04,AMZN,2.353955172333972,1
2023-08-07,AMZN,-0.9159626163881355,0
2023-08-08,AMZN,-2.824812121818296,0
2023-08-09,AMZN,-0.8388988784589434,0
2023-08-10,AMZN,0.15800863466055226,0
2023-08-11,AMZN,1.6083949183249682,1
2023-08-14,AMZN,0.9847813312722482,0
2023-08-15,AMZN,1.4099964969276544,1
2023-08-16,AMZN,2.4727956550765553,1
2023-08-17,AMZN,1.7992344355398633,1
2023-08-18,AMZN,2.0555582587666916,1
2023-08-21,AMZN,1.4864003879588246,1
2023-08-22,AMZN,0.20215420199889658,0
2023-08-23,AMZN,-1.4416712207678497,0
2023-08-24,AMZN,-1.8841627049550809,0
2023-08-25,AMZN,-0.17310769651888594,0
2023-08-28,AMZN,-2.049468090078576,0
2023-08-29,AMZN,-2.0161375943869535,0
2023-08-30,AMZN,-2.5353194574100533,0
2023-08-31,AMZN,-2.228687895299781,0
2023-09-01,AMZN,-2.3708142133313963,0
2023-09-05,AMZN,-3.55725656622995,0
2023-09-06,AMZN,-2.641574021847269,0
2023-09-07,AMZN,-2.455781165279906,0
2023-09-08,AMZN,-2.5534453330131752,0
2023-09-11,AMZN,-2.568206704097842,0
2023-09-12,AMZN,-3.691084851766773,0
2023-09-13,AMZN,-2.483216572997621,0
2023-09-14,AMZN,-3.4161803816353418,0
2023-09-15,AMZN,-4.064326003375219,0
2023-09-18,AMZN,-2.154557645567507,0
2023-09-19,AMZN,-2.347563091118977,0
2023-09-20,AMZN,-2.6261403881290506,0
2023-09-21,AMZN,-1.9394683154657952,0
2023-09-22,AMZN,-1.3210943495534992,0
2023-09-25,AMZN,-0.8005861360876507,0
2023-09-26,AMZN,-0.8356316713278182,0
2023-09-27,AMZN,-1.3468344317007384,0
2023-09-28,AMZN,-1.8773777008646637,0
2023-09-29,AMZN,0.4062034849030742,0
2023-10-02,AMZN,1.2028572514000493,1
2023-10-03,AMZN,0.7802475841216446,0
2023-10-04,AMZN,2.740564902150917,1
2023-10-05,AMZN,2.455483499333778,1
2023-10-06,AMZN,2.8263207030031343,1
2023-10-09,AMZN,2.6143338524731,1
2023-10-10,AMZN,3.1374415624238376,1
2023-10-11,AMZN,2.7228160152596703,1
2023-10-12,AMZN,1.8884638455315816,1
2023-10-13,AMZN,2.361730191373603,1
2023-10-16,AMZN,2.7718082167746743,1
2023-10-17,AMZN,2.803315427506995,1
2023-10-18,AMZN,2.482717519221026,1
2023-10-19,AMZN,3.2615450702917617,1
2023-10-20,AMZN,3.6731791240030343,1
2023-10-23,AMZN,4.828801752413633,1
2023-10-24,AMZN,3.9268148662580513,1
2023-10-25,AMZN,4.025138750147149,1
2023-10-26,AMZN,7.112107279869415,1
2023-10-27,AMZN,8.240798144794178,1
2023-10-30,AMZN,7.193286075853836,1
2023-10-31,AMZN,5.641045335649403,1
2023-11-01,AMZN,5.3579480288626495,1
2023-11-02,AMZN,4.484956033791781,1
2023-11-03,AMZN,2.892654338735254,1
2023-11-06,AMZN,3.435823362655377,1
2023-11-07,AMZN,1.9053846204186085,1
2023-11-08,AMZN,1.6708961534413738,1
2023-11-09,AMZN,2.1504437429732612,1
2023-11-10,AMZN,2.1529908805700364,1
2023-11-13,AMZN,1.6417846653961246,1
2023-11-14,AMZN,2.6206828935418165,1
2023-11-15,AMZN,0.7135819406328536,0
2023-11-16,AMZN,3.053807569881836,1
2023-11-17,AMZN,4.552669610546779,1
2023-11-20,AMZN,3.5463931391889205,1
2023-11-21,AMZN,2.410551959130619,1
2023-11-22,AMZN,4.172688971548399,1
2023-11-24,AMZN,2.9208692699699483,1
2023-11-27,AMZN,2.9026610514129536,1
2023-11-28,AMZN,2.4415730275574776,1
2023-11-29,AMZN,2.791621369407344,1
2023-11-30,AMZN,2.4499296951398555,1
2023-12-01,AMZN,1.624516171955271,1
2023-12-04,AMZN,0.6018169109297042,0
2023-12-05,AMZN,-0.10684421329033167,0
2023-12-06,AMZN,-0.6602760776531408,0
2023-12-07,AMZN,1.736243356089031,1
2023-12-08,AMZN,1.6827456328560424,1
2023-12-11,AMZN,2.285065462629997,1
2023-12-12,AMZN,3.4188061553113243,1
2023-12-13,AMZN,2.628673546701341,1
2023-12-14,AMZN,1.5752791600751919,1
2023-12-15,AMZN,1.5796878818984748,1
2023-12-18,AMZN,1.3062581511371343,1
2023-12-19,AMZN,0.5014887251446747,0
2023-12-20,AMZN,0.3912922189808627,0
2023-12-21,AMZN,1.5652395250780364,1
2023-12-22,AMZN,1.223396630203756,1
2023-12-26,AMZN,1.7442456569804947,1
2023-12-27,AMZN,2.271559736116026,1
2023-12-28,AMZN,3.068159797952382,1
2023-12-29,AMZN,2.105867475785172,1
2024-01-02,AMZN,1.1530933229394094,0
2024-01-03,AMZN,3.14937711222852,1
2024-01-04,AMZN,5.198708979878184,1
2024-01-05,AMZN,6.147453630988902,1
2024-01-08,AMZN,5.649148741075082,1
2024-01-09,AMZN,5.094157008959303,1
2024-01-10,AMZN,4.362875836133607,1
2024-01-11,AMZN,4.690112245685284,1
2024-01-12,AMZN,3.822660757355334,1
2024-01-16,AMZN,3.0547453489802607,1
2024-01-17,AMZN,3.898699730147176,1
2024-01-18,AMZN,4.0057519937649175,1
2024-01-19,AMZN,3.5276892879089954,1
2024-01-22,AMZN,2.5510333577225626,1
2024-01-23,AMZN,2.9968800128251636,1
2024-01-24,AMZN,3.7630626996115946,1
2024-01-25,AMZN,3.658158851963542,1
2024-01-26,AMZN,3.4141280188218937,1
2024-01-29,AMZN,2.881521923626497,1
2024-01-30,AMZN,2.371457981962803,1
2024-01-31,AMZN,3.538681468344158,1
2024-02-01,AMZN,4.838244942896024,1
2024-02-02,AMZN,3.869991971085364,1
2024-02-05,AMZN,0.6939171320994243,0
2024-02-06,AMZN,0.9755828987488029,0
2024-02-07,AMZN,2.2616141155854392,1
2024-02-08,AMZN,1.411819415673608,1
2024-02-09,AMZN,0.602255325169337,0
2024-02-12,AMZN,0.2699938277083295,0
2024-02-13,AMZN,1.233305125054965,1
2024-02-14,AMZN,3.1338711449481904,1
2024-02-15,AMZN,1.004015227652719,0
2024-02-16,AMZN,1.380283769759009,1
2024-02-20,AMZN,1.8716501070570755,1
2024-02-21,AMZN,3.3114037895868846,1
2024-02-22,AMZN,2.856957259368178,1
2024-02-23,AMZN,1.4567626986456628,1
2024-02-26,AMZN,1.5944435196539515,1
2024-02-27,AMZN,1.1977904577975322,1
2024-02-28,AMZN,2.1132437187974014,1
2024-02-29,AMZN,2.430072429376551,1
2024-03-01,AMZN,1.485411827875171,1
2024-03-04,AMZN,0.8759378298105629,0
2024-03-05,AMZN,1.6924162817080124,1
2024-03-06,AMZN,2.1831577577722863,1
2024-03-07,AMZN,3.8197175812449884,1
2024-03-08,AMZN,2.855475616913811,1
2024-03-11,AMZN,3.601606038415945,1
2024-03-12,AMZN,5.435022406820471,1
2024-03-13,AMZN,5.3173051279824355,1
2024-03-14,AMZN,3.4949284867724186,1
2024-03-15,AMZN,1.7367822187649486,1
2024-03-18,AMZN,3.7110078666307946,1
2024-03-19,AMZN,2.7377414798536934,1
2024-03-20,AMZN,1.3048889133931685,1
2024-03-21,AMZN,-1.2624135233521938,0
2024-03-22,AMZN,-0.31477252905012437,0
2024-03-25,AMZN,0.2219079834428791,0
2024-03-26,AMZN,-1.0032755862732121,0
2024-03-27,AMZN,-1.4661744562539325,0
2024-03-28,AMZN,-0.0571656953992819,0
2024-04-01,AMZN,0.1563131213331237,0
2024-04-02,AMZN,-1.4791163266222613,0
2024-04-03,AMZN,-0.3959855904853028,0
2024-04-04,AMZN,0.4968224563717973,0
2024-04-05,AMZN,1.3538974498282221,1
2024-04-08,AMZN,0.8074084777054725,0
2024-04-09,AMZN,0.7936631403486837,0
2024-04-10,AMZN,0.5176101265385448,0
2024-04-11,AMZN,0.7818929389290479,0
2024-04-12,AMZN,-0.3485916400257897,0
2024-04-15,AMZN,0.10036587913472261,0
2024-04-16,AMZN,0.8036296056224835,0
2024-04-17,AMZN,0.6223588037488262,0
2024-04-18,AMZN,0.5525894566720627,0
2024-04-19,AMZN,1.3061475818334676,1
2024-04-22,AMZN,2.295976127714978,1
2024-04-23,AMZN,1.5372127968195486,1
2024-04-24,AMZN,0.9384649913317019,0
2024-04-25,AMZN,1.200741579359076,1
2024-04-26,AMZN,1.9895622912287705,1
2024-04-29,AMZN,0.7879398540118827,0
2024-04-30,AMZN,0.33118967598700205,0
2024-05-01,AMZN,1.6077445112305107,1
2024-05-02,AMZN,-0.9942148499528,0
2024-05-03,AMZN,-3.0934978857355047,0
2024-05-06,AMZN,-3.356259123808661,0
2024-05-07,AMZN,-3.6724059317361046,0
2024-05-08,AMZN,-1.588496531411122,0
2024-05-09,AMZN,-1.5698949928350403,0
2024-05-10,AMZN,-0.9794728667266847,0
2024-05-13,AMZN,-0.10363549726544899,0
2024-05-14,AMZN,0.13381742792000736,0
2024-05-15,AMZN,-1.281231202475794,0
2024-05-16,AMZN,-0.9301239765871278,0
2024-05-17,AMZN,0.17912680584841353,0
2024-05-20,AMZN,-0.7861374200223028,0
2024-05-21,AMZN,0.9914571863813205,0
2024-05-22,AMZN,2.1810730705920953,1
2024-05-23,AMZN,0.8410494411938125,0
2024-05-24,AMZN,1.8785995506095676,1
2024-05-28,AMZN,3.6911364411823757,1
2024-05-29,AMZN,4.276470349390443,1
2024-05-30,AMZN,2.8681264664024075,1
2024-05-31,AMZN,4.587388207378339,1
2024-06-03,AMZN,6.299021746140572,1
2024-06-04,AMZN,4.99910299347794,1
2024-06-05,AMZN,5.2902468109121,1
2024-06-06,AMZN,4.578815697045158,1
2024-06-07,AMZN,3.705219049351245,1
2024-06-10,AMZN,4.0287962479566435,1
2024-06-11,AMZN,1.9668961578333801,1
2024-06-12,AMZN,1.7852077243816238,1
2024-06-13,AMZN,1.427217401804135,1
2024-06-14,AMZN,2.3426427230757905,1
2024-06-17,AMZN,1.0240040072738748,0
2024-06-18,AMZN,-0.07188887579975396,0
2024-06-20,AMZN,0.07479812977099846,0
2024-06-21,AMZN,-0.8460375806776023,0
2024-06-24,AMZN,-0.6147532389251509,0
2024-06-25,AMZN,-1.0713269083218635,0
2024-06-26,AMZN,-1.4694858363524828,0
2024-06-27,AMZN,-2.74582384277251,0
2024-06-28,AMZN,-3.784109198650192,0
2024-07-01,AMZN,-3.1603452928436306,0
2024-07-02,AMZN,-2.598955041858333,0
2024-07-03,AMZN,-4.11671787956932,0
2024-07-05,AMZN,-5.020987768392356,0
2024-07-08,AMZN,-6.516902753622716,0
2024-07-09,AMZN,-6.19064622691755,0
2024-07-10,AMZN,-6.015142677368929,0
2024-07-11,AMZN,-5.403982639095717,0
2024-07-12,AMZN,-4.514071639439829,0
2024-07-15,AMZN,-4.451336102802558,0
2024-07-16,AMZN,-3.504781506782443,0
2024-07-17,AMZN,-3.573972505013224,0
2024-07-18,AMZN,-1.51023726482973,0
2024-07-19,AMZN,-1.0026229694863706,0
2024-07-22,AMZN,-0.7332763555500752,0
2024-07-23,AMZN,-0.5476199835204556,0
2024-07-24,AMZN,-0.9399322540552542,0
2024-07-25,AMZN,-0.7296005457815306,0
2024-07-26,AMZN,-0.4360126144628885,0
2024-07-29,AMZN,-1.090183284108379,0
2024-07-30,AMZN,-1.5725700555219855,0
2024-07-31,AMZN,-1.7156089264128083,0
2024-08-01,AMZN,-2.367289612645963,0
2024-08-02,AMZN,-0.8385740687784896,0
2024-08-05,AMZN,1.9633132306022314,1
2024-08-06,AMZN,3.399633577759899,1
2024-08-07,AMZN,4.155962723467632,1
2024-08-08,AMZN,2.014450364404687,1
2024-08-09,AMZN,2.1726957223833585,1
2024-08-12,AMZN,2.740608423227139,1
2024-08-13,AMZN,3.684702058863394,1
2024-08-14,AMZN,3.463781257610979,1
2024-08-15,AMZN,3.3863774216954594,1
2024-08-16,AMZN,1.6304158390210668,1
2024-08-19,AMZN,2.177792454293922,1
2024-08-20,AMZN,1.8163696177405109,1
2024-08-21,AMZN,2.36334951208404,1
2024-08-22,AMZN,2.4474747579510527,1
2024-08-23,AMZN,3.9713990213659476,1
2024-08-26,AMZN,3.770832740576879,1
2024-08-27,AMZN,3.8355920527540097,1
2024-08-28,AMZN,4.16671882386539,1
2024-08-29,AMZN,3.985950215606062,1
2024-08-30,AMZN,3.262911363338054,1
2024-09-03,AMZN,1.6318168818252803,1
2024-09-04,AMZN,2.147745195290949,1
2024-09-05,AMZN,2.223733947328612,1
2024-09-06,AMZN,2.1773177841191855,1
2024-09-09,AMZN,2.568338272555376,1
2024-09-10,AMZN,2.041743072162112,1
2024-09-11,AMZN,1.5986563259617401,1
2024-09-12,AMZN,0.646258301264486,0
2024-09-13,AMZN,0.5486415159284895,0
2024-09-16,AMZN,0.3161832592688187,0
2024-09-17,AMZN,0.8563644623884175,0
2024-09-18,AMZN,0.003084705785153834,0
2024-09-19,AMZN,0.3391259506310846,0
2024-09-20,AMZN,-0.2791160503779069,0
2024-09-23,AMZN,-0.8101941469132841,0
2024-09-24,AMZN,-1.3604775573361096,0
2024-09-25,AMZN,-2.7715483662739877,0
2024-09-26,AMZN,-1.8184998404558006,0
2024-09-27,AMZN,-0.9784192762869189,0
2024-09-30,AMZN,0.1288880702964221,0
2024-10-01,AMZN,1.3657994464577687,1
2024-10-02,AMZN,2.300483291001213,1
2024-10-03,AMZN,0.43670564539092227,0
2024-10-04,AMZN,3.237727403109658,1
2024-10-07,AMZN,1.8998535812495427,1
2024-10-08,AMZN,4.130740611082896,1
2024-10-09,AMZN,4.891899273940612,1
2024-10-10,AMZN,4.921542849764218,1
2024-10-11,AMZN,4.20433303605791,1
2024-10-14,AMZN,3.4923975416075983,1
2024-10-15,AMZN,4.162981746741282,1
2024-10-16,AMZN,4.972863589724047,1
2024-10-17,AMZN,4.603184965911231,1
2024-10-18,AMZN,2.5507201387689413,1
2024-10-21,AMZN,2.14210021817948,1
2024-10-22,AMZN,2.5861997687889606,1
2024-10-23,AMZN,2.184643751665733,1
2024-10-24,AMZN,2.3478183877367926,1
2024-10-25,AMZN,1.8377274120527316,1
2024-10-28,AMZN,2.2615880999956337,1
2024-10-29,AMZN,3.0744945210806582,1
2024-10-30,AMZN,2.338720766509829,1
2024-10-31,AMZN,2.3532724230092112,1
2024-11-01,AMZN,4.052925045664313,1
2024-11-04,AMZN,2.9521205696558925,1
2024-11-05,AMZN,4.215042306496559,1
2024-11-06,AMZN,3.9476442129079787,1
2024-11-07,AMZN,3.7412444452769376,1
2024-11-08,AMZN,3.0034491753062733,1
2024-11-11,AMZN,3.1993166321852655,1
2024-11-12,AMZN,4.335224814742246,1
2024-11-13,AMZN,3.68469421680474,1
2024-11-14,AMZN,2.491863286994133,1
2024-11-15,AMZN,3.9354539153874315,1
2024-11-18,AMZN,6.479665609476219,1
2024-11-19,AMZN,3.5125175828509625,1
2024-11-20,AMZN,3.4479463704471507,1
2024-11-21,AMZN,4.115847185859272,1
2024-11-22,AMZN,5.3234986606849315,1
2024-11-25,AMZN,6.356941492876382,1
2024-11-26,AMZN,5.066890793445332,1
2024-11-27,AMZN,3.2078036896002997,1
2024-11-29,AMZN,3.169143008735614,1
2024-12-02,AMZN,2.3247162816165194,1
2024-12-03,AMZN,1.925262614399719,1
2024-12-04,AMZN,2.120017854222972,1
2024-12-05,AMZN,1.8631823694450822,1
2024-12-06,AMZN,0.2959384310507323,0
2024-12-09,AMZN,-0.9835994397819808,0
2024-12-10,AMZN,-1.4277811282016841,0
2024-12-11,AMZN,-1.3195683948576753,0
2024-12-12,AMZN,-2.627336715209165,0
2024-12-13,AMZN,-1.0948770018562375,0
2024-12-16,AMZN,-1.3272666488980365,0
2024-12-17,AMZN,-1.3330447591269927,0
2024-12-18,AMZN,-0.08056291318187708,0
2024-12-19,AMZN,3.2717488942751314,1
2024-12-20,AMZN,2.7493949693776396,1
2024-12-23,AMZN,2.246081645373997,1
2024-12-24,AMZN,2.3403356697288777,1
2024-12-26,AMZN,2.0634232533135473,1
2024-12-27,AMZN,2.3078860909909307,1
2024-12-30,AMZN,2.580974853628966,1
2024-12-31,AMZN,3.924290812015177,1
2025-01-02,AMZN,4.41596834053269,1
2025-01-03,AMZN,5.127097142222337,1
2025-01-06,AMZN,2.6317785036634493,1
2025-01-07,AMZN,2.45606171594773,1
2025-01-08,AMZN,1.414189893533958,1
2025-01-10,AMZN,2.1479565918074353,1
2025-01-13,AMZN,2.7842765554576396,1
2025-01-14,AMZN,2.0659487502644502,1
2025-01-15,AMZN,2.4880306840931445,1
2025-01-16,AMZN,1.086287505328893,0
2025-01-17,AMZN,1.2423773721658873,1
2025-01-21,AMZN,0.14900244573835533,0
2025-01-22,AMZN,-1.7263222088119656,0
2025-01-23,AMZN,-3.988246772212213,0
2025-01-24,AMZN,-4.878296861696588,0
2025-01-27,AMZN,-4.7311361235911225,0
2025-01-28,AMZN,-4.4584869353609,0
2025-01-29,AMZN,-6.169922159241337,0
2025-01-30,AMZN,-4.935004045626655,0
2025-01-31,AMZN,-5.639749900206802,0
2025-02-03,AMZN,-6.627270722877086,0
2025-02-04,AMZN,-5.291876117175684,0
2025-02-05,AMZN,-7.504294327144874,0
2025-02-06,AMZN,-6.93504872808157,0
2025-02-07,AMZN,-8.480140855902498,0
2025-02-10,AMZN,-6.705943237514944,0
2025-02-11,AMZN,-7.1004129993418745,0
2025-02-12,AMZN,-7.987283776235693,0
2025-02-13,AMZN,-5.99720409951726,0
2025-02-14,AMZN,-6.805646300337332,0
2025-02-18,AMZN,-7.098940219360014,0
2025-02-19,AMZN,-5.939488301841414,0
2025-02-20,AMZN,-6.071508337641816,0
2025-02-21,AMZN,-5.113808367317057,0
2025-02-24,AMZN,-2.3836357025165893,0
2025-02-25,AMZN,-1.259954144546731,0
2025-02-26,AMZN,-2.071810508618434,0
2025-02-27,AMZN,-2.30816678766025,0
2025-02-28,AMZN,-2.7715987016125156,0
2025-03-03,AMZN,-3.8808257087798688,0
2025-03-04,AMZN,-2.3929990881780436,0
2025-03-05,AMZN,-1.400974651377213,0
2025-03-06,AMZN,-4.130483172328225,0
2025-03-07,AMZN,-4.220708186113117,0
2025-03-10,AMZN,-3.283695598256131,0
2025-03-11,AMZN,-3.3423894941149217,0
2025-03-12,AMZN,-0.5437232890228144,0
2025-03-13,AMZN,-1.7230976400715419,0
2025-03-14,AMZN,-0.8815474874257058,0
2025-03-17,AMZN,-1.5523503508508791,0
2025-03-18,AMZN,-1.6026431850451228,0
2025-03-19,AMZN,-1.861356304671607,0
2025-03-20,AMZN,-2.3153730849576406,0
2025-03-21,AMZN,-2.8122514855991563,0
2025-03-24,AMZN,-2.247553013638305,0
2025-03-25,AMZN,-2.110186555682669,0
2025-03-26,AMZN,-1.7198678717146016,0
2025-03-27,AMZN,-1.0955591555267195,0
2025-03-28,AMZN,-1.2362785051847496,0
2025-03-31,AMZN,-0.5055147640524358,0
2025-04-01,AMZN,-0.5612713063042222,0
2025-04-02,AMZN,-0.1832045330700934,0
2025-04-03,AMZN,-0.5588996125979411,0
2025-04-04,AMZN,0.8925441866981053,0
2025-04-07,AMZN,1.675417411739695,1
2025-04-08,AMZN,1.5787675489128281,1
2025-04-09,AMZN,2.5658487752808994,1
2025-04-10,AMZN,0.3128460820009939,0
2025-04-11,AMZN,3.966153599304852,1
2025-04-14,AMZN,3.7889080812362286,1
2025-04-15,AMZN,4.109446037420947,1
2025-04-16,AMZN,3.7382403174191126,1
2025-04-17,AMZN,4.858379084905412,1
2025-04-21,AMZN,5.292125648260485,1
2025-04-22,AMZN,6.223265472872981,1
2025-04-23,AMZN,4.720705823482154,1
2025-04-24,AMZN,3.9268365419204225,1
2025-04-25,AMZN,2.5648415602866925,1
2025-04-28,AMZN,2.913556898019273,1
2025-04-29,AMZN,2.9327149139216107,1
2025-04-30,AMZN,3.1554458634342426,1
2025-05-01,AMZN,3.6495832116374323,1
2025-05-02,AMZN,2.9676053554249036,1
2025-05-05,AMZN,2.8386410643693587,1
2025-05-06,AMZN,3.912386056014469,1
2025-05-07,AMZN,4.338450821256292,1
2025-05-08,AMZN,4.533221901831209,1
2025-05-09,AMZN,4.475776125104704,1
2025-05-12,AMZN,4.393376557945017,1
2025-05-13,AMZN,1.2284167313543055,1
2025-05-14,AMZN,0.5114405717831545,0
2025-05-15,AMZN,0.5086357884660626,0
2025-05-16,AMZN,3.194667015708304,1
2025-05-19,AMZN,2.673365514164138,1
2025-05-20,AMZN,1.8044588209354095,1
2025-05-21,AMZN,1.592755136270932,1
2025-05-22,AMZN,2.172112414243459,1
2025-05-23,AMZN,2.696735057081942,1
2025-05-27,AMZN,3.1490098068710255,1
2025-05-28,AMZN,3.1181223632438937,1
2025-05-29,AMZN,4.791767468967264,1
2025-05-30,AMZN,3.3581177928510906,1
2025-06-02,AMZN,3.8055444905645923,1
2025-06-03,AMZN,3.2560726647610894,1
2025-06-04,AMZN,4.273947756061376,1
2025-06-05,AMZN,3.907007496851004,1
2025-06-06,AMZN,2.6351563900069412,1
2025-06-09,AMZN,2.128008045642215,1
2025-06-10,AMZN,1.2731563748926769,1
2025-06-11,AMZN,1.7480235455648085,1
2025-06-12,AMZN,3.1716565035166506,1
2025-06-13,AMZN,3.3269008508818327,1
2025-06-16,AMZN,2.762314028088017,1
2025-06-17,AMZN,1.9886678600042504,1
2025-06-18,AMZN,2.8853891633217157,1
2025-06-20,AMZN,4.316624093555343,1
2025-06-23,AMZN,4.728194709314427,1
2025-06-24,AMZN,5.35464602870092,1
2025-06-25,AMZN,5.236776426539249,1
2025-06-26,AMZN,5.256007154502797,1
2025-06-27,AMZN,4.463651854814276,1
2025-06-30,AMZN,2.428352313992709,1
2025-07-01,AMZN,3.748055516297503,1
2025-07-02,AMZN,4.454967685160923,1
2025-07-03,AMZN,-0.8179316636686264,0
2025-07-07,AMZN,-1.8736890694309145,0
2025-07-08,AMZN,-1.5294837878935155,0
2025-07-09,AMZN,0.4316814418309277,0
2025-07-10,AMZN,0.08629612577758898,0
2025-07-11,AMZN,0.06298824422566246,0
2025-07-14,AMZN,-0.5464641634890846,0
2025-07-15,AMZN,-0.61910200566262,0
2025-07-16,AMZN,-0.2580291692997114,0
2025-07-17,AMZN,1.0879615728324532,0
2025-07-18,AMZN,0.9969599956386314,0
2025-07-21,AMZN,0.7453864875499449,0
2025-07-22,AMZN,-0.1790312438961545,0
2025-07-23,AMZN,-0.5087177801262384,0
2025-07-24,AMZN,-0.8821016048235643,0
2025-07-25,AMZN,-0.44787547863027927,0
2025-07-28,AMZN,-0.4640506921370211,0
2025-07-29,AMZN,-0.5390425513612086,0
2025-07-30,AMZN,-0.25089225773788404,0
2025-07-31,AMZN,0.18570909957483334,0
2025-08-01,AMZN,-0.676052770288414,0
2025-08-04,AMZN,2.324562681265699,1
2025-08-05,AMZN,3.2665419531505853,1
2025-08-06,AMZN,4.255940805055419,1
2025-08-07,AMZN,2.0985919953116987,1
2025-08-08,AMZN,2.596832637646437,1
2025-08-11,AMZN,3.155543612046215,1
2025-08-12,AMZN,1.6807813915882548,1
2025-08-13,AMZN,1.577767947907465,1
2025-08-14,AMZN,0.6698637858051251,0
2025-08-15,AMZN,0.08618961854713246,0
2025-08-18,AMZN,0.5693447809677142,0
2025-08-19,AMZN,0.024379615632410277,0
2025-08-20,AMZN,0.6212265191256408,0
2025-08-21,AMZN,1.5452344820187678,1
2025-08-22,AMZN,1.1345055277858258,0
2025-08-25,AMZN,-1.6259800105442965,0
2025-08-26,AMZN,-1.551448707491332,0
2025-08-27,AMZN,-2.1206473918331605,0
2025-08-28,AMZN,-1.8546521043083632,0
2025-08-29,AMZN,-1.8522234999855263,0
2025-09-02,AMZN,-1.8722036480664284,0
2025-09-03,AMZN,-0.9549288004372818,0
2025-09-04,AMZN,-0.7177005881564517,0
2025-09-05,AMZN,-3.8782878875351043,0
2025-09-08,AMZN,-2.769251951572959,0
2025-09-09,AMZN,-3.4999127481756127,0
2025-09-10,AMZN,-3.1281284838952828,0
2025-09-11,AMZN,-0.7202827073707091,0
2025-09-12,AMZN,-2.8355448538349664,0
2025-09-15,AMZN,-1.6278738149125462,0
2025-09-16,AMZN,-3.0534217889894326,0
2025-09-17,AMZN,-3.8138639266241428,0
2025-09-18,AMZN,-3.5814578211674215,0
2025-09-19,AMZN,-3.812992335501196,0
2025-09-22,AMZN,-3.016260823367706,0
2025-09-23,AMZN,-1.0710021348100713,0
2025-09-24,AMZN,-0.5687479376715436,0
2025-09-25,AMZN,0.1770169315555332,0
2025-09-26,AMZN,1.2085884854911573,1
2025-09-29,AMZN,1.4102413665654088,1
2025-09-30,AMZN,1.3759810635559284,1
2025-10-01,AMZN,2.1250631409675664,1
2025-10-02,AMZN,0.4086986438520862,0
2025-10-03,AMZN,2.59774954040584,1
2025-10-06,AMZN,3.950980473428132,1
2025-10-07,AMZN,3.2130749906017515,1
2025-10-08,AMZN,3.200883846558538,1
2025-10-09,AMZN,1.960647741128113,1
2025-10-10,AMZN,1.821726776194056,1
2025-10-13,AMZN,3.9226845403109083,1
2025-10-14,AMZN,3.5337521841695536,1
2025-10-15,AMZN,3.430400223639873,1
2025-10-16,AMZN,2.6671996486116347,1
2025-10-17,AMZN,2.45668378080681,1
2025-10-20,AMZN,2.424833921085442,1
2025-10-21,AMZN,0.7059850902765051,0
2025-10-22,AMZN,0.0771169532680269,0
2025-10-23,AMZN,-0.09591186520004691,0
2025-10-24,AMZN,-0.0465665032940212,0
2025-10-27,AMZN,0.23347027008967758,0
2025-10-28,AMZN,0.29984535957691305,0
2025-10-29,AMZN,-0.009980565597032774,0
2025-10-30,AMZN,0.317756174371271,0
2025-10-31,AMZN,1.2590443409676886,1
2025-11-03,AMZN,-1.505837002283996,0
2025-11-04,AMZN,-3.6764685418161767,0
2025-11-05,AMZN,-3.5222441587851865,0
2025-11-06,AMZN,-3.5989794344884194,0
2025-11-07,AMZN,-3.0059904168026255,0
2025-11-10,AMZN,-3.05839980871473,0
2025-11-11,AMZN,-3.0260611898546954,0
2025-11-12,AMZN,-3.4417392211164324,0
2025-11-13,AMZN,-3.373270549090023,0
2025-11-14,AMZN,-2.9864791608799663,0
2025-11-17,AMZN,-2.441403635302973,0
2025-11-18,AMZN,-2.3543926907237234,0
2025-11-19,AMZN,0.9971718536091702,0
2025-11-20,AMZN,1.1016152803051267,0
2025-11-21,AMZN,2.9726802612325995,1
2025-11-24,AMZN,2.9677725079777955,1
2025-11-25,AMZN,1.7045453062491935,1
2025-11-26,AMZN,0.8193869114852329,0
2025-11-28,AMZN,0.8386259108371454,0
2025-12-01,AMZN,-0.20931050226561773,0
2025-12-02,AMZN,-0.9225996849465685,0
2025-12-03,AMZN,-2.2645785156351037,0
2025-12-04,AMZN,0.16873512136154073,0
2025-12-05,AMZN,2.6212398736998708,1
2025-12-08,AMZN,2.6619779213454686,1
2025-12-09,AMZN,,0
2025-12-10,AMZN,,0
2025-12-11,AMZN,,0
2025-12-12,AMZN,,0
2025-12-15,AMZN,,0
2025-12-16,AMZN,,0
2025-12-17,AMZN,,0
2025-12-18,AMZN,,0
2025-12-19,AMZN,,0
2025-12-22,AMZN,,0
2025-12-23,AMZN,,0
2025-12-24,AMZN,,0
2025-12-26,AMZN,,0
2025-12-29,AMZN,,0
2025-12-30,AMZN,,0
2025-12-31,AMZN,,0
2026-01-02,AMZN,,0
2026-01-05,AMZN,,0
2026-01-06,AMZN,,0
2026-01-07,AMZN,,0
2019-10-17,GOOG,,0
2019-10-18,GOOG,,0
2019-10-21,GOOG,,0
2019-10-22,GOOG,,0
2019-10-23,GOOG,,0
2019-10-24,GOOG,,0
2019-10-25,GOOG,,0
2019-10-28,GOOG,,0
2019-10-29,GOOG,,0
2019-10-30,GOOG,,0
2019-10-31,GOOG,,0
2019-11-01,GOOG,,0
2019-11-04,GOOG,,0
2019-11-05,GOOG,,0
2019-11-06,GOOG,,0
2019-11-07,GOOG,,0
2019-11-08,GOOG,,0
2019-11-11,GOOG,,0
2019-11-12,GOOG,,0
2019-11-13,GOOG,,0
2019-11-14,GOOG,3.397638791265609,1
2019-11-15,GOOG,3.364772835138005,1
2019-11-18,GOOG,1.4950299730841794,1
2019-11-19,GOOG,2.5128025557450924,1
2019-11-20,GOOG,3.238267613340096,1
2019-11-21,GOOG,3.9023985772780785,1
2019-11-22,GOOG,3.9942423587891795,1
2019-11-25,GOOG,4.09188157605485,1
2019-11-26,GOOG,4.356193756367046,1
2019-11-27,GOOG,3.0349366384141976,1
2019-11-29,GOOG,1.7135304884811469,1
2019-12-02,GOOG,2.4318924497903014,1
2019-12-03,GOOG,5.318009289280308,1
2019-12-04,GOOG,4.406284475750085,1
2019-12-05,GOOG,4.555775197664877,1
2019-12-06,GOOG,4.024307611644009,1
2019-12-09,GOOG,3.920787545981357,1
2019-12-10,GOOG,4.560313741087784,1
2019-12-11,GOOG,5.046207788694754,1
2019-12-12,GOOG,5.561135770679425,1
2019-12-13,GOOG,4.658700750294149,1
2019-12-16,GOOG,5.291399491459707,1
2019-12-17,GOOG,5.216535225894142,1
2019-12-18,GOOG,6.804354919691041,1
2019-12-19,GOOG,7.221217209400805,1
2019-12-20,GOOG,7.091649913307384,1
2019-12-23,GOOG,7.6385282847562666,1
2019-12-24,GOOG,6.142690199563526,1
2019-12-26,GOOG,4.191454593170321,1
2019-12-27,GOOG,4.2150192530192445,1
2019-12-30,GOOG,4.97047503325494,1
2019-12-31,GOOG,5.845227895056016,1
2020-01-02,GOOG,4.482748356405402,1
2020-01-03,GOOG,4.781031969183017,1
2020-01-06,GOOG,3.1799018706007676,1
2020-01-07,GOOG,2.0837130216265427,1
2020-01-08,GOOG,3.0585290680560004,1
2020-01-09,GOOG,2.7597013845152,1
2020-01-10,GOOG,3.138769275211576,1
2020-01-13,GOOG,2.786737918033669,1
2020-01-14,GOOG,2.7690525828818524,1
2020-01-15,GOOG,2.9632485645610225,1
2020-01-16,GOOG,2.8726827504302648,1
2020-01-17,GOOG,2.3935718097856533,1
2020-01-21,GOOG,1.6736833068507224,1
2020-01-22,GOOG,1.2147191483752524,1
2020-01-23,GOOG,-0.028746825168391298,0
2020-01-24,GOOG,-1.915537310528305,0
2020-01-27,GOOG,-2.2881393119694415,0
2020-01-28,GOOG,-1.2402238750911219,0
2020-01-29,GOOG,-3.529129212481895,0
2020-01-30,GOOG,-3.040623614883988,0
2020-01-31,GOOG,-1.542801736616565,0
2020-02-03,GOOG,-2.1133309803177314,0
2020-02-04,GOOG,-2.203744585457707,0
2020-02-05,GOOG,-2.7581732932204615,0
2020-02-06,GOOG,-3.2402662708479433,0
2020-02-07,GOOG,-5.2366405780320955,0
2020-02-10,GOOG,-3.5189752487422012,0
2020-02-11,GOOG,-5.125711035467245,0
2020-02-12,GOOG,-6.387284826133056,0
2020-02-13,GOOG,-3.9145899696992577,0
2020-02-14,GOOG,-5.236787957304585,0
2020-02-18,GOOG,-4.701274997448909,0
2020-02-19,GOOG,-5.018246247171877,0
2020-02-20,GOOG,-4.8008072965805475,0
2020-02-21,GOOG,-5.291416952746834,0
2020-02-24,GOOG,-5.182529413466032,0
2020-02-25,GOOG,-3.236316691528633,0
2020-02-26,GOOG,-3.3034864621046305,0
2020-02-27,GOOG,-2.5200619801190705,0
2020-02-28,GOOG,-2.3924134899686837,0
2020-03-02,GOOG,-2.150093415274972,0
2020-03-03,GOOG,-2.4955134974433117,0
2020-03-04,GOOG,-2.6885364393265005,0
2020-03-05,GOOG,-2.9912878852835783,0
2020-03-06,GOOG,-2.6151280821657155,0
2020-03-09,GOOG,-1.2059810800384931,0
2020-03-10,GOOG,-0.335670246327627,0
2020-03-11,GOOG,-0.7979713657440305,0
2020-03-12,GOOG,-0.0473213368648249,0
2020-03-13,GOOG,1.3798528733749738,1
2020-03-16,GOOG,0.6681773189027452,0
2020-03-17,GOOG,3.2097330276046296,1
2020-03-18,GOOG,2.578941207748757,1
2020-03-19,GOOG,3.3999497459937964,1
2020-03-20,GOOG,2.7388060740071887,1
2020-03-23,GOOG,2.7067259112809134,1
2020-03-24,GOOG,3.801261993608339,1
2020-03-25,GOOG,2.739677574629654,1
2020-03-26,GOOG,3.5619663298656676,1
2020-03-27,GOOG,2.3723120561080386,1
2020-03-30,GOOG,2.7352977241489507,1
2020-03-31,GOOG,3.558125479282972,1
2020-04-01,GOOG,3.3680383768870614,1
2020-04-02,GOOG,4.29168208594597,1
2020-04-03,GOOG,4.076137829260534,1
2020-04-06,GOOG,5.1199990750639985,1
2020-04-07,GOOG,3.6221418328429587,1
2020-04-08,GOOG,4.14814625834302,1
2020-04-09,GOOG,3.930303137349037,1
2020-04-13,GOOG,4.210851101750268,1
2020-04-14,GOOG,3.416231854273756,1
2020-04-15,GOOG,1.761779475387293,1
2020-04-16,GOOG,2.0653843008885224,1
2020-04-17,GOOG,2.397285218455509,1
2020-04-20,GOOG,2.1842609261278514,1
2020-04-21,GOOG,2.3556662654625886,1
2020-04-22,GOOG,4.534692539593762,1
2020-04-23,GOOG,3.4073975619670325,1
2020-04-24,GOOG,3.252531224397864,1
2020-04-27,GOOG,3.329010155537122,1
2020-04-28,GOOG,3.4415290871863795,1
2020-04-29,GOOG,4.86942536744038,1
2020-04-30,GOOG,3.895686563827908,1
2020-05-01,GOOG,3.6945171558869765,1
2020-05-04,GOOG,5.934154518877068,1
2020-05-05,GOOG,5.436416909976809,1
2020-05-06,GOOG,2.930409847722224,1
2020-05-07,GOOG,4.1644394663746445,1
2020-05-08,GOOG,3.497014043978457,1
2020-05-11,GOOG,3.2132040824639927,1
2020-05-12,GOOG,2.9722592843428646,1
2020-05-13,GOOG,1.0793331537161206,0
2020-05-14,GOOG,2.606241208275349,1
2020-05-15,GOOG,2.5889300418079326,1
2020-05-18,GOOG,2.7532962199418485,1
2020-05-19,GOOG,2.6487011699188194,1
2020-05-20,GOOG,2.463628813494046,1
2020-05-21,GOOG,1.0458470675925005,0
2020-05-22,GOOG,1.9964621719832962,1
2020-05-26,GOOG,2.17090393810118,1
2020-05-27,GOOG,0.5635431297344785,0
2020-05-28,GOOG,0.8784856741051086,0
2020-05-29,GOOG,-1.618459739476822,0
2020-06-01,GOOG,-0.9122768716812006,0
2020-06-02,GOOG,-0.47984839338534613,0
2020-06-03,GOOG,-0.030235870689194512,0
2020-06-04,GOOG,0.7067494636504822,0
2020-06-05,GOOG,2.0786411761647843,1
2020-06-08,GOOG,1.170155370783952,0
2020-06-09,GOOG,1.2261024860449912,1
2020-06-10,GOOG,1.3464019143319497,1
2020-06-11,GOOG,1.806894547431081,1
2020-06-12,GOOG,2.9176837253150607,1
2020-06-15,GOOG,2.897087667095658,1
2020-06-16,GOOG,2.5196995977173584,1
2020-06-17,GOOG,2.027875115558997,1
2020-06-18,GOOG,1.7317440299398736,1
2020-06-19,GOOG,3.295502971165598,1
2020-06-22,GOOG,3.2245727252012557,1
2020-06-23,GOOG,2.956229082333767,1
2020-06-24,GOOG,1.217204173402402,1
2020-06-25,GOOG,1.9845230781082992,1
2020-06-26,GOOG,2.1776370995022574,1
2020-06-29,GOOG,4.54476903231163,1
2020-06-30,GOOG,4.167239249869313,1
2020-07-01,GOOG,3.8595317613372098,1
2020-07-02,GOOG,1.3514202696919282,1
2020-07-06,GOOG,0.29815629281825995,0
2020-07-07,GOOG,-0.9691654986583529,0
2020-07-08,GOOG,-0.3650498984337902,0
2020-07-09,GOOG,0.12460042479243032,0
2020-07-10,GOOG,-0.5040673372335684,0
2020-07-13,GOOG,-1.4394627141465808,0
2020-07-14,GOOG,-1.0205900286014804,0
2020-07-15,GOOG,-0.44058145844605645,0
2020-07-16,GOOG,0.15090004542550103,0
2020-07-17,GOOG,-0.3216021506915953,0
2020-07-20,GOOG,0.07556263644070565,0
2020-07-21,GOOG,-0.22302114894290878,0
2020-07-22,GOOG,-0.34212022056293734,0
2020-07-23,GOOG,0.3932620165273386,0
2020-07-24,GOOG,2.239981819509289,1
2020-07-27,GOOG,2.6425552197865234,1
2020-07-28,GOOG,2.664889891848598,1
2020-07-29,GOOG,5.15990229890564,1
2020-07-30,GOOG,3.751288920263113,1
2020-07-31,GOOG,3.7498896921270966,1
2020-08-03,GOOG,6.082830411136507,1
2020-08-04,GOOG,7.450488197878504,1
2020-08-05,GOOG,9.022882179140417,1
2020-08-06,GOOG,4.313520919176329,1
2020-08-07,GOOG,2.191936888492827,1
2020-08-10,GOOG,0.8564602267582873,0
2020-08-11,GOOG,1.3494839458774668,1
2020-08-12,GOOG,1.152169336516514,0
2020-08-13,GOOG,0.31582469185369133,0
2020-08-14,GOOG,0.0185799164683933,0
2020-08-17,GOOG,0.7466844839821558,0
2020-08-18,GOOG,0.06438868271321027,0
2020-08-19,GOOG,-1.4190400006519666,0
2020-08-20,GOOG,-1.9557417971650533,0
2020-08-21,GOOG,-3.4277948872798447,0
2020-08-24,GOOG,-2.4914577437259338,0
2020-08-25,GOOG,-3.6622781559046533,0
2020-08-26,GOOG,-3.7862312999678176,0
2020-08-27,GOOG,-4.43852659235575,0
2020-08-28,GOOG,-3.571798006073669,0
2020-08-31,GOOG,-3.6750314357443354,0
2020-09-01,GOOG,-3.4608002808514913,0
2020-09-02,GOOG,-3.549414897494795,0
2020-09-03,GOOG,-6.14642521766977,0
2020-09-04,GOOG,-3.935453151387455,0
2020-09-08,GOOG,-3.674738464772072,0
2020-09-09,GOOG,-2.1365069448154745,0
2020-09-10,GOOG,-2.0600238860894344,0
2020-09-11,GOOG,-0.47766021591278546,0
2020-09-14,GOOG,1.247502548859618,1
2020-09-15,GOOG,1.3498967584378314,1
2020-09-16,GOOG,0.6900205943287526,0
2020-09-17,GOOG,1.0114473176151615,0
2020-09-18,GOOG,2.103688133558154,1
2020-09-21,GOOG,2.070491438171084,1
2020-09-22,GOOG,3.5881300318019025,1
2020-09-23,GOOG,3.589904556624579,1
2020-09-24,GOOG,6.5390119989786575,1
2020-09-25,GOOG,6.806278242212635,1
2020-09-28,GOOG,4.1598098636857195,1
2020-09-29,GOOG,3.9724011074521415,1
2020-09-30,GOOG,1.0982468070907707,0
2020-10-01,GOOG,2.1286066084454967,1
2020-10-02,GOOG,2.6849957155866253,1
2020-10-05,GOOG,3.578067759627764,1
2020-10-06,GOOG,3.462222803428092,1
2020-10-07,GOOG,5.654193783095187,1
2020-10-08,GOOG,5.7621938355807965,1
2020-10-09,GOOG,5.199954523858148,1
2020-10-12,GOOG,4.643010423811389,1
2020-10-13,GOOG,3.2390741655846655,1
2020-10-14,GOOG,3.4104404007381146,1
2020-10-15,GOOG,3.4322888584158044,1
2020-10-16,GOOG,4.100356210966442,1
2020-10-19,GOOG,3.898452210920374,1
2020-10-20,GOOG,4.638038029135821,1
2020-10-21,GOOG,3.703926054144942,1
2020-10-22,GOOG,3.30482735878137,1
2020-10-23,GOOG,2.435383340403947,1
2020-10-26,GOOG,1.8003662072633164,1
2020-10-27,GOOG,3.6099631273556,1
2020-10-28,GOOG,3.3657206904513686,1
2020-10-29,GOOG,7.288016719062134,1
2020-10-30,GOOG,5.08768748148992,1
2020-11-02,GOOG,4.760802419179302,1
2020-11-03,GOOG,5.315846908109254,1
2020-11-04,GOOG,4.640096606301399,1
2020-11-05,GOOG,2.984527502972394,1
2020-11-06,GOOG,2.1191589840802494,1
2020-11-09,GOOG,2.1475154108810006,1
2020-11-10,GOOG,0.7477786423412822,0
2020-11-11,GOOG,1.2821387166034819,1
2020-11-12,GOOG,1.0666849659189355,0
2020-11-13,GOOG,0.36715777642722636,0
2020-11-16,GOOG,-0.3422951968290323,0
2020-11-17,GOOG,-0.6805434093439914,0
2020-11-18,GOOG,-0.8251321383418474,0
2020-11-19,GOOG,-0.6004473615698145,0
2020-11-20,GOOG,-0.9420784265670575,0
2020-11-23,GOOG,-0.7346074490908051,0
2020-11-24,GOOG,-0.09714787262406038,0
2020-11-25,GOOG,-1.2629391790660625,0
2020-11-27,GOOG,0.17548328980136826,0
2020-11-30,GOOG,-1.3146675678104647,0
2020-12-01,GOOG,-0.8567119937745173,0
2020-12-02,GOOG,-2.034088706537891,0
2020-12-03,GOOG,-4.64140537485006,0
2020-12-04,GOOG,-3.877083170092021,0
2020-12-07,GOOG,-4.202021162763489,0
2020-12-08,GOOG,-1.1594719675986875,0
2020-12-09,GOOG,-0.3959770054628985,0
2020-12-10,GOOG,-0.6054977723040573,0
2020-12-11,GOOG,-0.9928849061321762,0
2020-12-14,GOOG,-0.9391686242293407,0
2020-12-15,GOOG,-0.6980546771970955,0
2020-12-16,GOOG,-1.1119956098985246,0
2020-12-17,GOOG,0.8422211642873445,0
2020-12-18,GOOG,3.2466368858201378,1
2020-12-21,GOOG,3.8117868401882524,1
2020-12-22,GOOG,3.8267010720483343,1
2020-12-23,GOOG,4.238169111639299,1
2020-12-24,GOOG,4.4139770544662,1
2020-12-28,GOOG,1.8883520863090484,1
2020-12-29,GOOG,1.7661454233087532,1
2020-12-30,GOOG,1.5691769070810782,1
2020-12-31,GOOG,3.1099844359019664,1
2021-01-04,GOOG,3.3262107118804414,1
2021-01-05,GOOG,5.306647918493053,1
2021-01-06,GOOG,4.955142660277073,1
2021-01-07,GOOG,5.564451711314246,1
2021-01-08,GOOG,4.687889369311494,1
2021-01-11,GOOG,4.2050367820082215,1
2021-01-12,GOOG,5.226375686648816,1
2021-01-13,GOOG,5.662546973956429,1
2021-01-14,GOOG,5.643628273085216,1
2021-01-15,GOOG,6.235812890693625,1
2021-01-19,GOOG,6.4300981265285335,1
2021-01-20,GOOG,5.354883538101761,1
2021-01-21,GOOG,3.7738393068600855,1
2021-01-22,GOOG,3.0052732267500772,1
2021-01-25,GOOG,2.927307939923893,1
2021-01-26,GOOG,3.3519053942218346,1
2021-01-27,GOOG,1.8673387809206408,1
2021-01-28,GOOG,3.9219952711302417,1
2021-01-29,GOOG,4.047090763850421,1
2021-02-01,GOOG,4.581224483412844,1
2021-02-02,GOOG,2.3993510561086664,1
2021-02-03,GOOG,2.305679582124489,1
2021-02-04,GOOG,0.9927379352622316,0
2021-02-05,GOOG,-0.8457293886880886,0
2021-02-08,GOOG,-0.9967291893441762,0
2021-02-09,GOOG,-0.8338361559357144,0
2021-02-10,GOOG,0.6347964806189307,0
2021-02-11,GOOG,-0.6553012739974138,0
2021-02-12,GOOG,-0.5747605152981944,0
2021-02-16,GOOG,-0.2223347891657752,0
2021-02-17,GOOG,-0.5922825546136423,0
2021-02-18,GOOG,-1.716538960816841,0
2021-02-19,GOOG,-1.3790691226158547,0
2021-02-22,GOOG,-1.1742593253202822,0
2021-02-23,GOOG,-0.2281714504823403,0
2021-02-24,GOOG,-0.4940615696966024,0
2021-02-25,GOOG,-0.9779931447033523,0
2021-02-26,GOOG,0.08781634641920948,0
2021-03-01,GOOG,0.3948184519503472,0
2021-03-02,GOOG,-0.5522568983950518,0
2021-03-03,GOOG,-0.15252959605264532,0
2021-03-04,GOOG,2.2685670164382308,1
2021-03-05,GOOG,3.1974901977335484,1
2021-03-08,GOOG,2.168008076269428,1
2021-03-09,GOOG,5.019665449937654,1
2021-03-10,GOOG,4.723271480508897,1
2021-03-11,GOOG,5.097729534154899,1
2021-03-12,GOOG,3.1631379820998524,1
2021-03-15,GOOG,5.171760182803935,1
2021-03-16,GOOG,4.6958000644702595,1
2021-03-17,GOOG,4.930188721245195,1
2021-03-18,GOOG,4.99855065401993,1
2021-03-19,GOOG,7.501961443425783,1
2021-03-22,GOOG,6.963999642358805,1
2021-03-23,GOOG,7.123456311505591,1
2021-03-24,GOOG,5.787186966921892,1
2021-03-25,GOOG,7.056798011114432,1
2021-03-26,GOOG,7.397906928413228,1
2021-03-29,GOOG,7.0570708885724684,1
2021-03-30,GOOG,7.640380726770909,1
2021-03-31,GOOG,8.615043957291785,1
2021-04-01,GOOG,7.650710134663226,1
2021-04-05,GOOG,6.068035564959231,1
2021-04-06,GOOG,3.3838136499250915,1
2021-04-07,GOOG,3.4727675967404035,1
2021-04-08,GOOG,3.4338917075974886,1
2021-04-09,GOOG,3.4491144947155217,1
2021-04-12,GOOG,1.328418251018032,1
2021-04-13,GOOG,1.300968500891189,1
2021-04-14,GOOG,-0.6165720254277769,0
2021-04-15,GOOG,0.1542730321644593,0
2021-04-16,GOOG,0.40397448394855506,0
2021-04-19,GOOG,0.4891179075145788,0
2021-04-20,GOOG,0.021236939504850092,0
2021-04-21,GOOG,0.31146095645356925,0
2021-04-22,GOOG,1.2383620063463132,1
2021-04-23,GOOG,1.551239772153325,1
2021-04-26,GOOG,1.7571698932735365,1
2021-04-27,GOOG,1.5800146154798365,1
2021-04-28,GOOG,2.4342959090606917,1
2021-04-29,GOOG,0.46027743536977417,0
2021-04-30,GOOG,-0.3858057197229406,0
2021-05-03,GOOG,0.41505294741398086,0
2021-05-04,GOOG,0.5548889305559439,0
2021-05-05,GOOG,1.117693357071102,0
2021-05-06,GOOG,2.009625756719438,1
2021-05-07,GOOG,1.7894901986485017,1
2021-05-10,GOOG,1.7658705429839123,1
2021-05-11,GOOG,3.461443242492034,1
2021-05-12,GOOG,5.095839082752424,1
2021-05-13,GOOG,8.299011935473313,1
2021-05-14,GOOG,7.9837608493764645,1
2021-05-17,GOOG,6.576936092911756,1
2021-05-18,GOOG,6.127628311411197,1
2021-05-19,GOOG,7.410009493122975,1
2021-05-20,GOOG,6.523377147726414,1
2021-05-21,GOOG,5.922884332464561,1
2021-05-24,GOOG,6.815505415509771,1
2021-05-25,GOOG,5.062004123563123,1
2021-05-26,GOOG,5.58527576044754,1
2021-05-27,GOOG,4.411972083754881,1
2021-05-28,GOOG,6.254693710458815,1
2021-06-01,GOOG,4.886034468654927,1
2021-06-02,GOOG,3.3937220265367993,1
2021-06-03,GOOG,4.655858042744879,1
2021-06-04,GOOG,6.868730132218724,1
2021-06-07,GOOG,6.475210282498135,1
2021-06-08,GOOG,6.116049667842937,1
2021-06-09,GOOG,4.390533334722782,1
2021-06-10,GOOG,4.352512271606525,1
2021-06-11,GOOG,4.018446077505015,1
2021-06-14,GOOG,4.807298746156899,1
2021-06-15,GOOG,5.0786295117009645,1
2021-06-16,GOOG,4.538086639689564,1
2021-06-17,GOOG,5.378895642521092,1
2021-06-18,GOOG,2.0748343798902673,1
2021-06-21,GOOG,3.8325380440027543,1
2021-06-22,GOOG,4.13080822043979,1
2021-06-23,GOOG,4.224848074941419,1
2021-06-24,GOOG,5.9925557694706,1
2021-06-25,GOOG,6.360157948864333,1
2021-06-28,GOOG,4.594160708787372,1
2021-06-29,GOOG,4.477747835610159,1
2021-06-30,GOOG,5.018244499622855,1
2021-07-01,GOOG,4.685735360823966,1
2021-07-02,GOOG,4.5336922245985045,1
2021-07-06,GOOG,3.6732197730292806,1
2021-07-07,GOOG,3.0378947974353077,1
2021-07-08,GOOG,3.305228911824525,1
2021-07-09,GOOG,3.8587912401369944,1
2021-07-12,GOOG,4.104064690304122,1
2021-07-13,GOOG,3.6655180134898924,1
2021-07-14,GOOG,3.239771354047877,1
2021-07-15,GOOG,3.047568056923972,1
2021-07-16,GOOG,3.5052818864662143,1
2021-07-19,GOOG,3.4588876700287634,1
2021-07-20,GOOG,4.25175977957076,1
2021-07-21,GOOG,2.9274933071915354,1
2021-07-22,GOOG,2.34199602163363,1
2021-07-23,GOOG,2.704607789492831,1
2021-07-26,GOOG,2.0438943135780705,1
2021-07-27,GOOG,1.7427394830244622,1
2021-07-28,GOOG,4.822145203770064,1
2021-07-29,GOOG,4.4369208261069994,1
2021-07-30,GOOG,5.56597880668022,1
2021-08-02,GOOG,7.638791334622463,1
2021-08-03,GOOG,7.020314595227699,1
2021-08-04,GOOG,7.072537179929017,1
2021-08-05,GOOG,5.638985190350882,1
2021-08-06,GOOG,5.397768801183435,1
2021-08-09,GOOG,5.823705841743415,1
2021-08-10,GOOG,4.663256641235639,1
2021-08-11,GOOG,4.614213232467522,1
2021-08-12,GOOG,2.45324532725553,1
2021-08-13,GOOG,2.859668149197432,1
2021-08-16,GOOG,2.8160238115956018,1
2021-08-17,GOOG,3.413275722423232,1
2021-08-18,GOOG,4.0101866924143525,1
2021-08-19,GOOG,2.51434028197072,1
2021-08-20,GOOG,1.0135049077539837,0
2021-08-23,GOOG,0.5891121013342856,0
2021-08-24,GOOG,-0.08195141831073628,0
2021-08-25,GOOG,-0.29195472537015343,0
2021-08-26,GOOG,-0.16038477141093807,0
2021-08-27,GOOG,-0.31477352572736095,0
2021-08-30,GOOG,-3.546132949701763,0
2021-08-31,GOOG,-4.6621368050455825,0
2021-09-01,GOOG,-5.206221340459547,0
2021-09-02,GOOG,-3.5785616026780516,0
2021-09-03,GOOG,-3.945217418416519,0
2021-09-07,GOOG,-3.0673446707800958,0
2021-09-08,GOOG,-2.8717736505697142,0
2021-09-09,GOOG,-1.9457991663019019,0
2021-09-10,GOOG,-1.64333805980798,0
2021-09-13,GOOG,-1.0923133086215582,0
2021-09-14,GOOG,-2.395923948559886,0
2021-09-15,GOOG,-1.922647362243152,0
2021-09-16,GOOG,-1.2346399831883874,0
2021-09-17,GOOG,-0.8809817034437036,0
2021-09-20,GOOG,0.507292821522575,0
2021-09-21,GOOG,1.6931830856213983,1
2021-09-22,GOOG,0.9664085076445256,0
2021-09-23,GOOG,0.6438772665365808,0
2021-09-24,GOOG,-1.0442034219055094,0
2021-09-27,GOOG,-1.259586984371566,0
2021-09-28,GOOG,-0.596970266232675,0
2021-09-29,GOOG,3.178531123355449,1
2021-09-30,GOOG,3.697407016258957,1
2021-10-01,GOOG,4.804974790291278,1
2021-10-04,GOOG,2.1997470645264685,1
2021-10-05,GOOG,3.7737914760435514,1
2021-10-06,GOOG,3.324027545578256,1
2021-10-07,GOOG,3.4926819006088246,1
2021-10-08,GOOG,3.0988832955058863,1
2021-10-11,GOOG,2.855575295046418,1
2021-10-12,GOOG,3.2456926784305415,1
2021-10-13,GOOG,3.1207212670909947,1
2021-10-14,GOOG,2.778413882343209,1
2021-10-15,GOOG,2.5780471117069377,1
2021-10-18,GOOG,2.4109624313217184,1
2021-10-19,GOOG,1.9097390887039531,1
2021-10-20,GOOG,1.6335435693551021,1
2021-10-21,GOOG,2.5999549133473034,1
2021-10-22,GOOG,2.2393428826456345,1
2021-10-25,GOOG,2.8518190261594247,1
2021-10-26,GOOG,2.6891308592842758,1
2021-10-27,GOOG,2.367659648166997,1
2021-10-28,GOOG,-1.4265748865769852,0
2021-10-29,GOOG,-0.005445431056552963,0
2021-11-01,GOOG,-2.0337262939599356,0
2021-11-02,GOOG,-0.8536988754282815,0
2021-11-03,GOOG,-0.8116094887860821,0
2021-11-04,GOOG,-1.6615130207609339,0
2021-11-05,GOOG,-1.9067275570377542,0
2021-11-08,GOOG,-0.41343573029771624,0
2021-11-09,GOOG,-0.21543082723448723,0
2021-11-10,GOOG,-0.39037127804054833,0
2021-11-11,GOOG,0.7306561574142726,0
2021-11-12,GOOG,-0.015275463863351903,0
2021-11-15,GOOG,-1.692227060644528,0
2021-11-16,GOOG,-0.6995961248678407,0
2021-11-17,GOOG,-1.4388712565317117,0
2021-11-18,GOOG,-2.1057330464269635,0
2021-11-19,GOOG,-2.837196526628118,0
2021-11-22,GOOG,-1.9055784541316287,0
2021-11-23,GOOG,-0.04284462336429725,0
2021-11-24,GOOG,0.12765708201168155,0
2021-11-26,GOOG,0.4429249115621048,0
2021-11-29,GOOG,1.3096263086747764,1
2021-11-30,GOOG,0.14771123027572877,0
2021-12-01,GOOG,1.5019400440168722,1
2021-12-02,GOOG,1.293200868860446,1
2021-12-03,GOOG,0.5620112077388645,0
2021-12-06,GOOG,0.8351583576130374,0
2021-12-07,GOOG,-2.0872656228429984,0
2021-12-08,GOOG,-3.931700360677802,0
2021-12-09,GOOG,-4.429949510413867,0
2021-12-10,GOOG,-3.4936976912384003,0
2021-12-13,GOOG,-3.101819677736276,0
2021-12-14,GOOG,-1.7990043323382732,0
2021-12-15,GOOG,-2.0713745240755075,0
2021-12-16,GOOG,-2.754276519962219,0
2021-12-17,GOOG,-3.0651007867445337,0
2021-12-20,GOOG,-2.6260941006376486,0
2021-12-21,GOOG,-3.23349081822502,0
2021-12-22,GOOG,-5.057491571395171,0
2021-12-23,GOOG,-6.223861088745404,0
2021-12-27,GOOG,-7.404674143283577,0
2021-12-28,GOOG,-6.392254513263282,0
2021-12-29,GOOG,-5.916352505865779,0
2021-12-30,GOOG,-3.9590498981191136,0
2021-12-31,GOOG,-2.9582210693575712,0
2022-01-03,GOOG,-1.903621526198974,0
2022-01-04,GOOG,0.6124120726973317,0
2022-01-05,GOOG,-0.35391411634104575,0
2022-01-06,GOOG,1.2070251507584437,1
2022-01-07,GOOG,0.3051127920482945,0
2022-01-10,GOOG,0.4866816406537383,0
2022-01-11,GOOG,0.6228720426986706,0
2022-01-12,GOOG,-0.30376759244645296,0
2022-01-13,GOOG,-1.5818830211388366,0
2022-01-14,GOOG,-0.814157217130966,0
2022-01-18,GOOG,-0.70819990548404,0
2022-01-19,GOOG,0.25986904766132873,0
2022-01-20,GOOG,-0.7038891467348931,0
2022-01-21,GOOG,-0.6506558983511801,0
2022-01-24,GOOG,-0.15330076860822167,0
2022-01-25,GOOG,-0.6194479332042478,0
2022-01-26,GOOG,1.282891292191399,1
2022-01-27,GOOG,1.1283036203800172,0
2022-01-28,GOOG,1.2323319373228339,1
2022-01-31,GOOG,0.19119966106874572,0
2022-02-01,GOOG,-0.20615803154052714,0
2022-02-02,GOOG,-0.780483742648094,0
2022-02-03,GOOG,-4.42554317730313,0
2022-02-04,GOOG,-4.547784649552652,0
2022-02-07,GOOG,-4.380829061413539,0
2022-02-08,GOOG,-1.2337396206771565,0
2022-02-09,GOOG,-1.5916941770991242,0
2022-02-10,GOOG,-2.6986757003883124,0
2022-02-11,GOOG,-2.937742248460404,0
2022-02-14,GOOG,-1.1251537307696946,0
2022-02-15,GOOG,-0.3809591250226936,0
2022-02-16,GOOG,-0.42919298873129613,0
2022-02-17,GOOG,-0.15793691472085358,0
2022-02-18,GOOG,1.0516588655744257,0
2022-02-22,GOOG,2.414572446901826,1
2022-02-23,GOOG,2.250051009890595,1
2022-02-24,GOOG,3.3950173729563637,1
2022-02-25,GOOG,2.2847393260060183,1
2022-02-28,GOOG,1.9154688187636637,1
2022-03-01,GOOG,2.1371297292528304,1
2022-03-02,GOOG,2.179708516484322,1
2022-03-03,GOOG,1.2333460852058482,1
2022-03-04,GOOG,1.6058440911953908,1
2022-03-07,GOOG,2.898203499043185,1
2022-03-08,GOOG,4.212235436372807,1
2022-03-09,GOOG,2.7098379427546373,1
2022-03-10,GOOG,0.8089012484076554,0
2022-03-11,GOOG,0.4108129241393382,0
2022-03-14,GOOG,-0.20416445623730725,0
2022-03-15,GOOG,0.5274822295847109,0
2022-03-16,GOOG,0.2026854562144087,0
2022-03-17,GOOG,-2.1636220332577567,0
2022-03-18,GOOG,-2.221732375335673,0
2022-03-21,GOOG,-2.0352630863616215,0
2022-03-22,GOOG,-2.6499017203989927,0
2022-03-23,GOOG,-5.151523566510339,0
2022-03-24,GOOG,-5.872506796231119,0
2022-03-25,GOOG,-5.251045178709218,0
2022-03-28,GOOG,-6.300825529526922,0
2022-03-29,GOOG,-7.52198448221008,0
2022-03-30,GOOG,-5.924024124695137,0
2022-03-31,GOOG,-6.779160549839699,0
2022-04-01,GOOG,-5.3697039106489255,0
2022-04-04,GOOG,-5.340613275496288,0
2022-04-05,GOOG,-4.624279266049316,0
2022-04-06,GOOG,-5.225509595564965,0
2022-04-07,GOOG,-4.772088000817807,0
2022-04-08,GOOG,-5.223866895340243,0
2022-04-11,GOOG,-4.301188228812127,0
2022-04-12,GOOG,-3.6501349564350742,0
2022-04-13,GOOG,-3.541564027287935,0
2022-04-14,GOOG,-3.0534098620707746,0
2022-04-18,GOOG,-2.8395581032672625,0
2022-04-19,GOOG,-2.5095405465929823,0
2022-04-20,GOOG,-4.028357976561448,0
2022-04-21,GOOG,-3.958765494325651,0
2022-04-22,GOOG,-3.644420061245434,0
2022-04-25,GOOG,-1.9275124595382345,0
2022-04-26,GOOG,-4.104928557479785,0
2022-04-27,GOOG,-3.3520201852888127,0
2022-04-28,GOOG,-1.6858422153606385,0
2022-04-29,GOOG,-1.5794435256254726,0
2022-05-02,GOOG,-0.23396118692002163,0
2022-05-03,GOOG,-0.7651113657248116,0
2022-05-04,GOOG,-0.09209384736016461,0
2022-05-05,GOOG,-1.9726856898443081,0
2022-05-06,GOOG,0.07057370139553627,0
2022-05-09,GOOG,0.42280859998948506,0
2022-05-10,GOOG,1.159980656162149,0
2022-05-11,GOOG,0.09225871315530494,0
2022-05-12,GOOG,-0.6870065290487141,0
2022-05-13,GOOG,-1.6444753126777525,0
2022-05-16,GOOG,-2.4938514463442574,0
2022-05-17,GOOG,-1.1303425593542498,0
2022-05-18,GOOG,-2.551067158089667,0
2022-05-19,GOOG,-1.206664795939529,0
2022-05-20,GOOG,0.3189546791602825,0
2022-05-23,GOOG,0.6925980743103427,0
2022-05-24,GOOG,0.2592236860972702,0
2022-05-25,GOOG,3.31156390511336,1
2022-05-26,GOOG,2.811691971550131,1
2022-05-27,GOOG,1.079369521472319,0
2022-05-31,GOOG,-0.14226105901170247,0
2022-06-01,GOOG,-1.2111019095691438,0
2022-06-02,GOOG,-1.3137595235944581,0
2022-06-03,GOOG,-0.9346245402815917,0
2022-06-06,GOOG,0.16173782955400784,0
2022-06-07,GOOG,0.5413659239585324,0
2022-06-08,GOOG,0.689116325530846,0
2022-06-09,GOOG,-0.16499843110926177,0
2022-06-10,GOOG,-0.01616490073197918,0
2022-06-13,GOOG,0.18663084036467298,0
2022-06-14,GOOG,1.2226926026383178,1
2022-06-15,GOOG,1.4770172602066662,1
2022-06-16,GOOG,-0.12751935181677831,0
2022-06-17,GOOG,2.086136340457308,1
2022-06-21,GOOG,1.77912454247021,1
2022-06-22,GOOG,0.8103797276404038,0
2022-06-23,GOOG,-0.8934730620345771,0
2022-06-24,GOOG,-1.0876751810780512,0
2022-06-27,GOOG,-3.420470346578898,0
2022-06-28,GOOG,-0.6389161938394268,0
2022-06-29,GOOG,0.44598721141684966,0
2022-06-30,GOOG,0.9547010396976038,0
2022-07-01,GOOG,1.3787742964392748,1
2022-07-05,GOOG,1.53984043765176,1
2022-07-06,GOOG,1.105216050509336,0
2022-07-07,GOOG,0.8232513925754826,0
2022-07-08,GOOG,-0.24979571081907906,0
2022-07-11,GOOG,-0.4659976507373263,0
2022-07-12,GOOG,0.23580309346558623,0
2022-07-13,GOOG,1.3727521769360391,1
2022-07-14,GOOG,1.8720257310453317,1
2022-07-15,GOOG,2.7003347037816465,1
2022-07-18,GOOG,2.423867524139364,1
2022-07-19,GOOG,3.1590302653107134,1
2022-07-20,GOOG,1.467325158578599,1
2022-07-21,GOOG,1.5815274597786015,1
2022-07-22,GOOG,0.7798420044795402,0
2022-07-25,GOOG,2.0224940213339346,1
2022-07-26,GOOG,1.9800923961860815,1
2022-07-27,GOOG,2.958404423784275,1
2022-07-28,GOOG,1.7595157539208532,1
2022-07-29,GOOG,-1.1215212754450337,0
2022-08-01,GOOG,-2.187305631245863,0
2022-08-02,GOOG,-1.9546023620114965,0
2022-08-03,GOOG,-2.3757614649436216,0
2022-08-04,GOOG,-2.948844570086313,0
2022-08-05,GOOG,-3.639572788539106,0
2022-08-08,GOOG,-3.8556401628259036,0
2022-08-09,GOOG,-2.5418246435188494,0
2022-08-10,GOOG,-2.6953626324283357,0
2022-08-11,GOOG,-2.9410565472303247,0
2022-08-12,GOOG,-2.6431138712082776,0
2022-08-15,GOOG,-5.1697126302742005,0
2022-08-16,GOOG,-5.03470090194949,0
2022-08-17,GOOG,-5.537662675859606,0
2022-08-18,GOOG,-5.040774415846054,0
2022-08-19,GOOG,-5.132988670701172,0
2022-08-22,GOOG,-5.045254266016568,0
2022-08-23,GOOG,-4.829803615945249,0
2022-08-24,GOOG,-4.5171585452417915,0
2022-08-25,GOOG,-4.970923197613722,0
2022-08-26,GOOG,-6.345481295244107,0
2022-08-29,GOOG,-5.376418292182579,0
2022-08-30,GOOG,-3.5984758332714946,0
2022-08-31,GOOG,-4.359068519594802,0
2022-09-01,GOOG,-4.796863379400015,0
2022-09-02,GOOG,-3.8072249265621756,0
2022-09-06,GOOG,-1.9967539226861244,0
2022-09-07,GOOG,-1.6920669810535791,0
2022-09-08,GOOG,-2.742953989716047,0
2022-09-09,GOOG,-3.2554985205707845,0
2022-09-12,GOOG,-4.455088200413042,0
2022-09-13,GOOG,-4.736884819972734,0
2022-09-14,GOOG,-3.0544137991117934,0
2022-09-15,GOOG,-2.607099219516633,0
2022-09-16,GOOG,-2.8460038530711005,0
2022-09-19,GOOG,-1.0674228122007436,0
2022-09-20,GOOG,-0.9151777535132456,0
2022-09-21,GOOG,-0.5912712436914116,0
2022-09-22,GOOG,0.2054498520352681,0
2022-09-23,GOOG,0.35552577750542946,0
2022-09-26,GOOG,1.488938722059709,1
2022-09-27,GOOG,2.3417103757641575,1
2022-09-28,GOOG,-0.8577944792058274,0
2022-09-29,GOOG,-2.157928962444619,0
2022-09-30,GOOG,-0.38241106139311004,0
2022-10-03,GOOG,-0.38494028907092953,0
2022-10-04,GOOG,-2.252567993197839,0
2022-10-05,GOOG,-3.970108022316036,0
2022-10-06,GOOG,-4.819596679504948,0
2022-10-07,GOOG,-3.737785828084252,0
2022-10-10,GOOG,-2.607564108116029,0
2022-10-11,GOOG,-2.344251111721386,0
2022-10-12,GOOG,-2.5700135048913024,0
2022-10-13,GOOG,-0.8524127343660605,0
2022-10-14,GOOG,-0.596833216748668,0
2022-10-17,GOOG,-0.23645310758207705,0
2022-10-18,GOOG,-0.41433529671319097,0
2022-10-19,GOOG,-0.480911914629866,0
2022-10-20,GOOG,-0.362066482880666,0
2022-10-21,GOOG,-0.5532665027360307,0
2022-10-24,GOOG,-1.147040760968085,0
2022-10-25,GOOG,-1.1272403565518199,0
2022-10-26,GOOG,-1.2036034174717025,0
2022-10-27,GOOG,0.719864903788915,0
2022-10-28,GOOG,0.9736667970430783,0
2022-10-31,GOOG,-0.3136153375962933,0
2022-11-01,GOOG,1.677652306010744,1
2022-11-02,GOOG,2.909807067220561,1
2022-11-03,GOOG,4.023222189284027,1
2022-11-04,GOOG,5.306332217771026,1
2022-11-07,GOOG,3.400835974875356,1
2022-11-08,GOOG,2.0530294509267626,1
2022-11-09,GOOG,1.5855024395303794,1
2022-11-10,GOOG,1.8239040265011746,1
2022-11-11,GOOG,-0.24230047230685464,0
2022-11-14,GOOG,-0.34362080220706764,0
2022-11-15,GOOG,-0.28330431400686834,0
2022-11-16,GOOG,-2.8315615531859755,0
2022-11-17,GOOG,-3.0702592442372385,0
2022-11-18,GOOG,-3.531291737649684,0
2022-11-21,GOOG,-3.073632815386526,0
2022-11-22,GOOG,-2.1342281044388085,0
2022-11-23,GOOG,-3.4854371669534348,0
2022-11-25,GOOG,-3.389048440042757,0
2022-11-28,GOOG,-3.6566272617448585,0
2022-11-29,GOOG,-3.7471352874948685,0
2022-11-30,GOOG,-2.3331791937199045,0
2022-12-01,GOOG,-5.812935547317057,0
2022-12-02,GOOG,-5.15579730187643,0
2022-12-05,GOOG,-5.427531630170097,0
2022-12-06,GOOG,-5.851274199672955,0
2022-12-07,GOOG,-4.092180464183112,0
2022-12-08,GOOG,-2.909451744184639,0
2022-12-09,GOOG,-2.172600041950722,0
2022-12-12,GOOG,-0.3401760377201418,0
2022-12-13,GOOG,-0.69355564649963,0
2022-12-14,GOOG,-1.30708311194362,0
2022-12-15,GOOG,-1.3572805870474978,0
2022-12-16,GOOG,0.2991244702021481,0
2022-12-19,GOOG,1.4921397787870556,1
2022-12-20,GOOG,4.1124684670794,1
2022-12-21,GOOG,4.587528259653362,1
2022-12-22,GOOG,3.441632109202526,1
2022-12-23,GOOG,3.2995008691292473,1
2022-12-27,GOOG,3.5174020063178073,1
2022-12-28,GOOG,4.992551692083321,1
2022-12-29,GOOG,4.429841700327757,1
2022-12-30,GOOG,4.187072047066855,1
2023-01-03,GOOG,4.831423424214352,1
2023-01-04,GOOG,5.804449384212108,1
2023-01-05,GOOG,4.8723906436816815,1
2023-01-06,GOOG,5.0786782273417925,1
2023-01-09,GOOG,5.641210346925066,1
2023-01-10,GOOG,2.7027197116127675,1
2023-01-11,GOOG,1.4503469659442723,1
2023-01-12,GOOG,0.6093000508381528,0
2023-01-13,GOOG,0.7253829307163856,0
2023-01-17,GOOG,0.5031275236358518,0
2023-01-18,GOOG,1.1386632913918617,0
2023-01-19,GOOG,0.9261796819507399,0
2023-01-20,GOOG,0.1575729157110612,0
2023-01-23,GOOG,-1.7498572015341782,0
2023-01-24,GOOG,-2.28774517778188,0
2023-01-25,GOOG,-2.0182125810711904,0
2023-01-26,GOOG,-1.8813898776235407,0
2023-01-27,GOOG,-2.3105367999330095,0
2023-01-30,GOOG,-2.6559021645585053,0
2023-01-31,GOOG,-1.9482083420964742,0
2023-02-01,GOOG,-1.940634040788796,0
2023-02-02,GOOG,-1.8644121601995745,0
2023-02-03,GOOG,-3.735266090207487,0
2023-02-06,GOOG,-3.2819752829450226,0
2023-02-07,GOOG,-2.6402511248494496,0
2023-02-08,GOOG,-4.983303876979859,0
2023-02-09,GOOG,-4.1474150853328275,0
2023-02-10,GOOG,-2.136410601793679,0
2023-02-13,GOOG,-0.31014435741610236,0
2023-02-14,GOOG,0.73683427940453,0
2023-02-15,GOOG,2.449228066823623,1
2023-02-16,GOOG,2.1456512693528422,1
2023-02-17,GOOG,2.521896264176106,1
2023-02-21,GOOG,4.300704197002814,1
2023-02-22,GOOG,4.958444946277592,1
2023-02-23,GOOG,5.8073058089266425,1
2023-02-24,GOOG,6.111723347281876,1
2023-02-27,GOOG,5.49989124806871,1
2023-02-28,GOOG,4.391991747025946,1
2023-03-01,GOOG,4.510731361211045,1
2023-03-02,GOOG,4.181381630875295,1
2023-03-03,GOOG,4.361099105902037,1
2023-03-06,GOOG,4.045496956870305,1
2023-03-07,GOOG,3.538511303890223,1
2023-03-08,GOOG,4.11840646274528,1
2023-03-09,GOOG,5.032096474170762,1
2023-03-10,GOOG,5.195614040502447,1
2023-03-13,GOOG,5.698706555842898,1
2023-03-14,GOOG,5.046566750911387,1
2023-03-15,GOOG,5.045872229595182,1
2023-03-16,GOOG,4.670520552490927,1
2023-03-17,GOOG,2.0035080370528457,1
2023-03-20,GOOG,0.9916250357775109,0
2023-03-21,GOOG,1.158280065174399,0
2023-03-22,GOOG,0.024152742896169407,0
2023-03-23,GOOG,0.6995565424215285,0
2023-03-24,GOOG,0.21772853230216618,0
2023-03-27,GOOG,-0.5931759371868903,0
2023-03-28,GOOG,0.6201054465634058,0
2023-03-29,GOOG,2.8686069256532103,1
2023-03-30,GOOG,2.5783205104317197,1
2023-03-31,GOOG,2.6238636870051035,1
2023-04-03,GOOG,0.8264971699326843,0
2023-04-04,GOOG,0.5052583085028372,0
2023-04-05,GOOG,0.037467718189741483,0
2023-04-06,GOOG,0.520969963284234,0
2023-04-10,GOOG,-0.289435030126233,0
2023-04-11,GOOG,0.4533752685629005,0
2023-04-12,GOOG,2.4491422636212685,1
2023-04-13,GOOG,4.181284411724956,1
2023-04-14,GOOG,3.5517897686623843,1
2023-04-17,GOOG,2.7182754486476823,1
2023-04-18,GOOG,5.1838318344260825,1
2023-04-19,GOOG,6.370734124876301,1
2023-04-20,GOOG,7.134535083069995,1
2023-04-21,GOOG,6.619726174114909,1
2023-04-24,GOOG,7.459817111010342,1
2023-04-25,GOOG,5.842755012343451,1
2023-04-26,GOOG,6.2854889529712645,1
2023-04-27,GOOG,7.203113178682278,1
2023-04-28,GOOG,6.463639262850548,1
2023-05-01,GOOG,6.189910628713618,1
2023-05-02,GOOG,5.871996329212254,1
2023-05-03,GOOG,7.248711128881624,1
2023-05-04,GOOG,7.528595774598173,1
2023-05-05,GOOG,8.647690620490325,1
2023-05-08,GOOG,8.672523231087421,1
2023-05-09,GOOG,5.026418265646163,1
2023-05-10,GOOG,5.052594625366513,1
2023-05-11,GOOG,3.8800415706575775,1
2023-05-12,GOOG,2.9869314836489593,1
2023-05-15,GOOG,2.6062377284675953,1
2023-05-16,GOOG,3.0173255514251944,1
2023-05-17,GOOG,2.402818600950068,1
2023-05-18,GOOG,1.0713799974178182,0
2023-05-19,GOOG,0.1401220819829193,0
2023-05-22,GOOG,-0.8137385909318263,0
2023-05-23,GOOG,-0.7996940929885387,0
2023-05-24,GOOG,-0.11416035100644321,0
2023-05-25,GOOG,-1.0062287045158915,0
2023-05-26,GOOG,-2.2092519583537436,0
2023-05-30,GOOG,-1.7283963147581844,0
2023-05-31,GOOG,-1.8478629711247208,0
2023-06-01,GOOG,-0.958142572008508,0
2023-06-02,GOOG,-1.5304767165171853,0
2023-06-05,GOOG,-1.0039905196195558,0
2023-06-06,GOOG,-2.2059747384176673,0
2023-06-07,GOOG,-3.0460097808185207,0
2023-06-08,GOOG,-2.675407042542121,0
2023-06-09,GOOG,-2.15791353238442,0
2023-06-12,GOOG,-1.3532965818443907,0
2023-06-13,GOOG,0.16551231081404688,0
2023-06-14,GOOG,0.43473715142861935,0
2023-06-15,GOOG,0.23287143161188595,0
2023-06-16,GOOG,-0.5880122366080054,0
2023-06-20,GOOG,-0.4483508640801744,0
2023-06-21,GOOG,-1.4579585382408982,0
2023-06-22,GOOG,-0.33158978627786917,0
2023-06-23,GOOG,-0.699023398849017,0
2023-06-26,GOOG,-0.08063641468735819,0
2023-06-27,GOOG,3.2717114745048708,1
2023-06-28,GOOG,3.363441588676003,1
2023-06-29,GOOG,3.569728629435791,1
2023-06-30,GOOG,3.978087923986423,1
2023-07-03,GOOG,3.2813939722633854,1
2023-07-05,GOOG,2.351939238424845,1
2023-07-06,GOOG,1.7922888000246486,1
2023-07-07,GOOG,2.2732568131156228,1
2023-07-10,GOOG,3.408487179350571,1
2023-07-11,GOOG,4.673809759357182,1
2023-07-12,GOOG,3.8147683195329387,1
2023-07-13,GOOG,3.2459357210013344,1
2023-07-14,GOOG,1.791644905222179,1
2023-07-17,GOOG,2.0223987880929934,1
2023-07-18,GOOG,1.7141910184661406,1
2023-07-19,GOOG,1.666081489445736,1
2023-07-20,GOOG,2.5641421643844122,1
2023-07-21,GOOG,3.0366343792440085,1
2023-07-24,GOOG,3.0313985677946382,1
2023-07-25,GOOG,2.7415065376631493,1
2023-07-26,GOOG,3.4431549547426297,1
2023-07-27,GOOG,0.3050578169551014,0
2023-07-28,GOOG,0.32850740318576843,0
2023-07-31,GOOG,-0.5126078218102789,0
2023-08-01,GOOG,0.8983049921014757,0
2023-08-02,GOOG,1.9062886183469463,1
2023-08-03,GOOG,3.6547551399120266,1
2023-08-04,GOOG,3.353978851065529,1
2023-08-07,GOOG,3.4209122377410766,1
2023-08-08,GOOG,1.5164986966492744,1
2023-08-09,GOOG,1.9173027391335051,1
2023-08-10,GOOG,3.205104424846674,1
2023-08-11,GOOG,3.4172815693789067,1
2023-08-14,GOOG,2.609160536582368,1
2023-08-15,GOOG,2.49462550548828,1
2023-08-16,GOOG,3.9241939096725678,1
2023-08-17,GOOG,4.219339549843405,1
2023-08-18,GOOG,3.905570515207265,1
2023-08-21,GOOG,5.392887982077261,1
2023-08-22,GOOG,2.3946957658165657,1
2023-08-23,GOOG,0.6585364380324642,0
2023-08-24,GOOG,-0.8357572934944961,0
2023-08-25,GOOG,0.7968174458546604,0
2023-08-28,GOOG,-0.5349194378353306,0
2023-08-29,GOOG,-0.13746288574314403,0
2023-08-30,GOOG,-1.0534541963674606,0
2023-08-31,GOOG,-2.2925122095548125,0
2023-09-01,GOOG,-0.880571989586791,0
2023-09-05,GOOG,-1.3974715218714884,0
2023-09-06,GOOG,-0.16340553738907737,0
2023-09-07,GOOG,0.23410680475751,0
2023-09-08,GOOG,0.9076057666945729,0
2023-09-11,GOOG,0.8215557804833894,0
2023-09-12,GOOG,0.5212142466632862,0
2023-09-13,GOOG,1.9840622023271843,1
2023-09-14,GOOG,0.9779629856188369,0
2023-09-15,GOOG,-0.14304740410976302,0
2023-09-18,GOOG,0.7491856133035523,0
2023-09-19,GOOG,0.6921365863289488,0
2023-09-20,GOOG,0.1520703185533425,0
2023-09-21,GOOG,1.6804499013573504,1
2023-09-22,GOOG,2.196770927984083,1
2023-09-25,GOOG,2.694007521007013,1
2023-09-26,GOOG,3.119514779222046,1
2023-09-27,GOOG,-0.6225406173485432,0
2023-09-28,GOOG,-1.7882098924027252,0
2023-09-29,GOOG,-2.1749063231388632,0
2023-10-02,GOOG,-1.3369499375974745,0
2023-10-03,GOOG,-2.2000623392832006,0
2023-10-04,GOOG,-1.260558364706377,0
2023-10-05,GOOG,-1.696869350967563,0
2023-10-06,GOOG,-1.2209885283536062,0
2023-10-09,GOOG,-1.5817824121060684,0
2023-10-10,GOOG,-1.5311915177437163,0
2023-10-11,GOOG,-1.2746326886609074,0
2023-10-12,GOOG,-2.169151749988831,0
2023-10-13,GOOG,-1.3259773268310877,0
2023-10-16,GOOG,-1.0637477449037653,0
2023-10-17,GOOG,-1.075459030609338,0
2023-10-18,GOOG,-0.9729291513508543,0
2023-10-19,GOOG,-0.12128612511444176,0
2023-10-20,GOOG,-0.42741895823056364,0
2023-10-23,GOOG,0.2502601859210136,0
2023-10-24,GOOG,0.1519176297286809,0
2023-10-25,GOOG,-0.02094693078962999,0
2023-10-26,GOOG,5.480076783497136,1
2023-10-27,GOOG,8.45832132510967,1
2023-10-30,GOOG,8.864329866013009,1
2023-10-31,GOOG,5.857240313926352,1
2023-11-01,GOOG,4.386293482966614,1
2023-11-02,GOOG,3.0138974562810223,1
2023-11-03,GOOG,0.9965190770466975,0
2023-11-06,GOOG,0.9705931318843318,0
2023-11-07,GOOG,-0.009611988203060858,0
2023-11-08,GOOG,2.050849780291893,1
2023-11-09,GOOG,1.129386385663699,0
2023-11-10,GOOG,1.0127474682662632,0
2023-11-13,GOOG,-0.14357114891536848,0
2023-11-14,GOOG,0.11286662773139236,0
2023-11-15,GOOG,-0.7710767420621981,0
2023-11-16,GOOG,-0.87555893608757,0
2023-11-17,GOOG,-0.49419770288574266,0
2023-11-20,GOOG,0.3848713646308885,0
2023-11-21,GOOG,0.5683457733295038,0
2023-11-22,GOOG,1.0112145009434186,0
2023-11-24,GOOG,0.8553943663958006,0
2023-11-27,GOOG,1.492748967943421,1
2023-11-28,GOOG,1.0946859296161546,0
2023-11-29,GOOG,0.8580520067032824,0
2023-11-30,GOOG,1.5143159926953158,1
2023-12-01,GOOG,1.9627405644899243,1
2023-12-04,GOOG,2.456279182352605,1
2023-12-05,GOOG,2.6757697910318474,1
2023-12-06,GOOG,1.8123099720319975,1
2023-12-07,GOOG,3.1717097853235203,1
2023-12-08,GOOG,1.8816126980204793,1
2023-12-11,GOOG,3.398757283291261,1
2023-12-12,GOOG,4.541097042244857,1
2023-12-13,GOOG,5.530184589940041,1
2023-12-14,GOOG,5.246420407910074,1
2023-12-15,GOOG,5.004249460346076,1
2023-12-18,GOOG,5.556410183863555,1
2023-12-19,GOOG,5.445191158036472,1
2023-12-20,GOOG,4.8248346374980065,1
2023-12-21,GOOG,4.5445832328047455,1
2023-12-22,GOOG,4.335438138399572,1
2023-12-26,GOOG,5.071453547343653,1
2023-12-27,GOOG,5.091942878292978,1
2023-12-28,GOOG,6.470442065028588,1
2023-12-29,GOOG,5.458952727966453,1
2024-01-02,GOOG,0.22459551837078512,0
2024-01-03,GOOG,0.8181839975893752,0
2024-01-04,GOOG,0.8211948700993142,0
2024-01-05,GOOG,1.8148478922646767,1
2024-01-08,GOOG,2.120577111889105,1
2024-01-09,GOOG,1.6383650336223317,1
2024-01-10,GOOG,1.2426607891976635,1
2024-01-11,GOOG,1.6563016767979635,1
2024-01-12,GOOG,1.3017960166046814,1
2024-01-16,GOOG,0.5417805824275542,0
2024-01-17,GOOG,0.7760042625078484,0
2024-01-18,GOOG,0.26362172955761254,0
2024-01-19,GOOG,-0.8112652035824772,0
2024-01-22,GOOG,-1.4707772951685263,0
2024-01-23,GOOG,-0.971875139308984,0
2024-01-24,GOOG,-0.8333201676207105,0
2024-01-25,GOOG,-1.2594873442448842,0
2024-01-26,GOOG,-3.50677319336431,0
2024-01-29,GOOG,-3.1787851627136843,0
2024-01-30,GOOG,-4.0544169976389925,0
2024-01-31,GOOG,-3.016762598243565,0
2024-02-01,GOOG,-1.2699241491996447,0
2024-02-02,GOOG,-2.7692865261334174,0
2024-02-05,GOOG,-3.1943989321682182,0
2024-02-06,GOOG,-4.103658227270649,0
2024-02-07,GOOG,-3.185735727562476,0
2024-02-08,GOOG,-3.234156718480225,0
2024-02-09,GOOG,-2.4552858300482003,0
2024-02-12,GOOG,-3.227798589344053,0
2024-02-13,GOOG,-2.4101534737653325,0
2024-02-14,GOOG,-0.587481081530115,0
2024-02-15,GOOG,-1.4283617646659081,0
2024-02-16,GOOG,1.1717765284316886,0
2024-02-20,GOOG,1.6315722577456278,1
2024-02-21,GOOG,1.9549470234050799,1
2024-02-22,GOOG,1.2790558352267773,1
2024-02-23,GOOG,1.6308256815428923,1
2024-02-26,GOOG,1.4819235486195883,1
2024-02-27,GOOG,3.987268555707467,1
2024-02-28,GOOG,3.633361531262795,1
2024-02-29,GOOG,4.829394468088488,1
2024-03-01,GOOG,5.148168294785647,1
2024-03-04,GOOG,5.63831430048179,1
2024-03-05,GOOG,8.107967477289657,1
2024-03-06,GOOG,5.9550232655511985,1
2024-03-07,GOOG,7.137657376784964,1
2024-03-08,GOOG,6.941668185259558,1
2024-03-11,GOOG,7.159078347850024,1
2024-03-12,GOOG,6.128924169775361,1
2024-03-13,GOOG,6.725837464879844,1
2024-03-14,GOOG,5.712035794706903,1
2024-03-15,GOOG,3.665895206740522,1
2024-03-18,GOOG,4.4018587926312325,1
2024-03-19,GOOG,3.1469094852007022,1
2024-03-20,GOOG,3.5959343731328564,1
2024-03-21,GOOG,2.245369148655674,1
2024-03-22,GOOG,3.379104286068082,1
2024-03-25,GOOG,3.0320876223876874,1
2024-03-26,GOOG,3.709718111865791,1
2024-03-27,GOOG,2.1945953418883164,1
2024-03-28,GOOG,4.109173867280339,1
2024-04-01,GOOG,2.8285945867917275,1
2024-04-02,GOOG,1.4688226901237205,1
2024-04-03,GOOG,1.751134449470286,1
2024-04-04,GOOG,2.1445489016190833,1
2024-04-05,GOOG,3.1914370125214906,1
2024-04-08,GOOG,2.9556650873551202,1
2024-04-09,GOOG,3.0699697954424527,1
2024-04-10,GOOG,2.357466997322354,1
2024-04-11,GOOG,2.52558800937392,1
2024-04-12,GOOG,1.7233126840276118,1
2024-04-15,GOOG,2.145339938508493,1
2024-04-16,GOOG,2.932116904046458,1
2024-04-17,GOOG,3.345907010064423,1
2024-04-18,GOOG,3.4442389213431586,1
2024-04-19,GOOG,3.652141594114978,1
2024-04-22,GOOG,4.249113340928038,1
2024-04-23,GOOG,4.004635071465621,1
2024-04-24,GOOG,3.325843467148533,1
2024-04-25,GOOG,2.5337483350910435,1
2024-04-26,GOOG,3.4391338784554613,1
2024-04-29,GOOG,1.4438929045038718,1
2024-04-30,GOOG,4.088444413035052,1
2024-05-01,GOOG,3.8226012581315802,1
2024-05-02,GOOG,3.589732125349876,1
2024-05-03,GOOG,2.673083752540914,1
2024-05-06,GOOG,2.7414098342993145,1
2024-05-07,GOOG,3.146855094156581,1
2024-05-08,GOOG,2.460775055413145,1
2024-05-09,GOOG,2.172961739823619,1
2024-05-10,GOOG,2.3655898325391775,1
2024-05-13,GOOG,3.687072632212469,1
2024-05-14,GOOG,3.981439585784539,1
2024-05-15,GOOG,2.099278950863779,1
2024-05-16,GOOG,1.9632096996073878,1
2024-05-17,GOOG,1.4993913029180477,1
2024-05-20,GOOG,-0.264967368730289,0
2024-05-21,GOOG,-0.22511466994493343,0
2024-05-22,GOOG,0.36251808204339964,0
2024-05-23,GOOG,1.1976593622762581,1
2024-05-24,GOOG,4.046493604095553,1
2024-05-28,GOOG,3.48273776815308,1
2024-05-29,GOOG,3.391806630024444,1
2024-05-30,GOOG,2.190025795041757,1
2024-05-31,GOOG,4.418971387903304,1
2024-06-03,GOOG,4.993487120975073,1
2024-06-04,GOOG,5.100710894635293,1
2024-06-05,GOOG,6.001665634236401,1
2024-06-06,GOOG,4.714940781904721,1
2024-06-07,GOOG,4.24510761781094,1
2024-06-10,GOOG,6.108677835395238,1
2024-06-11,GOOG,3.307664422030816,1
2024-06-12,GOOG,2.659204602490126,1
2024-06-13,GOOG,2.651937652586673,1
2024-06-14,GOOG,2.752054712827505,1
2024-06-17,GOOG,1.295324020350384,1
2024-06-18,GOOG,0.12897406259390157,0
2024-06-20,GOOG,0.8869610399565298,0
2024-06-21,GOOG,1.599706973616583,1
2024-06-24,GOOG,0.9589733076440249,0
2024-06-25,GOOG,-1.4828760909371659,0
2024-06-26,GOOG,-3.8305919737864356,0
2024-06-27,GOOG,-3.903737795913774,0
2024-06-28,GOOG,-3.585166418998452,0
2024-07-01,GOOG,-2.6856433731169154,0
2024-07-02,GOOG,-2.610837006594442,0
2024-07-03,GOOG,-3.30183692431202,0
2024-07-05,GOOG,-4.371328892639038,0
2024-07-08,GOOG,-6.950269267069285,0
2024-07-09,GOOG,-6.646582793370192,0
2024-07-10,GOOG,-6.576197774784377,0
2024-07-11,GOOG,-6.148649208387579,0
2024-07-12,GOOG,-4.779502180176372,0
2024-07-15,GOOG,-5.0098312332232595,0
2024-07-16,GOOG,-4.7936627567714565,0
2024-07-17,GOOG,-5.073922156402866,0
2024-07-18,GOOG,-4.20548988770915,0
2024-07-19,GOOG,-3.1452110044387287,0
2024-07-22,GOOG,-2.274547249008465,0
2024-07-23,GOOG,-3.044797466314965,0
2024-07-24,GOOG,-3.3931682376858365,0
2024-07-25,GOOG,-2.2833302115691523,0
2024-07-26,GOOG,-0.4760322448847826,0
2024-07-29,GOOG,-0.2062599920417107,0
2024-07-30,GOOG,-1.322755578363445,0
2024-07-31,GOOG,-2.045439164439407,0
2024-08-01,GOOG,-2.729303860278688,0
2024-08-02,GOOG,-2.0168517179384624,0
2024-08-05,GOOG,-2.5544427137395505,0
2024-08-06,GOOG,-0.9229332061776252,0
2024-08-07,GOOG,-0.6288806700086967,0
2024-08-08,GOOG,-2.4326010841119494,0
2024-08-09,GOOG,-4.097724837570966,0
2024-08-12,GOOG,-4.437988632404331,0
2024-08-13,GOOG,-3.2888590170587038,0
2024-08-14,GOOG,-2.7428680082741987,0
2024-08-15,GOOG,-0.9378255170758459,0
2024-08-16,GOOG,-1.0766618263433525,0
2024-08-19,GOOG,-1.144873803879323,0
2024-08-20,GOOG,-2.0575831491960166,0
2024-08-21,GOOG,-1.4863892454947452,0
2024-08-22,GOOG,-0.7453401678665234,0
2024-08-23,GOOG,-0.6030180017006608,0
2024-08-26,GOOG,-0.9820161834861243,0
2024-08-27,GOOG,-1.2999467356473093,0
2024-08-28,GOOG,-0.6452950009245699,0
2024-08-29,GOOG,0.2799602123390575,0
2024-08-30,GOOG,1.1055765058459364,0
2024-09-03,GOOG,0.9693326382010986,0
2024-09-04,GOOG,3.0174995103977547,1
2024-09-05,GOOG,3.28505996429352,1
2024-09-06,GOOG,3.443988218625171,1
2024-09-09,GOOG,5.316941381363733,1
2024-09-10,GOOG,7.538370313749019,1
2024-09-11,GOOG,5.599945181361155,1
2024-09-12,GOOG,4.7958466107664535,1
2024-09-13,GOOG,4.1423123604441665,1
2024-09-16,GOOG,3.7823931159955055,1
2024-09-17,GOOG,3.7372255251801674,1
2024-09-18,GOOG,3.0624859336277255,1
2024-09-19,GOOG,1.669151530537182,1
2024-09-20,GOOG,0.8491287723393356,0
2024-09-23,GOOG,0.5476570998106352,0
2024-09-24,GOOG,1.81068995491693,1
2024-09-25,GOOG,0.3858194821304249,0
2024-09-26,GOOG,0.7119737514412876,0
2024-09-27,GOOG,1.3849852125911404,1
2024-09-30,GOOG,1.329325603289929,1
2024-10-01,GOOG,1.648313604233276,1
2024-10-02,GOOG,2.76648187257456,1
2024-10-03,GOOG,1.83631772216485,1
2024-10-04,GOOG,1.8579393560570625,1
2024-10-07,GOOG,0.7140089452250588,0
2024-10-08,GOOG,2.663542940321536,1
2024-10-09,GOOG,3.856410638822407,1
2024-10-10,GOOG,5.930569182878171,1
2024-10-11,GOOG,4.987090121390134,1
2024-10-14,GOOG,5.144266704581183,1
2024-10-15,GOOG,4.975779195294335,1
2024-10-16,GOOG,3.842023345584478,1
2024-10-17,GOOG,2.9026554902092276,1
2024-10-18,GOOG,2.550133320859024,1
2024-10-21,GOOG,3.109617509606846,1
2024-10-22,GOOG,3.5642842228727902,1
2024-10-23,GOOG,2.6706538142659997,1
2024-10-24,GOOG,1.0715415061408062,0
2024-10-25,GOOG,0.4549238935533454,0
2024-10-28,GOOG,0.533402635551035,0
2024-10-29,GOOG,0.49510991156118617,0
2024-10-30,GOOG,-0.06997001348200134,0
2024-10-31,GOOG,-1.290028516566352,0
2024-11-01,GOOG,0.06698579596563072,0
2024-11-04,GOOG,0.08547578423258229,0
2024-11-05,GOOG,1.2346562253569162,1
2024-11-06,GOOG,0.658502759341982,0
2024-11-07,GOOG,-0.45210031142074875,0
2024-11-08,GOOG,-1.2596963524286706,0
2024-11-11,GOOG,1.418582646640679,1
2024-11-12,GOOG,2.6115696252201976,1
2024-11-13,GOOG,1.816196469150347,1
2024-11-14,GOOG,1.9535285589055147,1
2024-11-15,GOOG,3.5874425244869066,1
2024-11-18,GOOG,4.148326977102673,1
2024-11-19,GOOG,2.266969326876417,1
2024-11-20,GOOG,1.7249078147566403,1
2024-11-21,GOOG,2.646354776892043,1
2024-11-22,GOOG,5.175977568218177,1
2024-11-25,GOOG,6.200091022872214,1
2024-11-26,GOOG,5.49496424929095,1
2024-11-27,GOOG,4.550807669311128,1
2024-11-29,GOOG,4.2319826000229535,1
2024-12-02,GOOG,3.841329269917552,1
2024-12-03,GOOG,3.390401559772088,1
2024-12-04,GOOG,3.823470426327391,1
2024-12-05,GOOG,4.022048713511449,1
2024-12-06,GOOG,4.174870003584596,1
2024-12-09,GOOG,3.5021212528248777,1
2024-12-10,GOOG,2.9196221616935194,1
2024-12-11,GOOG,1.1671935363732644,0
2024-12-12,GOOG,-1.398496134686174,0
2024-12-13,GOOG,0.7685666721445831,0
2024-12-16,GOOG,0.7014894341033282,0
2024-12-17,GOOG,-0.15065042311169458,0
2024-12-18,GOOG,0.6134803391473155,0
2024-12-19,GOOG,2.913282941294621,1
2024-12-20,GOOG,2.9204845863931106,1
2024-12-23,GOOG,2.6562815681133842,1
2024-12-24,GOOG,-0.5524074912247343,0
2024-12-26,GOOG,-0.12011148569302106,0
2024-12-27,GOOG,0.019238616413280275,0
2024-12-30,GOOG,1.97621310508676,1
2024-12-31,GOOG,2.944629168766805,1
2025-01-02,GOOG,2.7971135074346125,1
2025-01-03,GOOG,3.721884112556375,1
2025-01-06,GOOG,0.02782772210086549,0
2025-01-07,GOOG,-0.7736601848699852,0
2025-01-08,GOOG,-1.5581615989520843,0
2025-01-10,GOOG,-1.1694477415973614,0
2025-01-13,GOOG,-1.004136451805013,0
2025-01-14,GOOG,-1.134725710163123,0
2025-01-15,GOOG,-0.5186678757583776,0
2025-01-16,GOOG,-1.7085247806430972,0
2025-01-17,GOOG,-1.4760251853318072,0
2025-01-21,GOOG,-1.7863838229807358,0
2025-01-22,GOOG,-2.237182416177288,0
2025-01-23,GOOG,-3.139470308804379,0
2025-01-24,GOOG,-3.1360851923037285,0
2025-01-27,GOOG,-4.208799457636617,0
2025-01-28,GOOG,-3.5645532945167138,0
2025-01-29,GOOG,-5.07265089091533,0
2025-01-30,GOOG,-4.616447848918717,0
2025-01-31,GOOG,-6.618377788944395,0
2025-02-03,GOOG,-6.145655781591247,0
2025-02-04,GOOG,-5.04463552900088,0
2025-02-05,GOOG,-6.401885343580252,0
2025-02-06,GOOG,-4.756819595235013,0
2025-02-07,GOOG,-6.072504089597808,0
2025-02-10,GOOG,-5.449681741609072,0
2025-02-11,GOOG,-4.701095641709333,0
2025-02-12,GOOG,-5.383622547220456,0
2025-02-13,GOOG,-4.101919978379446,0
2025-02-14,GOOG,-5.025401947145085,0
2025-02-18,GOOG,-5.662558367308838,0
2025-02-19,GOOG,-4.283129392900529,0
2025-02-20,GOOG,-4.902516263948816,0
2025-02-21,GOOG,-4.466108739640212,0
2025-02-24,GOOG,-2.516502841721886,0
2025-02-25,GOOG,-1.746892636862609,0
2025-02-26,GOOG,-2.1203181579540686,0
2025-02-27,GOOG,-2.228857329951634,0
2025-02-28,GOOG,-2.8410743110389087,0
2025-03-03,GOOG,-3.2301484902473097,0
2025-03-04,GOOG,-1.9534339569850847,0
2025-03-05,GOOG,-2.8260575854187224,0
2025-03-06,GOOG,-4.483683722799612,0
2025-03-07,GOOG,-5.254323022100426,0
2025-03-10,GOOG,-5.202065933618435,0
2025-03-11,GOOG,-4.617165722946332,0
2025-03-12,GOOG,-0.7305137874011124,0
2025-03-13,GOOG,-2.006834778802347,0
2025-03-14,GOOG,-0.7794239192809241,0
2025-03-17,GOOG,-0.8891107583280892,0
2025-03-18,GOOG,-1.1480223821279854,0
2025-03-19,GOOG,-1.0700177811868363,0
2025-03-20,GOOG,-1.9443084775516504,0
2025-03-21,GOOG,-2.300781442223103,0
2025-03-24,GOOG,-1.8033159352597872,0
2025-03-25,GOOG,-1.736176432696674,0
2025-03-26,GOOG,-1.5658396447652994,0
2025-03-27,GOOG,-0.4670302585538504,0
2025-03-28,GOOG,-0.24033756885016083,0
2025-03-31,GOOG,0.9535625093707015,0
2025-04-01,GOOG,0.7412863292989976,0
2025-04-02,GOOG,0.6154332604817849,0
2025-04-03,GOOG,1.0755655846032548,0
2025-04-04,GOOG,2.233920874197423,1
2025-04-07,GOOG,3.0859693281928924,1
2025-04-08,GOOG,0.5431618210820066,0
2025-04-09,GOOG,1.40160557365509,1
2025-04-10,GOOG,-1.2699920137408869,0
2025-04-11,GOOG,0.8061801535846321,0
2025-04-14,GOOG,0.2870045531048474,0
2025-04-15,GOOG,0.9608730234607512,0
2025-04-16,GOOG,1.2374145339997686,1
2025-04-17,GOOG,2.2440134572407837,1
2025-04-21,GOOG,2.7797981310372055,1
2025-04-22,GOOG,3.066135833330974,1
2025-04-23,GOOG,3.1081550922841594,1
2025-04-24,GOOG,2.736152876010311,1
2025-04-25,GOOG,1.5587760558856358,1
2025-04-28,GOOG,1.8744674650955415,1
2025-04-29,GOOG,2.048897175487505,1
2025-04-30,GOOG,2.0422243154500177,1
2025-05-01,GOOG,2.258865620238026,1
2025-05-02,GOOG,1.4204126561527555,1
2025-05-05,GOOG,0.3555655860648099,0
2025-05-06,GOOG,0.6192530041060974,0
2025-05-07,GOOG,0.857202749508744,0
2025-05-08,GOOG,6.033385328716681,1
2025-05-09,GOOG,5.950088843229565,1
2025-05-12,GOOG,7.07155478415708,1
2025-05-13,GOOG,5.526228800926095,1
2025-05-14,GOOG,4.539267200513199,1
2025-05-15,GOOG,2.825660488179856,1
2025-05-16,GOOG,3.9041087840707465,1
2025-05-19,GOOG,3.064231144229353,1
2025-05-20,GOOG,1.854438544990402,1
2025-05-21,GOOG,0.7021233905970686,0
2025-05-22,GOOG,-1.0961208957965787,0
2025-05-23,GOOG,-1.1396111748895037,0
2025-05-27,GOOG,0.5741616636871647,0
2025-05-28,GOOG,0.18232816248397204,0
2025-05-29,GOOG,1.3414728908541982,1
2025-05-30,GOOG,1.2219303503764118,1
2025-06-02,GOOG,1.1250450489828818,0
2025-06-03,GOOG,2.5434111283491387,1
2025-06-04,GOOG,3.5978647829301655,1
2025-06-05,GOOG,2.2434453133887833,1
2025-06-06,GOOG,1.46353577369399,1
2025-06-09,GOOG,0.8088773728783215,0
2025-06-10,GOOG,0.2971534169667672,0
2025-06-11,GOOG,0.35481902829040785,0
2025-06-12,GOOG,1.0963263128729992,0
2025-06-13,GOOG,1.7033792222217132,1
2025-06-16,GOOG,2.210020459450156,1
2025-06-17,GOOG,1.8956948341281756,1
2025-06-18,GOOG,2.4431923063282226,1
2025-06-20,GOOG,4.7348737943051615,1
2025-06-23,GOOG,8.753470446610656,1
2025-06-24,GOOG,9.55601292010094,1
2025-06-25,GOOG,9.466737163404703,1
2025-06-26,GOOG,8.722908737857423,1
2025-06-27,GOOG,7.376021890873773,1
2025-06-30,GOOG,7.211445130789254,1
2025-07-01,GOOG,8.152300992668325,1
2025-07-02,GOOG,5.609355212471182,1
2025-07-03,GOOG,3.4659201648352487,1
2025-07-07,GOOG,4.547041870233338,1
2025-07-08,GOOG,5.683063533865553,1
2025-07-09,GOOG,7.380303468090679,1
2025-07-10,GOOG,6.680557667599324,1
2025-07-11,GOOG,7.399449363247122,1
2025-07-14,GOOG,6.412387571679788,1
2025-07-15,GOOG,6.621531594150115,1
2025-07-16,GOOG,6.097775978071588,1
2025-07-17,GOOG,6.111914195625771,1
2025-07-18,GOOG,6.1286344841411,1
2025-07-21,GOOG,5.508010419882381,1
2025-07-22,GOOG,3.6085373885806074,1
2025-07-23,GOOG,2.5023581712051834,1
2025-07-24,GOOG,2.8351476665069653,1
2025-07-25,GOOG,3.721352514527367,1
2025-07-28,GOOG,4.080191250516496,1
2025-07-29,GOOG,3.9297672223081412,1
2025-07-30,GOOG,3.2220272478923624,1
2025-07-31,GOOG,3.8926634140006025,1
2025-08-01,GOOG,6.0412536492783016,1
2025-08-04,GOOG,6.790467673936292,1
2025-08-05,GOOG,5.984901632429813,1
2025-08-06,GOOG,6.34453307121952,1
2025-08-07,GOOG,6.435814540890593,1
2025-08-08,GOOG,6.211908167888755,1
2025-08-11,GOOG,6.21920336941507,1
2025-08-12,GOOG,6.249217771917747,1
2025-08-13,GOOG,5.986205982274824,1
2025-08-14,GOOG,6.332395619276737,1
2025-08-15,GOOG,7.290756326759227,1
2025-08-18,GOOG,7.022528652016684,1
2025-08-19,GOOG,6.879426692854171,1
2025-08-20,GOOG,7.656657518629918,1
2025-08-21,GOOG,8.683752416090037,1
2025-08-22,GOOG,8.12421644469178,1
2025-08-25,GOOG,7.090650342967041,1
2025-08-26,GOOG,5.813817061095416,1
2025-08-27,GOOG,5.843536732501498,1
2025-08-28,GOOG,5.889847142307246,1
2025-08-29,GOOG,4.772192724333884,1
2025-09-02,GOOG,4.454651241938793,1
2025-09-03,GOOG,5.019598560819354,1
2025-09-04,GOOG,3.8252302537922027,1
2025-09-05,GOOG,3.4379999965470813,1
2025-09-08,GOOG,3.864171956737613,1
2025-09-09,GOOG,2.908855777453995,1
2025-09-10,GOOG,1.3014796380344107,1
2025-09-11,GOOG,0.6126964503740769,0
2025-09-12,GOOG,-0.7314974375296026,0
2025-09-15,GOOG,0.6467679005901853,0
2025-09-16,GOOG,-1.3435875904884014,0
2025-09-17,GOOG,0.06422078611122953,0
2025-09-18,GOOG,0.45338520854583214,0
2025-09-19,GOOG,0.3249910250802012,0
2025-09-22,GOOG,0.38997874405339966,0
2025-09-23,GOOG,-0.3247706472033772,0
2025-09-24,GOOG,0.03992203402464611,0
2025-09-25,GOOG,1.3017326808102536,1
2025-09-26,GOOG,2.84012373524222,1
2025-09-29,GOOG,4.08247934660359,1
2025-09-30,GOOG,4.419673581349391,1
2025-10-01,GOOG,5.5751386826280624,1
2025-10-02,GOOG,6.131050247630449,1
2025-10-03,GOOG,5.9385992876767135,1
2025-10-06,GOOG,6.316327374139251,1
2025-10-07,GOOG,4.2637435042991365,1
2025-10-08,GOOG,6.127651413892732,1
2025-10-09,GOOG,6.600016547244195,1
2025-10-10,GOOG,6.148912836142079,1
2025-10-13,GOOG,8.541016466627612,1
2025-10-14,GOOG,7.698967542498188,1
2025-10-15,GOOG,6.497513116454712,1
2025-10-16,GOOG,4.036074317334933,1
2025-10-17,GOOG,3.6755394840018503,1
2025-10-20,GOOG,4.386703502749821,1
2025-10-21,GOOG,3.8330909153181745,1
2025-10-22,GOOG,5.8158477304355385,1
2025-10-23,GOOG,5.150781236173265,1
2025-10-24,GOOG,5.966348056917942,1
2025-10-27,GOOG,6.390170147346702,1
2025-10-28,GOOG,5.9458171748386,1
2025-10-29,GOOG,5.743247805918973,1
2025-10-30,GOOG,4.971325790226956,1
2025-10-31,GOOG,3.632300364246905,1
2025-11-03,GOOG,3.739012262937538,1
2025-11-04,GOOG,3.9322683882862832,1
2025-11-05,GOOG,4.533133151913148,1
2025-11-06,GOOG,4.182148019119489,1
2025-11-07,GOOG,3.191722642748795,1
2025-11-10,GOOG,4.309691900302707,1
2025-11-11,GOOG,3.557630861386303,1
2025-11-12,GOOG,2.500849611544732,1
2025-11-13,GOOG,2.682001692404536,1
2025-11-14,GOOG,3.7729841650222244,1
2025-11-17,GOOG,3.8789231559757256,1
2025-11-18,GOOG,1.5408160795171288,1
2025-11-19,GOOG,2.262319954461452,1
2025-11-20,GOOG,1.8911762786121058,1
2025-11-21,GOOG,2.5991174776415527,1
2025-11-24,GOOG,2.00387684023119,1
2025-11-25,GOOG,-0.419536572913081,0
2025-11-26,GOOG,-1.4080089850826683,0
2025-11-28,GOOG,-0.9607326599426336,0
2025-12-01,GOOG,-0.9064478608576619,0
2025-12-02,GOOG,-0.19588717937497155,0
2025-12-03,GOOG,-0.08629765920159688,0
2025-12-04,GOOG,-0.547213907080603,0
2025-12-05,GOOG,-0.6457942285721157,0
2025-12-08,GOOG,0.09016658662697465,0
2025-12-09,GOOG,,0
2025-12-10,GOOG,,0
2025-12-11,GOOG,,0
2025-12-12,GOOG,,0
2025-12-15,GOOG,,0
2025-12-16,GOOG,,0
2025-12-17,GOOG,,0
2025-12-18,GOOG,,0
2025-12-19,GOOG,,0
2025-12-22,GOOG,,0
2025-12-23,GOOG,,0
2025-12-24,GOOG,,0
2025-12-26,GOOG,,0
2025-12-29,GOOG,,0
2025-12-30,GOOG,,0
2025-12-31,GOOG,,0
2026-01-02,GOOG,,0
2026-01-05,GOOG,,0
2026-01-06,GOOG,,0
2026-01-07,GOOG,,0
2019-10-17,META,,0
2019-10-18,META,,0
2019-10-21,META,,0
2019-10-22,META,,0
2019-10-23,META,,0
2019-10-24,META,,0
2019-10-25,META,,0
2019-10-28,META,,0
2019-10-29,META,,0
2019-10-30,META,,0
2019-10-31,META,,0
2019-11-01,META,,0
2019-11-04,META,,0
2019-11-05,META,,0
2019-11-06,META,,0
2019-11-07,META,,0
2019-11-08,META,,0
2019-11-11,META,,0
2019-11-12,META,,0
2019-11-13,META,,0
2019-11-14,META,0.3678252752398427,0
2019-11-15,META,1.7359288551685415,1
2019-11-18,META,1.2116517300180027,1
2019-11-19,META,1.7448846189680969,1
2019-11-20,META,2.191946054457031,1
2019-11-21,META,2.9374271996991426,1
2019-11-22,META,2.7511942710761694,1
2019-11-25,META,2.0853759805602796,1
2019-11-26,META,2.5667683330262676,1
2019-11-27,META,2.9536934197249485,1
2019-11-29,META,0.755342869675972,0
2019-12-02,META,1.1290563417894004,0
2019-12-03,META,2.9872344786649254,1
2019-12-04,META,2.927307032154986,1
2019-12-05,META,3.940464318942548,1
2019-12-06,META,3.8754400666491318,1
2019-12-09,META,3.9596539372337247,1
2019-12-10,META,4.627821680265503,1
2019-12-11,META,4.707958320886544,1
2019-12-12,META,5.1903184804492835,1
2019-12-13,META,6.729985881791439,1
2019-12-16,META,8.71665159953392,1
2019-12-17,META,7.881362796197703,1
2019-12-18,META,7.824709970855995,1
2019-12-19,META,6.438185318192152,1
2019-12-20,META,5.349371458285861,1
2019-12-23,META,4.618963914659962,1
2019-12-24,META,3.9512010618685847,1
2019-12-26,META,3.158159144365703,1
2019-12-27,META,3.188592745125496,1
2019-12-30,META,4.360633302848449,1
2019-12-31,META,1.0099647087787604,0
2020-01-02,META,-0.6114205015197494,0
2020-01-03,META,-1.0300896516910052,0
2020-01-06,META,0.20203768595339386,0
2020-01-07,META,-0.43842087076121217,0
2020-01-08,META,-0.38780335818513384,0
2020-01-09,META,-0.5045354784433761,0
2020-01-10,META,-0.9185553147012557,0
2020-01-13,META,-1.8555632735653322,0
2020-01-14,META,-1.8725095494640438,0
2020-01-15,META,-0.992262951767417,0
2020-01-16,META,-1.1652227480946342,0
2020-01-17,META,-0.6458926078825926,0
2020-01-21,META,-0.7566979210208269,0
2020-01-22,META,-1.1165663146531135,0
2020-01-23,META,-1.7981965911632765,0
2020-01-24,META,-2.890535493579893,0
2020-01-27,META,-3.2278073351759633,0
2020-01-28,META,-2.7166544752198623,0
2020-01-29,META,-4.2268596413004955,0
2020-01-30,META,-4.6532007160304,0
2020-01-31,META,-2.3173478941902115,0
2020-02-03,META,-2.739837218037422,0
2020-02-04,META,-1.9901549441248807,0
2020-02-05,META,-3.9749191507281796,0
2020-02-06,META,-4.687097899875433,0
2020-02-07,META,-6.099469294728425,0
2020-02-10,META,-4.429844816775862,0
2020-02-11,META,-5.497959847943128,0
2020-02-12,META,-6.157117933000492,0
2020-02-13,META,-3.741440228606273,0
2020-02-14,META,-5.403568939742181,0
2020-02-18,META,-5.091322697465068,0
2020-02-19,META,-5.622514568664915,0
2020-02-20,META,-4.87698803751608,0
2020-02-21,META,-5.001059515176097,0
2020-02-24,META,-4.86438911278947,0
2020-02-25,META,-2.8699327325897728,0
2020-02-26,META,-2.996224428781989,0
2020-02-27,META,-2.3956844812062283,0
2020-02-28,META,-2.423864795166201,0
2020-03-02,META,-1.8359124732652794,0
2020-03-03,META,-2.0339277703374887,0
2020-03-04,META,-1.9082700055138286,0
2020-03-05,META,-2.4342852217496254,0
2020-03-06,META,-2.3231966176029744,0
2020-03-09,META,-1.094396141270169,0
2020-03-10,META,-0.04948533269970702,0
2020-03-11,META,-0.28013288934706676,0
2020-03-12,META,0.3672269019299735,0
2020-03-13,META,1.712974355853335,1
2020-03-16,META,0.6781144247358005,0
2020-03-17,META,4.053236782111259,1
2020-03-18,META,3.4843840132104815,1
2020-03-19,META,4.237009147837818,1
2020-03-20,META,3.2984312470300696,1
2020-03-23,META,2.7706809449984857,1
2020-03-24,META,4.144535204819142,1
2020-03-25,META,3.109102605408176,1
2020-03-26,META,4.473074183511146,1
2020-03-27,META,3.2099811410106502,1
2020-03-30,META,3.7000251469775622,1
2020-03-31,META,3.744246467232031,1
2020-04-01,META,4.660561491661436,1
2020-04-02,META,5.722854159614311,1
2020-04-03,META,6.360370500721629,1
2020-04-06,META,7.499807918425081,1
2020-04-07,META,6.523957141696829,1
2020-04-08,META,6.360857601100579,1
2020-04-09,META,5.6960955697953155,1
2020-04-13,META,5.655822600982504,1
2020-04-14,META,5.221610177695893,1
2020-04-15,META,3.8759246238288876,1
2020-04-16,META,4.317853740574184,1
2020-04-17,META,4.973030498892924,1
2020-04-20,META,4.8191951584997375,1
2020-04-21,META,5.476871321490177,1
2020-04-22,META,8.527731521309423,1
2020-04-23,META,7.6156064492179185,1
2020-04-24,META,7.603431935325117,1
2020-04-27,META,6.326745188986244,1
2020-04-28,META,6.342171590898745,1
2020-04-29,META,6.769697543282623,1
2020-04-30,META,5.454871592997933,1
2020-05-01,META,5.1221932824223835,1
2020-05-04,META,5.9017093301082255,1
2020-05-05,META,4.738824187859276,1
2020-05-06,META,3.55328115275965,1
2020-05-07,META,4.0063771024308235,1
2020-05-08,META,3.6075448589520196,1
2020-05-11,META,4.428446850946908,1
2020-05-12,META,3.927416691030716,1
2020-05-13,META,2.1184919262986335,1
2020-05-14,META,3.5777314647861984,1
2020-05-15,META,3.8417999275312424,1
2020-05-18,META,3.6669842752916795,1
2020-05-19,META,3.291070758646256,1
2020-05-20,META,2.8027866403096082,1
2020-05-21,META,1.4888833776157857,1
2020-05-22,META,1.3183395895075327,1
2020-05-26,META,1.222499937670269,1
2020-05-27,META,0.28938359758176235,0
2020-05-28,META,1.0532953993522751,0
2020-05-29,META,-1.1581210503881616,0
2020-06-01,META,-0.5355639909418581,0
2020-06-02,META,-0.5668979916979939,0
2020-06-03,META,0.5198798827412783,0
2020-06-04,META,0.35400701392918843,0
2020-06-05,META,1.4938427456279562,1
2020-06-08,META,1.0743023604333168,0
2020-06-09,META,1.28491647631621,1
2020-06-10,META,0.6190328502638099,0
2020-06-11,META,0.8904327644905085,0
2020-06-12,META,1.740237240186655,1
2020-06-15,META,1.3286824545980076,1
2020-06-16,META,0.9254368195336179,0
2020-06-17,META,0.6261796253436005,0
2020-06-18,META,0.7690725228945714,0
2020-06-19,META,1.1070286879009488,0
2020-06-22,META,0.3444315825790556,0
2020-06-23,META,0.07569605099927154,0
2020-06-24,META,-1.1063447214416362,0
2020-06-25,META,-0.40213067913695205,0
2020-06-26,META,-0.2614219785392453,0
2020-06-29,META,2.5563800281901528,1
2020-06-30,META,2.2987001780858973,1
2020-07-01,META,1.4025717280008325,1
2020-07-02,META,2.218982011208409,1
2020-07-06,META,2.6274749329572593,1
2020-07-07,META,1.3805228496768187,1
2020-07-08,META,1.1929778133074722,1
2020-07-09,META,2.563942038948234,1
2020-07-10,META,2.8001101164713704,1
2020-07-13,META,2.069013627244121,1
2020-07-14,META,2.0221956209373393,1
2020-07-15,META,2.3482713030350633,1
2020-07-16,META,2.4390203575194263,1
2020-07-17,META,2.3524016641111203,1
2020-07-20,META,2.2098186633810695,1
2020-07-21,META,1.9445811270106488,1
2020-07-22,META,2.442933672575286,1
2020-07-23,META,3.3588189644253217,1
2020-07-24,META,4.2323766733552075,1
2020-07-27,META,5.013108256033613,1
2020-07-28,META,5.546660755979596,1
2020-07-29,META,7.293712691706078,1
2020-07-30,META,5.6211934880232945,1
2020-07-31,META,5.522867523956698,1
2020-08-03,META,4.108222956584751,1
2020-08-04,META,4.5474746158502555,1
2020-08-05,META,5.474393743906819,1
2020-08-06,META,4.1633342146733545,1
2020-08-07,META,1.8285485413702076,1
2020-08-10,META,0.27230102959372915,0
2020-08-11,META,1.0931835158206007,0
2020-08-12,META,1.2608749134379496,1
2020-08-13,META,0.7079954509668669,0
2020-08-14,META,0.5102356409755374,0
2020-08-17,META,1.1444772172249802,0
2020-08-18,META,0.23672128032002718,0
2020-08-19,META,-0.7416462402135394,0
2020-08-20,META,-0.994773531770399,0
2020-08-21,META,-2.086138124978866,0
2020-08-24,META,-1.1861203896436843,0
2020-08-25,META,-2.1704469832796063,0
2020-08-26,META,-3.1111451457481274,0
2020-08-27,META,-5.99764460935466,0
2020-08-28,META,-4.651233049371299,0
2020-08-31,META,-3.91222972957082,0
2020-09-01,META,-3.8407908898875873,0
2020-09-02,META,-3.4274657414249625,0
2020-09-03,META,-5.195021082415807,0
2020-09-04,META,-3.3506839406772038,0
2020-09-08,META,-3.175117600363483,0
2020-09-09,META,-1.924520172268566,0
2020-09-10,META,-1.4076693751417084,0
2020-09-11,META,-0.5316705470299121,0
2020-09-14,META,1.1860787982165066,1
2020-09-15,META,1.2973937634891077,1
2020-09-16,META,-0.0786107041640983,0
2020-09-17,META,0.44955547143025476,0
2020-09-18,META,1.7194011366845698,1
2020-09-21,META,1.3674076484158777,1
2020-09-22,META,2.9783476580808625,1
2020-09-23,META,3.363473177304997,1
2020-09-24,META,4.323857292009363,1
2020-09-25,META,5.067795281349027,1
2020-09-28,META,3.060821607181297,1
2020-09-29,META,3.5191192911037636,1
2020-09-30,META,0.6808277164897656,0
2020-10-01,META,1.9757046823182913,1
2020-10-02,META,-0.3311129729237306,0
2020-10-05,META,0.13797595484140204,0
2020-10-06,META,0.06229283347975458,0
2020-10-07,META,2.344096089204907,1
2020-10-08,META,2.9290046643832754,1
2020-10-09,META,2.3633371629010167,1
2020-10-12,META,1.1004936548344366,0
2020-10-13,META,-0.2582311330497575,0
2020-10-14,META,0.026114988652887586,0
2020-10-15,META,0.2541862701270453,0
2020-10-16,META,0.8085155827652083,0
2020-10-19,META,1.027529606163287,0
2020-10-20,META,1.0917889191860495,0
2020-10-21,META,0.3541324599723619,0
2020-10-22,META,-0.47115758995767026,0
2020-10-23,META,-0.6882920121852528,0
2020-10-26,META,-1.344208944416963,0
2020-10-27,META,-0.015451855903207162,0
2020-10-28,META,-0.6276807274238587,0
2020-10-29,META,0.9156527203874109,0
2020-10-30,META,-0.3630643569480037,0
2020-11-02,META,2.5131325784732312,1
2020-11-03,META,2.8220102005880525,1
2020-11-04,META,1.7612969565702414,1
2020-11-05,META,-1.0719442843344638,0
2020-11-06,META,-1.2594254520090533,0
2020-11-09,META,-1.3907891022702583,0
2020-11-10,META,-0.1469274662608194,0
2020-11-11,META,0.8696111585130778,0
2020-11-12,META,-0.5453528561387031,0
2020-11-13,META,-0.16616642879757104,0
2020-11-16,META,-0.26054474749874124,0
2020-11-17,META,-0.6140039836687375,0
2020-11-18,META,-0.1000841787564989,0
2020-11-19,META,0.8635363654741052,0
2020-11-20,META,-0.02877108149666444,0
2020-11-23,META,-0.4915768557098365,0
2020-11-24,META,-0.06031345867233936,0
2020-11-25,META,-2.01390912166333,0
2020-11-27,META,0.2509418590324675,0
2020-11-30,META,-0.1839020601695808,0
2020-12-01,META,-0.8922343984337873,0
2020-12-02,META,-2.6481495682743383,0
2020-12-03,META,-3.6351207776798686,0
2020-12-04,META,-2.2003342893398923,0
2020-12-07,META,-3.1051374189220566,0
2020-12-08,META,-3.1319836992591292,0
2020-12-09,META,-2.9692268519341196,0
2020-12-10,META,-3.616292088512522,0
2020-12-11,META,-4.38810253207359,0
2020-12-14,META,-3.724244732702373,0
2020-12-15,META,-4.768699043501265,0
2020-12-16,META,-3.7793348499825203,0
2020-12-17,META,-1.9955972280037266,0
2020-12-18,META,-0.9137764257414979,0
2020-12-21,META,-0.44563567165105267,0
2020-12-22,META,0.21816655366382648,0
2020-12-23,META,1.426561482777196,1
2020-12-24,META,1.78987088131145,1
2020-12-28,META,0.5784545303699637,0
2020-12-29,META,-1.5025292533741945,0
2020-12-30,META,-2.281877696295482,0
2020-12-31,META,-1.2195263771816502,0
2021-01-04,META,-0.7298008916582602,0
2021-01-05,META,-0.28008657892453537,0
2021-01-06,META,-0.5477432120665972,0
2021-01-07,META,0.615684239791094,0
2021-01-08,META,-0.280985653959469,0
2021-01-11,META,0.24255160086937608,0
2021-01-12,META,2.1801803638346704,1
2021-01-13,META,2.9531509440679082,1
2021-01-14,META,2.880548891559934,1
2021-01-15,META,4.5925265300752764,1
2021-01-19,META,3.6488369265054144,1
2021-01-20,META,1.4596510513973877,1
2021-01-21,META,-1.0155612568758332,0
2021-01-22,META,-2.2285402659443294,0
2021-01-25,META,-1.4504449453517019,0
2021-01-26,META,-2.334326585960804,0
2021-01-27,META,-4.399218617871888,0
2021-01-28,META,-2.533645547824205,0
2021-01-29,META,-0.015376000021304664,0
2021-02-01,META,0.11887600219160012,0
2021-02-02,META,-1.1747376349480896,0
2021-02-03,META,-1.7088188371419362,0
2021-02-04,META,-0.3973122471734923,0
2021-02-05,META,-1.7468883704363298,0
2021-02-08,META,-0.32363467059586276,0
2021-02-09,META,-0.23168621551403887,0
2021-02-10,META,0.5657421182770309,0
2021-02-11,META,-0.43802948588694257,0
2021-02-12,META,0.41361842621299516,0
2021-02-16,META,1.0514599169464578,0
2021-02-17,META,1.1787778304827887,1
2021-02-18,META,0.5878620178208082,0
2021-02-19,META,2.266542959378706,1
2021-02-22,META,3.6994312825563207,1
2021-02-23,META,3.5100849541254813,1
2021-02-24,META,1.827263750077066,1
2021-02-25,META,1.6244823149139829,1
2021-02-26,META,3.447016280502217,1
2021-03-01,META,3.882986645214278,1
2021-03-02,META,2.715857238233332,1
2021-03-03,META,4.269585329956322,1
2021-03-04,META,5.293462846114405,1
2021-03-05,META,5.947645630581779,1
2021-03-08,META,4.840450318965675,1
2021-03-09,META,7.290801663934862,1
2021-03-10,META,6.1696709436777875,1
2021-03-11,META,6.23247649387212,1
2021-03-12,META,5.0538310835221125,1
2021-03-15,META,5.848049647507689,1
2021-03-16,META,3.944642347141133,1
2021-03-17,META,3.828087326248969,1
2021-03-18,META,2.971636476876835,1
2021-03-19,META,3.272535815253117,1
2021-03-22,META,1.9007029158910156,1
2021-03-23,META,1.204946482793761,1
2021-03-24,META,0.8919311875429095,0
2021-03-25,META,3.1270584880203236,1
2021-03-26,META,4.112355620916933,1
2021-03-29,META,3.4972606129867434,1
2021-03-30,META,2.8834181694946026,1
2021-03-31,META,5.019950872237101,1
2021-04-01,META,3.6616430363701165,1
2021-04-05,META,2.8505319477433786,1
2021-04-06,META,1.1667292139143979,0
2021-04-07,META,1.088935254588478,0
2021-04-08,META,0.8579358167566966,0
2021-04-09,META,0.7507067783035734,0
2021-04-12,META,-0.7393940947827388,0
2021-04-13,META,-0.5710113160833477,0
2021-04-14,META,-0.8239732873797027,0
2021-04-15,META,0.2871604241137429,0
2021-04-16,META,0.888643553831365,0
2021-04-19,META,1.0209687616370946,0
2021-04-20,META,0.8557160379213308,0
2021-04-21,META,1.1984897437349213,1
2021-04-22,META,1.8524219889731912,1
2021-04-23,META,2.1849624678755553,1
2021-04-26,META,2.5040146574354054,1
2021-04-27,META,2.612422252034143,1
2021-04-28,META,2.539480712663037,1
2021-04-29,META,2.657991752254823,1
2021-04-30,META,-0.10428481628082735,0
2021-05-03,META,0.5537511556514101,0
2021-05-04,META,0.9074276624729256,0
2021-05-05,META,1.0815829274651607,0
2021-05-06,META,2.1597474846011773,1
2021-05-07,META,2.2752826422343855,1
2021-05-10,META,2.0013602399578767,1
2021-05-11,META,4.146734609409694,1
2021-05-12,META,4.4068849228305,1
2021-05-13,META,5.076066445363064,1
2021-05-14,META,5.408881614356953,1
2021-05-17,META,4.037248817541642,1
2021-05-18,META,2.8784500054095488,1
2021-05-19,META,5.1011209635881825,1
2021-05-20,META,2.8736150212575446,1
2021-05-21,META,2.473165322819331,1
2021-05-24,META,3.9767063500547377,1
2021-05-25,META,2.983393284303425,1
2021-05-26,META,2.8652522175602564,1
2021-05-27,META,2.539066723081085,1
2021-05-28,META,3.4348363900439076,1
2021-06-01,META,3.5338266848920834,1
2021-06-02,META,2.7797644568087176,1
2021-06-03,META,3.640975590281501,1
2021-06-04,META,4.227771161967695,1
2021-06-07,META,3.3002260937531047,1
2021-06-08,META,2.0759509219303336,1
2021-06-09,META,1.7788348495722552,1
2021-06-10,META,3.0011647907956314,1
2021-06-11,META,3.0544603727723603,1
2021-06-14,META,3.086362327102794,1
2021-06-15,META,1.6027990978151192,1
2021-06-16,META,1.129702685393184,0
2021-06-17,META,1.5329147530720977,1
2021-06-18,META,0.06731016685310334,0
2021-06-21,META,1.9073446468524748,1
2021-06-22,META,2.1670881441519723,1
2021-06-23,META,1.9002415444041434,1
2021-06-24,META,3.500796762758262,1
2021-06-25,META,3.485296611062687,1
2021-06-28,META,3.1302591993902884,1
2021-06-29,META,2.2727358012567636,1
2021-06-30,META,0.7400761289626667,0
2021-07-01,META,1.006552898453094,0
2021-07-02,META,-0.28896052633462027,0
2021-07-06,META,-0.4099650298475788,0
2021-07-07,META,0.6990639789641447,0
2021-07-08,META,1.4135049380670806,1
2021-07-09,META,2.0732450692925224,1
2021-07-12,META,1.3019387863316787,1
2021-07-13,META,0.9268107386832908,0
2021-07-14,META,0.9179345148034755,0
2021-07-15,META,1.7792713132026097,1
2021-07-16,META,2.2487812586983424,1
2021-07-19,META,3.080596391327918,1
2021-07-20,META,2.570057669284299,1
2021-07-21,META,1.6458658829816846,1
2021-07-22,META,1.0652182712814164,0
2021-07-23,META,0.9716027773070957,0
2021-07-26,META,-0.9526702396999983,0
2021-07-27,META,-1.0238639920807926,0
2021-07-28,META,0.08654371538177448,0
2021-07-29,META,-1.3479651561017325,0
2021-07-30,META,2.676910563265272,1
2021-08-02,META,4.27655823411519,1
2021-08-03,META,5.040535503649449,1
2021-08-04,META,5.673390019463363,1
2021-08-05,META,2.9528387807958953,1
2021-08-06,META,2.4226531926829855,1
2021-08-09,META,3.257551717016402,1
2021-08-10,META,2.733997045952481,1
2021-08-11,META,2.89565469097123,1
2021-08-12,META,3.2345442616324003,1
2021-08-13,META,2.3775471210009154,1
2021-08-16,META,2.2872008680292972,1
2021-08-17,META,1.2582788484637708,1
2021-08-18,META,2.8159293306354067,1
2021-08-19,META,1.6491412940718504,1
2021-08-20,META,0.09401856590072658,0
2021-08-23,META,-0.30912942261714,0
2021-08-24,META,-2.8089997623446696,0
2021-08-25,META,-2.696548597176653,0
2021-08-26,META,-2.0164545789153827,0
2021-08-27,META,-1.4280593555933183,0
2021-08-30,META,-4.046592091168073,0
2021-08-31,META,-5.489818132421518,0
2021-09-01,META,-5.349042337605616,0
2021-09-02,META,-5.124425720226982,0
2021-09-03,META,-5.712198001319123,0
2021-09-07,META,-4.771036211464824,0
2021-09-08,META,-5.450241294455401,0
2021-09-09,META,-5.492622890103903,0
2021-09-10,META,-5.428562489674631,0
2021-09-13,META,-6.073106499529614,0
2021-09-14,META,-6.048273493741969,0
2021-09-15,META,-5.9390389268673225,0
2021-09-16,META,-5.048933368806739,0
2021-09-17,META,-5.4057935341991135,0
2021-09-20,META,-3.0590039371813633,0
2021-09-21,META,-1.6646030307042443,0
2021-09-22,META,-1.7663215919266593,0
2021-09-23,META,-0.15867024772939725,0
2021-09-24,META,-2.236072535411632,0
2021-09-27,META,-2.541342869054715,0
2021-09-28,META,-3.7796616954869737,0
2021-09-29,META,-3.071821226358315,0
2021-09-30,META,-2.3925575513088693,0
2021-10-01,META,-1.606014929396557,0
2021-10-04,META,-1.2834611324107847,0
2021-10-05,META,0.2138234755907185,0
2021-10-06,META,-0.15543792944255885,0
2021-10-07,META,0.2519479315022075,0
2021-10-08,META,1.3555509732956743,1
2021-10-11,META,0.9730506403577489,0
2021-10-12,META,1.148118852652066,0
2021-10-13,META,0.43908496158443205,0
2021-10-14,META,0.36264737814306297,0
2021-10-15,META,1.2674341300481533,1
2021-10-18,META,2.318034024837876,1
2021-10-19,META,0.7946664541604388,0
2021-10-20,META,0.08160281681260118,0
2021-10-21,META,-0.21871173533966415,0
2021-10-22,META,0.3470279810727331,0
2021-10-25,META,2.02637617569073,1
2021-10-26,META,1.0530302573069592,0
2021-10-27,META,3.644596538366124,1
2021-10-28,META,2.9281129226812466,1
2021-10-29,META,2.916011651126305,1
2021-11-01,META,0.11071992110814503,0
2021-11-02,META,-2.2350484377607334,0
2021-11-03,META,-2.047360467321524,0
2021-11-04,META,-2.890112547193944,0
2021-11-05,META,-1.9101932345711736,0
2021-11-08,META,-1.9170066439471936,0
2021-11-09,META,-0.810302870903633,0
2021-11-10,META,-0.5633389040476692,0
2021-11-11,META,0.22270689334580168,0
2021-11-12,META,0.7004402134202663,0
2021-11-15,META,-0.7944159451726216,0
2021-11-16,META,-0.6345812245571224,0
2021-11-17,META,-0.8705939266967774,0
2021-11-18,META,-0.758660061689898,0
2021-11-19,META,-1.416891896757612,0
2021-11-22,META,-1.1388537923064128,0
2021-11-23,META,-1.0978870551110829,0
2021-11-24,META,-0.20721096688051635,0
2021-11-26,META,0.4937589535500542,0
2021-11-29,META,1.3176911542919933,1
2021-11-30,META,0.49422859311078965,0
2021-12-01,META,2.2626747097825417,1
2021-12-02,META,3.3593250011783864,1
2021-12-03,META,3.665897465222292,1
2021-12-06,META,3.9448259601484503,1
2021-12-07,META,0.8042306485502921,0
2021-12-08,META,1.1749654099295288,0
2021-12-09,META,0.15380553100921254,0
2021-12-10,META,-0.21832689365974423,0
2021-12-13,META,0.5566482522579844,0
2021-12-14,META,-0.14932618788923366,0
2021-12-15,META,-0.8672111717907232,0
2021-12-16,META,-1.1665152201806912,0
2021-12-17,META,-1.8970566747588258,0
2021-12-20,META,-1.6030590236703943,0
2021-12-21,META,-1.0528246493247309,0
2021-12-22,META,-3.5405260166813997,0
2021-12-23,META,-2.413090762198549,0
2021-12-27,META,-3.873467027035931,0
2021-12-28,META,-6.10606450371428,0
2021-12-29,META,-6.10963856781936,0
2021-12-30,META,-4.590680530405017,0
2021-12-31,META,-3.101240010415964,0
2022-01-03,META,-1.7296364134009723,0
2022-01-04,META,-1.5245803342722424,0
2022-01-05,META,-3.7318328743321385,0
2022-01-06,META,-3.3653865600501973,0
2022-01-07,META,-4.214438257751029,0
2022-01-10,META,-4.428335414167669,0
2022-01-11,META,-3.6517155716238134,0
2022-01-12,META,-4.058425748257734,0
2022-01-13,META,-4.424514850764148,0
2022-01-14,META,-4.2937242756605825,0
2022-01-18,META,-4.3108828431276685,0
2022-01-19,META,-4.08952676890651,0
2022-01-20,META,-4.581842452014843,0
2022-01-21,META,-4.559096319822279,0
2022-01-24,META,-4.3238165185581705,0
2022-01-25,META,-4.744663965350575,0
2022-01-26,META,-3.8799156925412013,0
2022-01-27,META,-3.523711167997992,0
2022-01-28,META,-3.4952323710811166,0
2022-01-31,META,-4.150967599188441,0
2022-02-01,META,-4.341751657938764,0
2022-02-02,META,-4.83529735776637,0
2022-02-03,META,-5.152465986396373,0
2022-02-04,META,-6.094978101378086,0
2022-02-07,META,-5.544476616692055,0
2022-02-08,META,-3.1014659297274467,0
2022-02-09,META,-2.9983690017418394,0
2022-02-10,META,-5.711115842649017,0
2022-02-11,META,-5.3978959630141246,0
2022-02-14,META,-3.5576234383307037,0
2022-02-15,META,-1.5889574328859521,0
2022-02-16,META,-1.4520017535259986,0
2022-02-17,META,-0.005277047803741416,0
2022-02-18,META,0.4242184144576329,0
2022-02-22,META,1.1556302261713671,0
2022-02-23,META,1.281928006514895,1
2022-02-24,META,2.3594366046267017,1
2022-02-25,META,1.6102281508514318,1
2022-02-28,META,1.4720233555868516,1
2022-03-01,META,2.0513354095346026,1
2022-03-02,META,2.8231410746347008,1
2022-03-03,META,1.6319484883602182,1
2022-03-04,META,2.577333500331887,1
2022-03-07,META,3.8609041402742736,1
2022-03-08,META,6.16253185942107,1
2022-03-09,META,4.316501606551656,1
2022-03-10,META,3.2621805681478726,1
2022-03-11,META,3.7094394919589853,1
2022-03-14,META,4.236933664021628,1
2022-03-15,META,4.04767673302474,1
2022-03-16,META,3.390180866958907,1
2022-03-17,META,1.053813151937715,0
2022-03-18,META,0.47461965059835115,0
2022-03-21,META,0.1330790363778795,0
2022-03-22,META,-1.479769437345273,0
2022-03-23,META,-3.5912842574450248,0
2022-03-24,META,-3.739796046540924,0
2022-03-25,META,-4.147892296509394,0
2022-03-28,META,-5.22451840798244,0
2022-03-29,META,-6.2605975747563205,0
2022-03-30,META,-1.7610504466136938,0
2022-03-31,META,-2.023964272881895,0
2022-04-01,META,-0.7957872125718568,0
2022-04-04,META,-0.9027942074623229,0
2022-04-05,META,-0.6960743605194346,0
2022-04-06,META,-1.5595497502183935,0
2022-04-07,META,-1.3416922348009896,0
2022-04-08,META,-1.8547215012487046,0
2022-04-11,META,-1.7055739463461161,0
2022-04-12,META,-1.9652044272927676,0
2022-04-13,META,-1.6169909443802029,0
2022-04-14,META,-1.115181994304845,0
2022-04-18,META,-0.6979483088344229,0
2022-04-19,META,-0.555671276782205,0
2022-04-20,META,-1.7096576646940604,0
2022-04-21,META,-0.6856859451662232,0
2022-04-22,META,0.4378654637220652,0
2022-04-25,META,0.9778526631264796,0
2022-04-26,META,-0.4479938638911282,0
2022-04-27,META,0.22989616684319905,0
2022-04-28,META,1.3232934894065105,1
2022-04-29,META,-1.0602499816658428,0
2022-05-02,META,-0.70140692478468,0
2022-05-03,META,-2.3907692870304147,0
2022-05-04,META,-1.2832402329297457,0
2022-05-05,META,-3.276624419104716,0
2022-05-06,META,-1.5579529439340032,0
2022-05-09,META,-0.9139603425319808,0
2022-05-10,META,0.05070612924421576,0
2022-05-11,META,-1.5174945789812182,0
2022-05-12,META,-1.531836175314705,0
2022-05-13,META,-3.024726409446355,0
2022-05-16,META,-3.9897509659943142,0
2022-05-17,META,-3.344798327163885,0
2022-05-18,META,-4.534089689741035,0
2022-05-19,META,-3.2159802873378425,0
2022-05-20,META,-3.8791683383154627,0
2022-05-23,META,-4.293550754695771,0
2022-05-24,META,-4.184190321034187,0
2022-05-25,META,-1.2394280946675131,0
2022-05-26,META,-1.598307222532349,0
2022-05-27,META,-3.4689496960143993,0
2022-05-31,META,-3.423513612689669,0
2022-06-01,META,-3.594169813331511,0
2022-06-02,META,-3.2471666336257763,0
2022-06-03,META,-3.3273232237012795,0
2022-06-06,META,-2.3564057418163853,0
2022-06-07,META,-2.441935094286613,0
2022-06-08,META,-2.7507071397371394,0
2022-06-09,META,-3.730688678345657,0
2022-06-10,META,-2.518934908797193,0
2022-06-13,META,-1.556393935104299,0
2022-06-14,META,-0.9021138254832429,0
2022-06-15,META,0.13279001083004535,0
2022-06-16,META,-0.2890895983755343,0
2022-06-17,META,2.0587908680868323,1
2022-06-21,META,2.5280469905224487,1
2022-06-22,META,3.674270678214173,1
2022-06-23,META,1.6991178572348429,1
2022-06-24,META,0.9968564993373825,0
2022-06-27,META,-1.449839691510243,0
2022-06-28,META,0.010621646398172589,0
2022-06-29,META,0.00497848858475014,0
2022-06-30,META,-0.6028444194619459,0
2022-07-01,META,-0.16596599457183314,0
2022-07-05,META,0.020195566888195148,0
2022-07-06,META,0.07282192315624501,0
2022-07-07,META,0.09452332631645316,0
2022-07-08,META,-0.6002223972747696,0
2022-07-11,META,-0.07360739595692771,0
2022-07-12,META,0.7077837809121478,0
2022-07-13,META,1.740453401822544,1
2022-07-14,META,1.617782325179133,1
2022-07-15,META,2.678712006923025,1
2022-07-18,META,1.935363740408482,1
2022-07-19,META,1.457743369102055,1
2022-07-20,META,-0.11281986859155999,0
2022-07-21,META,-1.0394418695187122,0
2022-07-22,META,-1.8617031916574283,0
2022-07-25,META,-0.9012077862761222,0
2022-07-26,META,-0.8156502791390934,0
2022-07-27,META,0.6476242370786005,0
2022-07-28,META,-0.13131458476896007,0
2022-07-29,META,0.1896358291681853,0
2022-08-01,META,0.01261496405578962,0
2022-08-02,META,-0.49887779588106085,0
2022-08-03,META,0.46329215874563057,0
2022-08-04,META,-0.6155385481159359,0
2022-08-05,META,-1.8049030756395656,0
2022-08-08,META,-1.5473233256171284,0
2022-08-09,META,-1.7702514173668054,0
2022-08-10,META,-1.1571182052795297,0
2022-08-11,META,-1.656842508532851,0
2022-08-12,META,-1.542668650343095,0
2022-08-15,META,-3.9436035991240574,0
2022-08-16,META,-4.267336412425832,0
2022-08-17,META,-4.382664377462378,0
2022-08-18,META,-4.2991876580426895,0
2022-08-19,META,-3.9547943473233045,0
2022-08-22,META,-3.418468019548579,0
2022-08-23,META,-3.3748484488240305,0
2022-08-24,META,-2.953253725750837,0
2022-08-25,META,-3.72244221562859,0
2022-08-26,META,-5.462327293732411,0
2022-08-29,META,-4.900683607730286,0
2022-08-30,META,-2.8075455349146576,0
2022-08-31,META,-3.323411981171786,0
2022-09-01,META,-4.508338148264328,0
2022-09-02,META,-4.3069345409136925,0
2022-09-06,META,-3.2746300466877454,0
2022-09-07,META,-3.2303872584951994,0
2022-09-08,META,-3.524944259972796,0
2022-09-09,META,-4.704998908444418,0
2022-09-12,META,-6.11135551577606,0
2022-09-13,META,-6.9894958758274575,0
2022-09-14,META,-6.242524566952735,0
2022-09-15,META,-4.921101771429572,0
2022-09-16,META,-5.310632530236173,0
2022-09-19,META,-2.442810982965385,0
2022-09-20,META,-3.0568258389712906,0
2022-09-21,META,-2.596492836825137,0
2022-09-22,META,-2.218967290820574,0
2022-09-23,META,-2.695166929739229,0
2022-09-26,META,-2.2845310268085335,0
2022-09-27,META,0.2185928209557118,0
2022-09-28,META,-0.8367573355940782,0
2022-09-29,META,-4.157755836710575,0
2022-09-30,META,-3.583660564480535,0
2022-10-03,META,-4.183572990346625,0
2022-10-04,META,-4.179747475249184,0
2022-10-05,META,-4.872233728563966,0
2022-10-06,META,-4.97428354465004,0
2022-10-07,META,-4.715843300524238,0
2022-10-10,META,-3.450426849394433,0
2022-10-11,META,-3.508237611296196,0
2022-10-12,META,-2.4946422380779336,0
2022-10-13,META,-1.3094305761232787,0
2022-10-14,META,-1.4269759994237188,0
2022-10-17,META,-1.0462585042146377,0
2022-10-18,META,-1.3762313851315786,0
2022-10-19,META,-1.6167714710169068,0
2022-10-20,META,-1.810788761872927,0
2022-10-21,META,-1.6248927529474508,0
2022-10-24,META,-1.7061765031355351,0
2022-10-25,META,-1.5357768584496068,0
2022-10-26,META,-2.09293672368094,0
2022-10-27,META,-1.5942253228173036,0
2022-10-28,META,2.1628410425102866,1
2022-10-31,META,2.030166970924362,1
2022-11-01,META,4.929243527165945,1
2022-11-02,META,4.890368863973343,1
2022-11-03,META,6.982194945692019,1
2022-11-04,META,7.284960388624733,1
2022-11-07,META,4.545953121871392,1
2022-11-08,META,3.424316577941551,1
2022-11-09,META,3.740893436322274,1
2022-11-10,META,2.890279282687578,1
2022-11-11,META,0.678877898092901,0
2022-11-14,META,1.5643116064922704,1
2022-11-15,META,1.5978571124291494,1
2022-11-16,META,-0.19473111846723407,0
2022-11-17,META,1.318130845216831,1
2022-11-18,META,0.6359171940710452,0
2022-11-21,META,1.032403338856095,0
2022-11-22,META,2.0316655939365242,1
2022-11-23,META,1.1558046757888905,0
2022-11-25,META,1.1712282836637682,0
2022-11-28,META,1.112772916750539,0
2022-11-29,META,1.4334858777178594,1
2022-11-30,META,2.147240511467949,1
2022-12-01,META,0.4932968273438585,0
2022-12-02,META,0.8979183111230412,0
2022-12-05,META,0.7959034753182943,0
2022-12-06,META,0.9328358731231856,0
2022-12-07,META,4.013183475845972,1
2022-12-08,META,3.9264160510830113,1
2022-12-09,META,4.307682524920185,1
2022-12-12,META,4.127335330727115,1
2022-12-13,META,5.2683132225854665,1
2022-12-14,META,4.19127800506482,1
2022-12-15,META,3.3893512229765737,1
2022-12-16,META,4.7460189273228695,1
2022-12-19,META,4.6293185220193225,1
2022-12-20,META,8.015613880389376,1
2022-12-21,META,8.129114042939714,1
2022-12-22,META,7.2269455238193805,1
2022-12-23,META,7.986874002831112,1
2022-12-27,META,8.746066267094767,1
2022-12-28,META,10.397937407828463,1
2022-12-29,META,8.791290375086955,1
2022-12-30,META,8.223397259355654,1
2023-01-03,META,9.151280645732744,1
2023-01-04,META,6.600227939023814,1
2023-01-05,META,6.0145283904058005,1
2023-01-06,META,6.030452445550564,1
2023-01-09,META,6.1106555598355685,1
2023-01-10,META,5.303899338151506,1
2023-01-11,META,4.345821468062289,1
2023-01-12,META,3.9980554091556537,1
2023-01-13,META,4.018747594727383,1
2023-01-17,META,3.9921849578798994,1
2023-01-18,META,3.973598190218367,1
2023-01-19,META,3.808247701429401,1
2023-01-20,META,3.505804869727918,1
2023-01-23,META,3.0924310379886912,1
2023-01-24,META,2.608410159263251,1
2023-01-25,META,2.7025158880663707,1
2023-01-26,META,2.7321275981024873,1
2023-01-27,META,2.0854129412241957,1
2023-01-30,META,2.108387063751739,1
2023-01-31,META,2.4728539996021563,1
2023-02-01,META,2.375597540674958,1
2023-02-02,META,2.7959860001856294,1
2023-02-03,META,-0.6693305691784627,0
2023-02-06,META,-0.35383028673842176,0
2023-02-07,META,-0.1909022617317505,0
2023-02-08,META,-1.7858888054944275,0
2023-02-09,META,-0.7922711342376939,0
2023-02-10,META,0.642644682410207,0
2023-02-13,META,3.400735837262566,1
2023-02-14,META,3.117768379353211,1
2023-02-15,META,4.0928074790065025,1
2023-02-16,META,2.7944639826492548,1
2023-02-17,META,4.018973592327694,1
2023-02-21,META,4.547623824417849,1
2023-02-22,META,4.3080205271415615,1
2023-02-23,META,5.102228366818316,1
2023-02-24,META,5.192555524563491,1
2023-02-27,META,4.978984792569061,1
2023-02-28,META,4.784936769306491,1
2023-03-01,META,4.600660374853074,1
2023-03-02,META,5.2482110373772315,1
2023-03-03,META,5.607752947485024,1
2023-03-06,META,4.500501961864999,1
2023-03-07,META,4.826185083132984,1
2023-03-08,META,4.324464015035373,1
2023-03-09,META,4.888837546928993,1
2023-03-10,META,5.361759299546149,1
2023-03-13,META,5.6801380052732595,1
2023-03-14,META,5.438683999339571,1
2023-03-15,META,4.989203587811134,1
2023-03-16,META,4.498793202223467,1
2023-03-17,META,2.750179143392351,1
2023-03-20,META,5.737049568548487,1
2023-03-21,META,4.508828407666333,1
2023-03-22,META,2.769334518071107,1
2023-03-23,META,3.4232932171678314,1
2023-03-24,META,2.317743277530894,1
2023-03-27,META,0.389847622161673,0
2023-03-28,META,1.7090619321854799,1
2023-03-29,META,4.189061756862947,1
2023-03-30,META,3.8324327786407126,1
2023-03-31,META,3.8272153059021865,1
2023-04-03,META,2.9257329768113407,1
2023-04-04,META,2.559162642659682,1
2023-04-05,META,1.9971570731501762,1
2023-04-06,META,2.301975453801914,1
2023-04-10,META,1.8481421088348087,1
2023-04-11,META,2.014625629878149,1
2023-04-12,META,2.0883882978023056,1
2023-04-13,META,2.34942630935147,1
2023-04-14,META,1.4555575339206686,1
2023-04-17,META,1.8377358302301308,1
2023-04-18,META,2.137416764164954,1
2023-04-19,META,2.6175665425221357,1
2023-04-20,META,3.3100399942096916,1
2023-04-21,META,3.511214012218826,1
2023-04-24,META,3.804795966998608,1
2023-04-25,META,3.646435512436423,1
2023-04-26,META,4.640018380079727,1
2023-04-27,META,4.763281846236351,1
2023-04-28,META,5.4652903215596975,1
2023-05-01,META,5.1460154654364265,1
2023-05-02,META,4.973816772077762,1
2023-05-03,META,7.510470753935532,1
2023-05-04,META,8.294950285192037,1
2023-05-05,META,9.431091348898743,1
2023-05-08,META,9.635275366404194,1
2023-05-09,META,6.4981984308878324,1
2023-05-10,META,6.693517150636339,1
2023-05-11,META,6.8612925236020565,1
2023-05-12,META,7.244618642423161,1
2023-05-15,META,7.923895562011672,1
2023-05-16,META,7.3806697044550535,1
2023-05-17,META,8.526788265426024,1
2023-05-18,META,7.548283360849806,1
2023-05-19,META,7.31983477286781,1
2023-05-22,META,6.978815256393562,1
2023-05-23,META,7.0044459261089465,1
2023-05-24,META,8.143732916576274,1
2023-05-25,META,4.8229255569605005,1
2023-05-26,META,5.306656229429961,1
2023-05-30,META,3.7918047461949533,1
2023-05-31,META,3.044032261754119,1
2023-06-01,META,3.452979630608076,1
2023-06-02,META,2.169721421255821,1
2023-06-05,META,3.2826269012631015,1
2023-06-06,META,3.109563094748947,1
2023-06-07,META,2.9269578500466795,1
2023-06-08,META,5.040271593089163,1
2023-06-09,META,5.484011090318335,1
2023-06-12,META,6.582579899071504,1
2023-06-13,META,6.27513341017164,1
2023-06-14,META,5.420358221001932,1
2023-06-15,META,5.34553496310181,1
2023-06-16,META,4.480825353652463,1
2023-06-20,META,5.17062651619273,1
2023-06-21,META,2.3247878281448373,1
2023-06-22,META,1.5708363098968479,1
2023-06-23,META,0.8359743067258238,0
2023-06-26,META,0.7078702884007545,0
2023-06-27,META,2.7192131003710664,1
2023-06-28,META,3.0491846311586643,1
2023-06-29,META,4.5293282513870405,1
2023-06-30,META,4.170190928106346,1
2023-07-03,META,3.98180296159029,1
2023-07-05,META,3.0622880532687424,1
2023-07-06,META,2.0676395555218723,1
2023-07-07,META,2.0759076683050584,1
2023-07-10,META,2.8422686225842853,1
2023-07-11,META,2.007821763968799,1
2023-07-12,META,0.7350342425645694,0
2023-07-13,META,-0.3992490304900367,0
2023-07-14,META,-1.3090019131972266,0
2023-07-17,META,-0.29684484053100185,0
2023-07-18,META,-0.9580709007665279,0
2023-07-19,META,-1.9339842119983128,0
2023-07-20,META,-3.3189780723469537,0
2023-07-21,META,-2.2904005910375926,0
2023-07-24,META,-0.520357722896163,0
2023-07-25,META,-0.4831132223722909,0
2023-07-26,META,-0.026650677286533232,0
2023-07-27,META,-1.350839162645813,0
2023-07-28,META,-3.3004642857185136,0
2023-07-31,META,-4.900725774326979,0
2023-08-01,META,-2.7242945135650256,0
2023-08-02,META,-3.707849565790788,0
2023-08-03,META,-2.5994568906104303,0
2023-08-04,META,-2.3709735169791006,0
2023-08-07,META,-1.4670268161716142,0
2023-08-08,META,-2.47769331773172,0
2023-08-09,META,-2.0217046248643875,0
2023-08-10,META,-1.1227488202642433,0
2023-08-11,META,0.25106093348727404,0
2023-08-14,META,0.002755208932450091,0
2023-08-15,META,-0.1552527602489536,0
2023-08-16,META,1.3145418006931882,1
2023-08-17,META,0.7922828951526245,0
2023-08-18,META,2.519107628808831,1
2023-08-21,META,3.1617546969288948,1
2023-08-22,META,1.4132493391040981,1
2023-08-23,META,1.176746591136293,0
2023-08-24,META,0.7094721972730417,0
2023-08-25,META,2.2225071638296474,1
2023-08-28,META,2.1303298682680127,1
2023-08-29,META,1.1976641768329694,1
2023-08-30,META,0.9573274550846556,0
2023-08-31,META,0.823206449302715,0
2023-09-01,META,1.6704262990083758,1
2023-09-05,META,0.6770373785726149,0
2023-09-06,META,0.7902800865339924,0
2023-09-07,META,0.8206803541913101,0
2023-09-08,META,2.2177533814389574,1
2023-09-11,META,2.6975389215153136,1
2023-09-12,META,1.9569618885599465,1
2023-09-13,META,3.6667003627127133,1
2023-09-14,META,2.643093971268396,1
2023-09-15,META,0.3940782897728789,0
2023-09-18,META,3.0781569840263967,1
2023-09-19,META,3.1385857791097846,1
2023-09-20,META,1.6687441111688153,1
2023-09-21,META,1.8972531890934057,1
2023-09-22,META,1.8897274448262174,1
2023-09-25,META,2.1268664042595766,1
2023-09-26,META,1.6643473427145818,1
2023-09-27,META,0.07258950377618957,0
2023-09-28,META,-1.1264588094981225,0
2023-09-29,META,-0.8278724001902417,0
2023-10-02,META,0.27580507564118506,0
2023-10-03,META,-0.6344895423297686,0
2023-10-04,META,1.1901602737504762,1
2023-10-05,META,0.5786543305989498,0
2023-10-06,META,1.0626919793209997,0
2023-10-09,META,0.04168092256618051,0
2023-10-10,META,0.05132247585460917,0
2023-10-11,META,-0.22965222241213407,0
2023-10-12,META,-0.8185109565908839,0
2023-10-13,META,0.50018212912295,0
2023-10-16,META,1.6874426855634561,1
2023-10-17,META,1.7235690666056285,1
2023-10-18,META,0.9849368870980063,0
2023-10-19,META,2.03426953329648,1
2023-10-20,META,2.685394343632355,1
2023-10-23,META,3.8284424352453574,1
2023-10-24,META,2.7986297013520782,1
2023-10-25,META,3.505833520230535,1
2023-10-26,META,5.672891288352089,1
2023-10-27,META,8.455587177785382,1
2023-10-30,META,8.075390567603042,1
2023-10-31,META,5.279453368083755,1
2023-11-01,META,4.484820778061475,1
2023-11-02,META,2.530646834040024,1
2023-11-03,META,1.7298468089589438,1
2023-11-06,META,0.7041124082726178,0
2023-11-07,META,0.3147764597498349,0
2023-11-08,META,1.3168491551784234,1
2023-11-09,META,2.0956187765831045,1
2023-11-10,META,0.7232134988051837,0
2023-11-13,META,0.8039401998907494,0
2023-11-14,META,0.8175073779570217,0
2023-11-15,META,-0.4806162676245549,0
2023-11-16,META,0.3426177466511249,0
2023-11-17,META,1.4664119181228386,1
2023-11-20,META,2.088897111546029,1
2023-11-21,META,1.2798495832737347,1
2023-11-22,META,2.3400677930865634,1
2023-11-24,META,1.6364169790501768,1
2023-11-27,META,2.3189747364655346,1
2023-11-28,META,3.282551001606349,1
2023-11-29,META,2.7516311527410156,1
2023-11-30,META,3.256857984926681,1
2023-12-01,META,2.8278319296593812,1
2023-12-04,META,2.9319313238213587,1
2023-12-05,META,4.203720946896679,1
2023-12-06,META,5.201710887979809,1
2023-12-07,META,6.227672590304278,1
2023-12-08,META,4.8736650868675415,1
2023-12-11,META,5.300134199655705,1
2023-12-12,META,6.880945111401267,1
2023-12-13,META,6.458867750795439,1
2023-12-14,META,4.9210833192740235,1
2023-12-15,META,5.353507831100271,1
2023-12-18,META,6.004418595153157,1
2023-12-19,META,5.762359546264978,1
2023-12-20,META,4.6724476415684055,1
2023-12-21,META,5.349948137552841,1
2023-12-22,META,5.370790980342288,1
2023-12-26,META,5.85866871283998,1
2023-12-27,META,5.764860304062123,1
2023-12-28,META,6.143411625462783,1
2023-12-29,META,5.907414838706701,1
2024-01-02,META,4.85947231972835,1
2024-01-03,META,7.115327869731553,1
2024-01-04,META,5.893618021164604,1
2024-01-05,META,4.980470653455617,1
2024-01-08,META,4.51962341696993,1
2024-01-09,META,4.731881978575781,1
2024-01-10,META,4.815493628884723,1
2024-01-11,META,4.131424673586334,1
2024-01-12,META,4.204452037388052,1
2024-01-16,META,3.598941267276688,1
2024-01-17,META,4.45855711826884,1
2024-01-18,META,4.810827078234911,1
2024-01-19,META,3.990099994184021,1
2024-01-22,META,3.5926052968641202,1
2024-01-23,META,3.545831407892265,1
2024-01-24,META,4.009023797787493,1
2024-01-25,META,3.681554494766505,1
2024-01-26,META,3.4831724876074475,1
2024-01-29,META,3.6311108062033726,1
2024-01-30,META,3.2213930521384806,1
2024-01-31,META,3.481488289708278,1
2024-02-01,META,4.3906305380324175,1
2024-02-02,META,4.023250711347113,1
2024-02-05,META,1.3028736965596663,1
2024-02-06,META,3.411338837257372,1
2024-02-07,META,5.045491351362245,1
2024-02-08,META,3.3006747684929794,1
2024-02-09,META,1.098750069300522,0
2024-02-12,META,2.346381790472389,1
2024-02-13,META,1.9767218276029934,1
2024-02-14,META,2.422119026398029,1
2024-02-15,META,0.8638078071718629,0
2024-02-16,META,0.9923461087591887,0
2024-02-20,META,1.8072396388004268,1
2024-02-21,META,2.591115176550724,1
2024-02-22,META,3.0270993287741836,1
2024-02-23,META,1.8950542332137148,1
2024-02-26,META,1.5281897754105578,1
2024-02-27,META,1.1331631317500692,0
2024-02-28,META,0.5461730744856296,0
2024-02-29,META,0.12443588787381299,0
2024-03-01,META,0.0962471371862058,0
2024-03-04,META,-0.3938692646609489,0
2024-03-05,META,0.6669850225132808,0
2024-03-06,META,1.6502552305128957,1
2024-03-07,META,2.3174650046716567,1
2024-03-08,META,0.5405986079480217,0
2024-03-11,META,0.853873864698912,0
2024-03-12,META,3.4729184485170626,1
2024-03-13,META,2.4296300642578252,1
2024-03-14,META,1.6320294414875083,1
2024-03-15,META,0.8079550034920719,0
2024-03-18,META,1.5638935288520255,1
2024-03-19,META,-0.2950796430482561,0
2024-03-20,META,0.5647700213481494,0
2024-03-21,META,-2.205634281799387,0
2024-03-22,META,-2.347965756684831,0
2024-03-25,META,-1.1080804233762027,0
2024-03-26,META,-0.7971160295237476,0
2024-03-27,META,-2.9186353125780737,0
2024-03-28,META,-2.7007863658915316,0
2024-04-01,META,-2.869339219514137,0
2024-04-02,META,-3.3323444341513615,0
2024-04-03,META,-3.084819647815904,0
2024-04-04,META,-3.4521734821770647,0
2024-04-05,META,-3.02708946836729,0
2024-04-08,META,-3.080145148639916,0
2024-04-09,META,-2.560141245357802,0
2024-04-10,META,-2.207020424638167,0
2024-04-11,META,-2.1993573956144337,0
2024-04-12,META,-2.3211539141724145,0
2024-04-15,META,-2.220252183187952,0
2024-04-16,META,-1.4562595749525031,0
2024-04-17,META,-0.913419373327807,0
2024-04-18,META,-1.060625459595719,0
2024-04-19,META,-1.5170667822539035,0
2024-04-22,META,-0.6649598744957567,0
2024-04-23,META,-0.9319574166003396,0
2024-04-24,META,-1.5579701100383991,0
2024-04-25,META,-1.532446186661182,0
2024-04-26,META,4.107423449185752,1
2024-04-29,META,4.068097483951947,1
2024-04-30,META,5.056906996589217,1
2024-05-01,META,4.352270714284348,1
2024-05-02,META,3.348606562118639,1
2024-05-03,META,4.084920483305273,1
2024-05-06,META,2.9618150050808327,1
2024-05-07,META,3.1787316814468447,1
2024-05-08,META,2.750462311066399,1
2024-05-09,META,2.1948173766329355,1
2024-05-10,META,2.8024354417294304,1
2024-05-13,META,3.1900096358160326,1
2024-05-14,META,4.411520127956077,1
2024-05-15,META,3.426646001278658,1
2024-05-16,META,2.5239084715876365,1
2024-05-17,META,3.9295455030328155,1
2024-05-20,META,3.1668621954769987,1
2024-05-21,META,3.81127548332404,1
2024-05-22,META,3.475393519470648,1
2024-05-23,META,3.553684158468113,1
2024-05-24,META,4.8533405874036735,1
2024-05-28,META,3.9799025965275567,1
2024-05-29,META,4.430148884467696,1
2024-05-30,META,3.076750316997634,1
2024-05-31,META,4.047785569964154,1
2024-06-03,META,4.55660455742552,1
2024-06-04,META,3.5883887807400923,1
2024-06-05,META,5.164734006643877,1
2024-06-06,META,2.9115630750669363,1
2024-06-07,META,3.0871318638863112,1
2024-06-10,META,3.535963234351772,1
2024-06-11,META,0.7958106925612797,0
2024-06-12,META,-0.589061713981158,0
2024-06-13,META,-0.8866509768576617,0
2024-06-14,META,-1.0127734563035566,0
2024-06-17,META,-2.7299011226858334,0
2024-06-18,META,-1.8782136089855932,0
2024-06-20,META,-1.400013768116087,0
2024-06-21,META,-0.8527520969682755,0
2024-06-24,META,-0.367373779606762,0
2024-06-25,META,-2.09854659180281,0
2024-06-26,META,-3.241505720120912,0
2024-06-27,META,-2.5705057062681136,0
2024-06-28,META,-2.925678349324317,0
2024-07-01,META,-2.3163836362589887,0
2024-07-02,META,-1.6230994078803322,0
2024-07-03,META,-0.5818892489986952,0
2024-07-05,META,-1.0805100899727191,0
2024-07-08,META,-3.4414681107866407,0
2024-07-09,META,-1.784120989864108,0
2024-07-10,META,-2.0883240444802698,0
2024-07-11,META,-1.1803586048874637,0
2024-07-12,META,0.2515188616504784,0
2024-07-15,META,0.8804300878606732,0
2024-07-16,META,1.6332340915098396,1
2024-07-17,META,1.8919546472682591,1
2024-07-18,META,4.470235543888949,1
2024-07-19,META,3.0382754723659224,1
2024-07-22,META,3.084752350925758,1
2024-07-23,META,2.3123030508740197,1
2024-07-24,META,2.6921554977016493,1
2024-07-25,META,5.040188174381304,1
2024-07-26,META,5.5005439309081785,1
2024-07-29,META,4.070382614901962,1
2024-07-30,META,3.9164080748955175,1
2024-07-31,META,3.9548989579161784,1
2024-08-01,META,3.233847983709026,1
2024-08-02,META,1.9500907950420132,1
2024-08-05,META,1.9981631899721606,1
2024-08-06,META,3.393275085528639,1
2024-08-07,META,2.303606308506991,1
2024-08-08,META,1.0560533321031282,0
2024-08-09,META,-0.5248692832568598,0
2024-08-12,META,-1.4507709976900653,0
2024-08-13,META,-0.44515335021695274,0
2024-08-14,META,-0.30461199573977743,0
2024-08-15,META,-0.2225280779878507,0
2024-08-16,META,-0.3660406329523062,0
2024-08-19,META,1.025135339662664,0
2024-08-20,META,0.9973258839393866,0
2024-08-21,META,2.9870591414726912,1
2024-08-22,META,2.4481087901427636,1
2024-08-23,META,3.047839793780436,1
2024-08-26,META,3.3580978357613778,1
2024-08-27,META,4.6141592936484095,1
2024-08-28,META,4.798636808777689,1
2024-08-29,META,5.022569910115026,1
2024-08-30,META,5.339209887308723,1
2024-09-03,META,5.393711228470287,1
2024-09-04,META,6.382144758339934,1
2024-09-05,META,7.129125026408102,1
2024-09-06,META,7.670442517483771,1
2024-09-09,META,9.555543131679897,1
2024-09-10,META,9.789007657987135,1
2024-09-11,META,9.429563629393323,1
2024-09-12,META,7.589743381842118,1
2024-09-13,META,7.091290056485414,1
2024-09-16,META,7.2922348512668815,1
2024-09-17,META,5.801769890633933,1
2024-09-18,META,4.183443350853609,1
2024-09-19,META,4.017183119953474,1
2024-09-20,META,2.2214964092692044,1
2024-09-23,META,1.7624544657573522,1
2024-09-24,META,2.180226540857488,1
2024-09-25,META,0.037413331255613136,0
2024-09-26,META,-0.05485005599374497,0
2024-09-27,META,0.5503177586061971,0
2024-09-30,META,1.0849276702133686,0
2024-10-01,META,1.9124766891864018,1
2024-10-02,META,1.4063071756434105,1
2024-10-03,META,-0.41017884391431964,0
2024-10-04,META,-1.2505700815404257,0
2024-10-07,META,-2.952170036204676,0
2024-10-08,META,-1.0098463699516318,0
2024-10-09,META,-1.7320811482949545,0
2024-10-10,META,0.0874067759517121,0
2024-10-11,META,0.4118484897875348,0
2024-10-14,META,-0.5068062245841438,0
2024-10-15,META,-0.41750104583091724,0
2024-10-16,META,-0.4703749871692285,0
2024-10-17,META,0.02862871965311258,0
2024-10-18,META,-1.5964114267550684,0
2024-10-21,META,-1.541574301595308,0
2024-10-22,META,-0.9661243271298839,0
2024-10-23,META,-1.1278465451731299,0
2024-10-24,META,-0.044801950525464734,0
2024-10-25,META,-0.6458085605268359,0
2024-10-28,META,-0.6012814681039499,0
2024-10-29,META,-0.33338412746248675,0
2024-10-30,META,-1.8188215163081127,0
2024-10-31,META,-1.30373679114809,0
2024-11-01,META,2.0294798356977815,1
2024-11-04,META,3.371003327003478,1
2024-11-05,META,3.943902200893719,1
2024-11-06,META,2.7305413184275595,1
2024-11-07,META,3.697954073176843,1
2024-11-08,META,1.6271172721697051,1
2024-11-11,META,2.221228564110084,1
2024-11-12,META,3.602045596114042,1
2024-11-13,META,3.3322428115373244,1
2024-11-14,META,2.896794317737092,1
2024-11-15,META,3.4282779848191662,1
2024-11-18,META,5.862178592429378,1
2024-11-19,META,3.3176996943268717,1
2024-11-20,META,2.6777685132527775,1
2024-11-21,META,1.509151894619397,1
2024-11-22,META,2.6582955142110682,1
2024-11-25,META,3.498912130327816,1
2024-11-26,META,2.7412875455300667,1
2024-11-27,META,1.8961237825901123,1
2024-11-29,META,1.5923657642937399,1
2024-12-02,META,0.8210499065340721,0
2024-12-03,META,0.48872066501859524,0
2024-12-04,META,-0.6513695505839401,0
2024-12-05,META,1.1016496171619337,0
2024-12-06,META,0.6090022658989807,0
2024-12-09,META,-0.8295469349834421,0
2024-12-10,META,0.1873512267728741,0
2024-12-11,META,-0.7042176341014089,0
2024-12-12,META,-2.562101875560039,0
2024-12-13,META,-0.7859287886595648,0
2024-12-16,META,-0.5229205428744962,0
2024-12-17,META,-0.7004179076815967,0
2024-12-18,META,-0.18222727830411958,0
2024-12-19,META,1.7796705769973873,1
2024-12-20,META,2.6822356470783797,1
2024-12-23,META,4.169454090244671,1
2024-12-24,META,3.9931960246880545,1
2024-12-26,META,4.2817726628342365,1
2024-12-27,META,4.766636806349718,1
2024-12-30,META,5.675901991417387,1
2024-12-31,META,6.636893416200375,1
2025-01-02,META,7.76330926407844,1
2025-01-03,META,7.305584098813001,1
2025-01-06,META,6.918850359592163,1
2025-01-07,META,6.208860556886966,1
2025-01-08,META,8.030326870653715,1
2025-01-10,META,9.344116439078347,1
2025-01-13,META,9.028938370185054,1
2025-01-14,META,10.858997391073625,1
2025-01-15,META,15.521832237362206,1
2025-01-16,META,17.650978219047865,1
2025-01-17,META,11.600531598871802,1
2025-01-21,META,8.957767841807973,1
2025-01-22,META,7.280838833627243,1
2025-01-23,META,5.2488408880654704,1
2025-01-24,META,2.6311042084107514,1
2025-01-27,META,0.8243563773595894,0
2025-01-28,META,1.0835089722674898,0
2025-01-29,META,-1.2531367978991708,0
2025-01-30,META,-0.6227403671583844,0
2025-01-31,META,-2.3901530144121597,0
2025-02-03,META,-3.5702673259363618,0
2025-02-04,META,-2.760066178000454,0
2025-02-05,META,-4.65262382321569,0
2025-02-06,META,-4.85244065417901,0
2025-02-07,META,-6.566828187398447,0
2025-02-10,META,-6.104359748813561,0
2025-02-11,META,-5.1841815397548165,0
2025-02-12,META,-6.5007377006169875,0
2025-02-13,META,-5.497344114488193,0
2025-02-14,META,-5.810131717846916,0
2025-02-18,META,-7.243971540815519,0
2025-02-19,META,-6.32373102250792,0
2025-02-20,META,-5.648871807912961,0
2025-02-21,META,-4.597810331548933,0
2025-02-24,META,-2.7891279842640557,0
2025-02-25,META,-1.8110894307416865,0
2025-02-26,META,-2.038003238572082,0
2025-02-27,META,-3.193584840135948,0
2025-02-28,META,-3.6396869554176052,0
2025-03-03,META,-4.1349207436728115,0
2025-03-04,META,-3.074382954680192,0
2025-03-05,META,-2.5556596661984172,0
2025-03-06,META,-4.914446987316807,0
2025-03-07,META,-5.021223229621735,0
2025-03-10,META,-4.316579994696402,0
2025-03-11,META,-3.6632170138143585,0
2025-03-12,META,-0.5439911349585909,0
2025-03-13,META,-1.9989176492339666,0
2025-03-14,META,-1.3420439680869483,0
2025-03-17,META,-2.209189990882284,0
2025-03-18,META,-2.443738768551223,0
2025-03-19,META,-2.4372108351483197,0
2025-03-20,META,-2.5146374696425924,0
2025-03-21,META,-3.112070520505412,0
2025-03-24,META,-2.84460402507368,0
2025-03-25,META,-2.8066261065247944,0
2025-03-26,META,-2.5856278541713706,0
2025-03-27,META,-1.7537521203276794,0
2025-03-28,META,-1.4614872079260457,0
2025-03-31,META,-0.6388339459077814,0
2025-04-01,META,-0.7873697286417509,0
2025-04-02,META,-0.3789635873303996,0
2025-04-03,META,0.3459958493689055,0
2025-04-04,META,2.0920389562841617,1
2025-04-07,META,2.7472440117017256,1
2025-04-08,META,2.6350693476911795,1
2025-04-09,META,2.8901018746104663,1
2025-04-10,META,0.2990914599552397,0
2025-04-11,META,4.1566205289506355,1
2025-04-14,META,4.945815988440073,1
2025-04-15,META,5.85225253492349,1
2025-04-16,META,5.665510100427213,1
2025-04-17,META,7.0001969348064925,1
2025-04-21,META,7.063333107704478,1
2025-04-22,META,8.492000470328371,1
2025-04-23,META,7.480879628731135,1
2025-04-24,META,6.519500896591067,1
2025-04-25,META,5.169347650758851,1
2025-04-28,META,5.119214106310707,1
2025-04-29,META,5.03295490349576,1
2025-04-30,META,4.828689969742776,1
2025-05-01,META,5.332580512456679,1
2025-05-02,META,5.229487802749209,1
2025-05-05,META,3.84914162646359,1
2025-05-06,META,4.649104335113439,1
2025-05-07,META,5.324521483362821,1
2025-05-08,META,5.408327556097703,1
2025-05-09,META,5.122663298183818,1
2025-05-12,META,5.9345668584398,1
2025-05-13,META,4.013605288447196,1
2025-05-14,META,2.852778322607403,1
2025-05-15,META,1.7471970694453607,1
2025-05-16,META,4.382151778665243,1
2025-05-19,META,4.293666581025546,1
2025-05-20,META,4.171631694550588,1
2025-05-21,META,3.3003882172151116,1
2025-05-22,META,4.3896800028211524,1
2025-05-23,META,5.11193820982298,1
2025-05-27,META,5.732837320065807,1
2025-05-28,META,5.738848556003721,1
2025-05-29,META,6.127590616563721,1
2025-05-30,META,6.31331389932101,1
2025-06-02,META,4.521078797498237,1
2025-06-03,META,2.869089744065987,1
2025-06-04,META,3.518909084450599,1
2025-06-05,META,2.2042359401745077,1
2025-06-06,META,2.6232259960387188,1
2025-06-09,META,2.5283372231785166,1
2025-06-10,META,2.3983235605492674,1
2025-06-11,META,1.0992634734804452,0
2025-06-12,META,1.9608061355418054,1
2025-06-13,META,1.2356766155076406,1
2025-06-16,META,1.4868117567365613,1
2025-06-17,META,-0.055571280131466644,0
2025-06-18,META,0.5552845942609248,0
2025-06-20,META,1.3263587013168068,1
2025-06-23,META,1.8232853755896983,1
2025-06-24,META,1.2664612512978866,1
2025-06-25,META,0.22931295500038348,0
2025-06-26,META,0.3552102913714827,0
2025-06-27,META,-0.8219978557347128,0
2025-06-30,META,-3.0322540215778715,0
2025-07-01,META,-3.9073093096735105,0
2025-07-02,META,2.13048301361334,1
2025-07-03,META,1.407128691956435,1
2025-07-07,META,2.098331333031346,1
2025-07-08,META,1.6444814070198988,1
2025-07-09,META,1.8536266174781888,1
2025-07-10,META,1.0459050778801386,0
2025-07-11,META,1.5145355428228309,1
2025-07-14,META,1.7690288570603236,1
2025-07-15,META,2.424424680117072,1
2025-07-16,META,2.4852106973812838,1
2025-07-17,META,2.8564669438993233,1
2025-07-18,META,3.0244013733343764,1
2025-07-21,META,2.2449980973896664,1
2025-07-22,META,1.35614435196225,1
2025-07-23,META,1.5299088789995692,1
2025-07-24,META,0.907256043649119,0
2025-07-25,META,1.3911475964045468,1
2025-07-28,META,1.4169670380384018,1
2025-07-29,META,1.2677974878460618,1
2025-07-30,META,1.705857863553447,1
2025-07-31,META,2.020548327050168,1
2025-08-01,META,-2.0339784515341637,0
2025-08-04,META,-0.9600201436233392,0
2025-08-05,META,-2.88953661178941,0
2025-08-06,META,-1.0784826470842694,0
2025-08-07,META,-1.4326721329535956,0
2025-08-08,META,-0.7185237729469633,0
2025-08-11,META,-0.2596078366930144,0
2025-08-12,META,-0.975529533533806,0
2025-08-13,META,-3.1562422394673626,0
2025-08-14,META,-1.9992153240344206,0
2025-08-15,META,-1.3750139526043552,0
2025-08-18,META,-0.4605344153714795,0
2025-08-19,META,0.6788173668407256,0
2025-08-20,META,2.571519633934049,1
2025-08-21,META,2.7671530258288612,1
2025-08-22,META,2.3584395611422684,1
2025-08-25,META,0.10345882585525279,0
2025-08-26,META,0.7195778860466977,0
2025-08-27,META,-0.4107213054687031,0
2025-08-28,META,-0.27809620846704874,0
2025-08-29,META,-0.6428961513787684,0
2025-09-02,META,-0.3548102146360523,0
2025-09-03,META,-1.4816817023284115,0
2025-09-04,META,-0.7833797138779206,0
2025-09-05,META,-3.0312779908208594,0
2025-09-08,META,-2.8929076336237745,0
2025-09-09,META,-3.094180437916647,0
2025-09-10,META,-3.9370298672278072,0
2025-09-11,META,-1.420881419024183,0
2025-09-12,META,-3.057859520358669,0
2025-09-15,META,-2.5825330631827224,0
2025-09-16,META,-3.7061770377150625,0
2025-09-17,META,-4.105313289896563,0
2025-09-18,META,-4.272489325499116,0
2025-09-19,META,-4.214648000475869,0
2025-09-22,META,-2.8552825312427665,0
2025-09-23,META,-2.044433801811283,0
2025-09-24,META,-1.4362588713306712,0
2025-09-25,META,-1.7465768642861124,0
2025-09-26,META,-0.7061995776164671,0
2025-09-29,META,0.45925878344167054,0
2025-09-30,META,0.5222202018313822,0
2025-10-01,META,1.1499554875935463,0
2025-10-02,META,-1.8346627046879345,0
2025-10-03,META,-2.8412396102198403,0
2025-10-06,META,-2.696077342299626,0
2025-10-07,META,-3.2882984597644125,0
2025-10-08,META,-2.8282894046883578,0
2025-10-09,META,-3.636540939866159,0
2025-10-10,META,-4.133889896943606,0
2025-10-13,META,-2.795471077962272,0
2025-10-14,META,-3.3956898204031587,0
2025-10-15,META,-3.8379758787360685,0
2025-10-16,META,-4.154869090176937,0
2025-10-17,META,-3.9716010591679565,0
2025-10-20,META,-4.48377636597516,0
2025-10-21,META,-5.34935670669263,0
2025-10-22,META,-5.738064146300318,0
2025-10-23,META,-5.80294456509176,0
2025-10-24,META,-5.556142893244082,0
2025-10-27,META,-4.695944748983774,0
2025-10-28,META,-4.023613848632261,0
2025-10-29,META,-4.15026971980772,0
2025-10-30,META,-3.537325632390759,0
2025-10-31,META,-1.6102412571122093,0
2025-11-03,META,-0.08306710283375698,0
2025-11-04,META,0.12882112319108996,0
2025-11-05,META,2.1826940117016065,1
2025-11-06,META,2.3346003932788277,1
2025-11-07,META,3.2168319508864602,1
2025-11-10,META,2.3219346959648015,1
2025-11-11,META,1.2107481995251757,1
2025-11-12,META,1.7023750579532246,1
2025-11-13,META,2.546617659871899,1
2025-11-14,META,2.7462343231614255,1
2025-11-17,META,3.411482841822404,1
2025-11-18,META,3.4434893921618115,1
2025-11-19,META,4.703828618222548,1
2025-11-20,META,4.9227210618005826,1
2025-11-21,META,5.219351747375396,1
2025-11-24,META,5.070127584658348,1
2025-11-25,META,4.110059265734931,1
2025-11-26,META,2.290203036560451,1
2025-11-28,META,2.1251464884335207,1
2025-12-01,META,1.5829104121662592,1
2025-12-02,META,1.7149572236172652,1
2025-12-03,META,0.3266797684922095,0
2025-12-04,META,1.6802369605185683,1
2025-12-05,META,-0.03686338605720647,0
2025-12-08,META,-2.425764726434145,0
2025-12-09,META,,0
2025-12-10,META,,0
2025-12-11,META,,0
2025-12-12,META,,0
2025-12-15,META,,0
2025-12-16,META,,0
2025-12-17,META,,0
2025-12-18,META,,0
2025-12-19,META,,0
2025-12-22,META,,0
2025-12-23,META,,0
2025-12-24,META,,0
2025-12-26,META,,0
2025-12-29,META,,0
2025-12-30,META,,0
2025-12-31,META,,0
2026-01-02,META,,0
2026-01-05,META,,0
2026-01-06,META,,0
2026-01-07,META,,0
2019-10-17,MSFT,,0
2019-10-18,MSFT,,0
2019-10-21,MSFT,,0
2019-10-22,MSFT,,0
2019-10-23,MSFT,,0
2019-10-24,MSFT,,0
2019-10-25,MSFT,,0
2019-10-28,MSFT,,0
2019-10-29,MSFT,,0
2019-10-30,MSFT,,0
2019-10-31,MSFT,,0
2019-11-01,MSFT,,0
2019-11-04,MSFT,,0
2019-11-05,MSFT,,0
2019-11-06,MSFT,,0
2019-11-07,MSFT,,0
2019-11-08,MSFT,,0
2019-11-11,MSFT,,0
2019-11-12,MSFT,,0
2019-11-13,MSFT,,0
2019-11-14,MSFT,6.246764436826256,1
2019-11-15,MSFT,6.376693697266677,1
2019-11-18,MSFT,4.335889657527617,1
2019-11-19,MSFT,3.7327882677640676,1
2019-11-20,MSFT,4.623569255415897,1
2019-11-21,MSFT,5.919948941326761,1
2019-11-22,MSFT,6.048804482080284,1
2019-11-25,MSFT,5.926194103561534,1
2019-11-26,MSFT,5.7426584810952415,1
2019-11-27,MSFT,5.361337737999368,1
2019-11-29,MSFT,3.831167340305997,1
2019-12-02,MSFT,4.775308017575323,1
2019-12-03,MSFT,8.213422455920783,1
2019-12-04,MSFT,6.202270196189471,1
2019-12-05,MSFT,6.098169639431916,1
2019-12-06,MSFT,4.8156090089208625,1
2019-12-09,MSFT,5.004387801929846,1
2019-12-10,MSFT,6.26311363946579,1
2019-12-11,MSFT,5.894446199915737,1
2019-12-12,MSFT,6.4636048230596534,1
2019-12-13,MSFT,4.8668255532210045,1
2019-12-16,MSFT,4.728947942552433,1
2019-12-17,MSFT,5.367758678640035,1
2019-12-18,MSFT,6.396059739318841,1
2019-12-19,MSFT,6.232640654377176,1
2019-12-20,MSFT,5.068524818887394,1
2019-12-23,MSFT,4.757998195179235,1
2019-12-24,MSFT,3.7509232001455497,1
2019-12-26,MSFT,2.2269356413915866,1
2019-12-27,MSFT,2.8692995444546483,1
2019-12-30,MSFT,3.675729144938358,1
2019-12-31,MSFT,5.630487202037883,1
2020-01-02,MSFT,4.433903539579912,1
2020-01-03,MSFT,4.632269262409416,1
2020-01-06,MSFT,6.758588153948235,1
2020-01-07,MSFT,6.524000102875581,1
2020-01-08,MSFT,8.147710518055996,1
2020-01-09,MSFT,7.4257834279481845,1
2020-01-10,MSFT,7.828785259346403,1
2020-01-13,MSFT,6.36178456919736,1
2020-01-14,MSFT,5.8701972659272865,1
2020-01-15,MSFT,5.971874145081426,1
2020-01-16,MSFT,6.083192354214905,1
2020-01-17,MSFT,5.775244459598828,1
2020-01-21,MSFT,5.646078695845343,1
2020-01-22,MSFT,4.903970937614556,1
2020-01-23,MSFT,3.260541311002146,1
2020-01-24,MSFT,0.9979219093001573,0
2020-01-27,MSFT,0.7528324475732112,0
2020-01-28,MSFT,1.8304961578769647,1
2020-01-29,MSFT,-1.2256219250369291,0
2020-01-30,MSFT,-0.9676801604373038,0
2020-01-31,MSFT,0.07142389659093402,0
2020-02-03,MSFT,-0.7608228909352278,0
2020-02-04,MSFT,-0.462465352614005,0
2020-02-05,MSFT,-1.865684559988887,0
2020-02-06,MSFT,-2.4916684631841948,0
2020-02-07,MSFT,-4.319061724905399,0
2020-02-10,MSFT,-2.604619768251059,0
2020-02-11,MSFT,-4.019626028576823,0
2020-02-12,MSFT,-4.931799947963405,0
2020-02-13,MSFT,-2.0969291379436834,0
2020-02-14,MSFT,-3.6308700216279433,0
2020-02-18,MSFT,-2.6567054373968255,0
2020-02-19,MSFT,-3.2565146825516873,0
2020-02-20,MSFT,-3.0935592193846433,0
2020-02-21,MSFT,-3.342580304956562,0
2020-02-24,MSFT,-3.097750185110462,0
2020-02-25,MSFT,-1.5384166766762457,0
2020-02-26,MSFT,-1.462788980866615,0
2020-02-27,MSFT,-0.9189535266014905,0
2020-02-28,MSFT,-0.5972397845219442,0
2020-03-02,MSFT,-0.1172518158624895,0
2020-03-03,MSFT,-0.9903493034520466,0
2020-03-04,MSFT,-0.8542948102569389,0
2020-03-05,MSFT,-1.0293216703086285,0
2020-03-06,MSFT,-0.8541276214675774,0
2020-03-09,MSFT,0.2428750017605943,0
2020-03-10,MSFT,0.9030177946307767,0
2020-03-11,MSFT,0.2906511903825817,0
2020-03-12,MSFT,0.8239547762644508,0
2020-03-13,MSFT,2.1248574613214712,1
2020-03-16,MSFT,1.2104658781093764,1
2020-03-17,MSFT,4.318578595704902,1
2020-03-18,MSFT,3.658789072052098,1
2020-03-19,MSFT,4.894997441786665,1
2020-03-20,MSFT,4.089432943577037,1
2020-03-23,MSFT,3.9828329654918244,1
2020-03-24,MSFT,4.837978125174851,1
2020-03-25,MSFT,3.1936374119495006,1
2020-03-26,MSFT,3.820646042128681,1
2020-03-27,MSFT,2.5730807489195278,1
2020-03-30,MSFT,3.0845647905003735,1
2020-03-31,MSFT,2.67131989213556,1
2020-04-01,MSFT,3.392672149816318,1
2020-04-02,MSFT,3.7429718869794653,1
2020-04-03,MSFT,3.8284632676935075,1
2020-04-06,MSFT,4.404886079723772,1
2020-04-07,MSFT,3.1965985920167284,1
2020-04-08,MSFT,3.7747762218037955,1
2020-04-09,MSFT,3.6442948779241022,1
2020-04-13,MSFT,4.003678481176252,1
2020-04-14,MSFT,3.07457869397601,1
2020-04-15,MSFT,1.1658345604104603,0
2020-04-16,MSFT,1.6849236095600588,1
2020-04-17,MSFT,1.2044085732283294,1
2020-04-20,MSFT,1.2297481816926856,1
2020-04-21,MSFT,1.7316113939471964,1
2020-04-22,MSFT,4.284790573831523,1
2020-04-23,MSFT,2.526606724687083,1
2020-04-24,MSFT,3.131578177250308,1
2020-04-27,MSFT,1.8731051538870798,1
2020-04-28,MSFT,2.063296979673264,1
2020-04-29,MSFT,3.271977236084767,1
2020-04-30,MSFT,2.033421702501562,1
2020-05-01,MSFT,1.3332737294925971,1
2020-05-04,MSFT,3.978519981231008,1
2020-05-05,MSFT,2.8123177026854145,1
2020-05-06,MSFT,1.0392809914091594,0
2020-05-07,MSFT,1.8257779872186854,1
2020-05-08,MSFT,1.849804263483013,1
2020-05-11,MSFT,1.9571537347592751,1
2020-05-12,MSFT,3.0378842955868097,1
2020-05-13,MSFT,0.9754125867120628,0
2020-05-14,MSFT,1.986043063744326,1
2020-05-15,MSFT,2.0715488481667435,1
2020-05-18,MSFT,2.426346491316731,1
2020-05-19,MSFT,2.1811564007074,1
2020-05-20,MSFT,2.9275042941993688,1
2020-05-21,MSFT,2.103498809668123,1
2020-05-22,MSFT,3.6725436839315595,1
2020-05-26,MSFT,3.931467223795473,1
2020-05-27,MSFT,3.4341348981097486,1
2020-05-28,MSFT,3.8680796333326244,1
2020-05-29,MSFT,3.0373911997444574,1
2020-06-01,MSFT,3.0568186623869016,1
2020-06-02,MSFT,4.01450472298186,1
2020-06-03,MSFT,3.818397194617747,1
2020-06-04,MSFT,4.012111895364219,1
2020-06-05,MSFT,5.352762750456759,1
2020-06-08,MSFT,4.031035373152393,1
2020-06-09,MSFT,4.545355962374754,1
2020-06-10,MSFT,4.522087551613144,1
2020-06-11,MSFT,3.2427286051826933,1
2020-06-12,MSFT,5.04077609424146,1
2020-06-15,MSFT,4.963263361319869,1
2020-06-16,MSFT,4.572092120762663,1
2020-06-17,MSFT,2.442752925112828,1
2020-06-18,MSFT,2.0305720002407,1
2020-06-19,MSFT,3.088668509897636,1
2020-06-22,MSFT,2.7359245299143455,1
2020-06-23,MSFT,2.2817582074365568,1
2020-06-24,MSFT,0.11401544521128905,0
2020-06-25,MSFT,0.6496139125565089,0
2020-06-26,MSFT,0.650740559332119,0
2020-06-29,MSFT,1.0943376470525967,0
2020-06-30,MSFT,1.0705237392539628,0
2020-07-01,MSFT,0.07638301783856047,0
2020-07-02,MSFT,0.06038987923014657,0
2020-07-06,MSFT,1.6444047173661531,1
2020-07-07,MSFT,0.41555170753827736,0
2020-07-08,MSFT,0.7633456528671482,0
2020-07-09,MSFT,0.5684154787995477,0
2020-07-10,MSFT,-0.29438344940299954,0
2020-07-13,MSFT,-0.861227699340052,0
2020-07-14,MSFT,-0.6151811890653235,0
2020-07-15,MSFT,0.13253375375359333,0
2020-07-16,MSFT,0.1043219418263881,0
2020-07-17,MSFT,0.8112096549344292,0
2020-07-20,MSFT,1.2054483697795662,1
2020-07-21,MSFT,-0.01915576706270348,0
2020-07-22,MSFT,0.2585798764305597,0
2020-07-23,MSFT,0.5725116686410284,0
2020-07-24,MSFT,2.2100497096498053,1
2020-07-27,MSFT,2.6138532151008467,1
2020-07-28,MSFT,2.6267076633442183,1
2020-07-29,MSFT,3.8601084739997393,1
2020-07-30,MSFT,4.336732066884689,1
2020-07-31,MSFT,4.787609502764705,1
2020-08-03,MSFT,3.8551294391575386,1
2020-08-04,MSFT,2.489549297685863,1
2020-08-05,MSFT,4.204830768834544,1
2020-08-06,MSFT,0.8049483504998571,0
2020-08-07,MSFT,-0.26090664669721275,0
2020-08-10,MSFT,-1.4023252836401565,0
2020-08-11,MSFT,0.49869837565620717,0
2020-08-12,MSFT,0.35500913180581567,0
2020-08-13,MSFT,-0.6788902016932908,0
2020-08-14,MSFT,-0.404597177274014,0
2020-08-17,MSFT,0.05465466816207259,0
2020-08-18,MSFT,-0.6698785056007859,0
2020-08-19,MSFT,-1.146008620386532,0
2020-08-20,MSFT,-1.3297305173910912,0
2020-08-21,MSFT,-1.7218646533700677,0
2020-08-24,MSFT,-0.7753416194622021,0
2020-08-25,MSFT,-1.7793661225752289,0
2020-08-26,MSFT,-1.7807775778772676,0
2020-08-27,MSFT,-1.7452212554384898,0
2020-08-28,MSFT,-2.2584909474433665,0
2020-08-31,MSFT,-2.8703711434426564,0
2020-09-01,MSFT,-1.9988745782860016,0
2020-09-02,MSFT,-1.926377761235288,0
2020-09-03,MSFT,-3.3161772018379505,0
2020-09-04,MSFT,-1.0432315055370653,0
2020-09-08,MSFT,-1.266333845140085,0
2020-09-09,MSFT,1.2737324155528322,1
2020-09-10,MSFT,-0.13752997912299253,0
2020-09-11,MSFT,2.0754073442106216,1
2020-09-14,MSFT,3.3170330098648915,1
2020-09-15,MSFT,3.3104283667863186,1
2020-09-16,MSFT,2.2866346251378085,1
2020-09-17,MSFT,2.8760565970177567,1
2020-09-18,MSFT,3.3620562419481117,1
2020-09-21,MSFT,2.711920943816474,1
2020-09-22,MSFT,2.3697598047404993,1
2020-09-23,MSFT,1.4775171566620695,1
2020-09-24,MSFT,3.2565568684314603,1
2020-09-25,MSFT,2.9664433440866906,1
2020-09-28,MSFT,0.4917796525633508,0
2020-09-29,MSFT,0.8084886089585178,0
2020-09-30,MSFT,-0.8368213940781528,0
2020-10-01,MSFT,-1.0204038479502215,0
2020-10-02,MSFT,-1.8241121334333568,0
2020-10-05,MSFT,-0.7548286613957466,0
2020-10-06,MSFT,-0.7571837160888985,0
2020-10-07,MSFT,1.78697378625274,1
2020-10-08,MSFT,2.169851240315057,1
2020-10-09,MSFT,2.112410094563909,1
2020-10-12,MSFT,0.41152346775096454,0
2020-10-13,MSFT,-1.628539715609334,0
2020-10-14,MSFT,-0.9406906035244624,0
2020-10-15,MSFT,-0.8154786902292054,0
2020-10-16,MSFT,-0.4737543990362468,0
2020-10-19,MSFT,-0.36460085477727694,0
2020-10-20,MSFT,0.0375136835013999,0
2020-10-21,MSFT,-0.4705770087274078,0
2020-10-22,MSFT,-0.28282698892681957,0
2020-10-23,MSFT,-0.6128819306175933,0
2020-10-26,MSFT,-0.8644682535441028,0
2020-10-27,MSFT,0.6944546638623035,0
2020-10-28,MSFT,0.18937859361966602,0
2020-10-29,MSFT,2.5382191049424936,1
2020-10-30,MSFT,1.9126357528180078,1
2020-11-02,MSFT,2.7900535814126526,1
2020-11-03,MSFT,2.65247458219008,1
2020-11-04,MSFT,1.6503660953142343,1
2020-11-05,MSFT,-0.3438939197160097,0
2020-11-06,MSFT,-2.224118482612512,0
2020-11-09,MSFT,-1.8519920773750673,0
2020-11-10,MSFT,-1.6421461897817673,0
2020-11-11,MSFT,0.02078847110366754,0
2020-11-12,MSFT,-1.0381291655244238,0
2020-11-13,MSFT,-0.25821074775062236,0
2020-11-16,MSFT,-0.6956421010970206,0
2020-11-17,MSFT,0.8591910588888635,0
2020-11-18,MSFT,1.9053307691817323,1
2020-11-19,MSFT,2.7443503625881767,1
2020-11-20,MSFT,3.4520322909122,1
2020-11-23,MSFT,4.765406139398331,1
2020-11-24,MSFT,3.6531666587993605,1
2020-11-25,MSFT,3.090118165863913,1
2020-11-27,MSFT,3.783777890816884,1
2020-11-30,MSFT,3.0275026676179095,1
2020-12-01,MSFT,2.534989909926268,1
2020-12-02,MSFT,2.0879009048747803,1
2020-12-03,MSFT,0.7128660508451786,0
2020-12-04,MSFT,1.1347218189006931,0
2020-12-07,MSFT,-0.586971318045901,0
2020-12-08,MSFT,0.9859250402087516,0
2020-12-09,MSFT,0.8861887718886915,0
2020-12-10,MSFT,1.4764191176617896,1
2020-12-11,MSFT,1.1367722954090442,0
2020-12-14,MSFT,0.7982892921739391,0
2020-12-15,MSFT,-0.29844010075169525,0
2020-12-16,MSFT,-0.3746051295955744,0
2020-12-17,MSFT,-0.7285469690061622,0
2020-12-18,MSFT,1.0678245201147574,0
2020-12-21,MSFT,1.3885357077267448,1
2020-12-22,MSFT,0.7447649546354925,0
2020-12-23,MSFT,1.2009358857991217,1
2020-12-24,MSFT,2.460332730830808,1
2020-12-28,MSFT,2.2039616043272554,1
2020-12-29,MSFT,2.838390669777852,1
2020-12-30,MSFT,1.478886580610736,1
2020-12-31,MSFT,3.1867476606335914,1
2021-01-04,MSFT,3.02271863834265,1
2021-01-05,MSFT,4.689576616630607,1
2021-01-06,MSFT,4.450614707642724,1
2021-01-07,MSFT,6.095533939058176,1
2021-01-08,MSFT,5.085262429571185,1
2021-01-11,MSFT,5.050613866645933,1
2021-01-12,MSFT,5.411301789879234,1
2021-01-13,MSFT,6.544466573630934,1
2021-01-14,MSFT,6.30502519759623,1
2021-01-15,MSFT,7.09548476263809,1
2021-01-19,MSFT,7.474892413153511,1
2021-01-20,MSFT,6.501492845045867,1
2021-01-21,MSFT,4.364069976033105,1
2021-01-22,MSFT,2.2952963603664727,1
2021-01-25,MSFT,1.7804470365624587,1
2021-01-26,MSFT,1.275591621101166,1
2021-01-27,MSFT,-0.6156916461519913,0
2021-01-28,MSFT,0.0032323299393417107,0
2021-01-29,MSFT,-0.30857595149974315,0
2021-02-01,MSFT,0.583423753284892,0
2021-02-02,MSFT,-2.921872657711852,0
2021-02-03,MSFT,-3.10410459867272,0
2021-02-04,MSFT,-2.596619639209528,0
2021-02-05,MSFT,-3.2929638231696137,0
2021-02-08,MSFT,-1.6343869690599093,0
2021-02-09,MSFT,-1.975862441620102,0
2021-02-10,MSFT,-1.1971414154949123,0
2021-02-11,MSFT,-1.286741592615464,0
2021-02-12,MSFT,-1.8105641727348603,0
2021-02-16,MSFT,-1.3015270228496671,0
2021-02-17,MSFT,-1.188319005015725,0
2021-02-18,MSFT,-2.517609988459151,0
2021-02-19,MSFT,-2.5142423141025314,0
2021-02-22,MSFT,-0.8827487939003719,0
2021-02-23,MSFT,0.5815966664308672,0
2021-02-24,MSFT,0.4158311565662644,0
2021-02-25,MSFT,-0.41597887350959484,0
2021-02-26,MSFT,1.4526124318908922,1
2021-03-01,MSFT,0.5594077265960181,0
2021-03-02,MSFT,-1.0101243466414975,0
2021-03-03,MSFT,0.37180951890539793,0
2021-03-04,MSFT,2.9417336709260526,1
2021-03-05,MSFT,4.193426711694729,1
2021-03-08,MSFT,3.0893821559376002,1
2021-03-09,MSFT,4.495666271518704,1
2021-03-10,MSFT,4.0016568142396425,1
2021-03-11,MSFT,4.838623773209459,1
2021-03-12,MSFT,3.9462183494633045,1
2021-03-15,MSFT,4.802058103030322,1
2021-03-16,MSFT,4.333886195048055,1
2021-03-17,MSFT,4.454091339571262,1
2021-03-18,MSFT,4.867840183793006,1
2021-03-19,MSFT,6.5349815690357484,1
2021-03-22,MSFT,6.517281824685843,1
2021-03-23,MSFT,5.952330579911351,1
2021-03-24,MSFT,4.549414753136134,1
2021-03-25,MSFT,5.994654207154995,1
2021-03-26,MSFT,7.216582384369577,1
2021-03-29,MSFT,6.385576757600693,1
2021-03-30,MSFT,4.25368851939499,1
2021-03-31,MSFT,4.718997964774427,1
2021-04-01,MSFT,3.795696388118607,1
2021-04-05,MSFT,2.3834968959508753,1
2021-04-06,MSFT,-0.34379233847428986,0
2021-04-07,MSFT,-0.37489614990228726,0
2021-04-08,MSFT,-0.04444283120217296,0
2021-04-09,MSFT,-0.20638604314487136,0
2021-04-12,MSFT,-2.162249659839835,0
2021-04-13,MSFT,-2.418235710806584,0
2021-04-14,MSFT,-4.497989762474939,0
2021-04-15,MSFT,-2.765029810670348,0
2021-04-16,MSFT,-2.383018509694211,0
2021-04-19,MSFT,-3.2635601433186943,0
2021-04-20,MSFT,-3.3075723447550023,0
2021-04-21,MSFT,-3.0679504776525417,0
2021-04-22,MSFT,-2.770584490091171,0
2021-04-23,MSFT,-2.3938335997382585,0
2021-04-26,MSFT,-1.9409054165270472,0
2021-04-27,MSFT,-1.8245927307217855,0
2021-04-28,MSFT,-1.9545820555561289,0
2021-04-29,MSFT,-1.023733784591869,0
2021-04-30,MSFT,-0.4985540957834875,0
2021-05-03,MSFT,-0.9269320158000338,0
2021-05-04,MSFT,-0.8792809245943776,0
2021-05-05,MSFT,-0.3472196924366849,0
2021-05-06,MSFT,1.0616845141860694,0
2021-05-07,MSFT,1.0020609466083927,0
2021-05-10,MSFT,0.1499417251453825,0
2021-05-11,MSFT,1.628874562120092,1
2021-05-12,MSFT,2.6387987717699204,1
2021-05-13,MSFT,5.400483875307739,1
2021-05-14,MSFT,4.944171547568655,1
2021-05-17,MSFT,3.2276521660452944,1
2021-05-18,MSFT,4.02408691462788,1
2021-05-19,MSFT,5.811720510888347,1
2021-05-20,MSFT,5.055971809273564,1
2021-05-21,MSFT,4.980446111324837,1
2021-05-24,MSFT,6.2887115677417125,1
2021-05-25,MSFT,4.941368254642649,1
2021-05-26,MSFT,5.071883784502673,1
2021-05-27,MSFT,4.500380488916018,1
2021-05-28,MSFT,6.481795171990755,1
2021-06-01,MSFT,7.135818160722684,1
2021-06-02,MSFT,8.140550945991874,1
2021-06-03,MSFT,8.467339343890009,1
2021-06-04,MSFT,10.489586649042037,1
2021-06-07,MSFT,9.363507163427746,1
2021-06-08,MSFT,9.149858473507372,1
2021-06-09,MSFT,8.465456513240243,1
2021-06-10,MSFT,8.252236960485586,1
2021-06-11,MSFT,6.934060012180807,1
2021-06-14,MSFT,7.673309213017814,1
2021-06-15,MSFT,7.4987953995473,1
2021-06-16,MSFT,7.590861374842056,1
2021-06-17,MSFT,7.947336118587274,1
2021-06-18,MSFT,5.1434565757247,1
2021-06-21,MSFT,6.450168069996769,1
2021-06-22,MSFT,6.1568481256803125,1
2021-06-23,MSFT,6.410820573565047,1
2021-06-24,MSFT,7.4264745218428105,1
2021-06-25,MSFT,6.719805347753662,1
2021-06-28,MSFT,6.409578333054851,1
2021-06-29,MSFT,5.3232315032093585,1
2021-06-30,MSFT,4.637688696803196,1
2021-07-01,MSFT,4.256380004258842,1
2021-07-02,MSFT,4.003216429928642,1
2021-07-06,MSFT,3.21445267424566,1
2021-07-07,MSFT,2.9936776983267284,1
2021-07-08,MSFT,3.1691518954681,1
2021-07-09,MSFT,4.184279433850137,1
2021-07-12,MSFT,3.564156808179418,1
2021-07-13,MSFT,3.076343524011012,1
2021-07-14,MSFT,2.1196637645072456,1
2021-07-15,MSFT,2.5071534763459864,1
2021-07-16,MSFT,3.996143845643668,1
2021-07-19,MSFT,4.6612748754170905,1
2021-07-20,MSFT,5.952925628569515,1
2021-07-21,MSFT,4.351897004690857,1
2021-07-22,MSFT,5.033820441893189,1
2021-07-23,MSFT,5.2501903518641,1
2021-07-26,MSFT,4.433607238673246,1
2021-07-27,MSFT,3.9724397789443056,1
2021-07-28,MSFT,4.6801128333004876,1
2021-07-29,MSFT,3.781264145507388,1
2021-07-30,MSFT,3.8758073148698737,1
2021-08-02,MSFT,5.336559193354837,1
2021-08-03,MSFT,4.813094881379046,1
2021-08-04,MSFT,4.180161584541132,1
2021-08-05,MSFT,4.168377892293829,1
2021-08-06,MSFT,3.3847479566908385,1
2021-08-09,MSFT,3.120175355611074,1
2021-08-10,MSFT,3.4783085972441774,1
2021-08-11,MSFT,3.1417969005273845,1
2021-08-12,MSFT,2.545335940304822,1
2021-08-13,MSFT,2.13814330913689,1
2021-08-16,MSFT,2.0637923264199327,1
2021-08-17,MSFT,2.7697914222491797,1
2021-08-18,MSFT,3.310983695245414,1
2021-08-19,MSFT,2.2317948731739903,1
2021-08-20,MSFT,-0.6066237570876826,0
2021-08-23,MSFT,-2.795559850825339,0
2021-08-24,MSFT,-1.6599017107166458,0
2021-08-25,MSFT,-0.8431720229576898,0
2021-08-26,MSFT,-0.7344653005149929,0
2021-08-27,MSFT,-1.3005017011713518,0
2021-08-30,MSFT,-3.384537883114672,0
2021-08-31,MSFT,-4.221150752990909,0
2021-09-01,MSFT,-4.320411212609689,0
2021-09-02,MSFT,-2.417238178795273,0
2021-09-03,MSFT,-3.313571437299725,0
2021-09-07,MSFT,-2.1249985648426626,0
2021-09-08,MSFT,-1.1715144453580406,0
2021-09-09,MSFT,-0.8811754592190374,0
2021-09-10,MSFT,-0.4001288751317706,0
2021-09-13,MSFT,-0.2481932069325529,0
2021-09-14,MSFT,-0.6897390230885867,0
2021-09-15,MSFT,-0.5748323832054287,0
2021-09-16,MSFT,-0.3289099172099051,0
2021-09-17,MSFT,-0.15962764433684948,0
2021-09-20,MSFT,1.2067367320179716,1
2021-09-21,MSFT,2.3916407151477626,1
2021-09-22,MSFT,2.1604079387881097,1
2021-09-23,MSFT,2.0713375814948716,1
2021-09-24,MSFT,1.6256592528378546,1
2021-09-27,MSFT,1.486660255197952,1
2021-09-28,MSFT,2.833121781772432,1
2021-09-29,MSFT,7.351300984677924,1
2021-09-30,MSFT,7.475540958011803,1
2021-10-01,MSFT,9.10833980207444,1
2021-10-04,MSFT,7.461484464728237,1
2021-10-05,MSFT,10.525071494725903,1
2021-10-06,MSFT,9.651447110285009,1
2021-10-07,MSFT,9.262839586815508,1
2021-10-08,MSFT,8.692919628079121,1
2021-10-11,MSFT,8.923485288338359,1
2021-10-12,MSFT,8.82730516069648,1
2021-10-13,MSFT,7.606749392100916,1
2021-10-14,MSFT,7.230449708302473,1
2021-10-15,MSFT,6.936999611751183,1
2021-10-18,MSFT,6.441369120979765,1
2021-10-19,MSFT,6.447097792432554,1
2021-10-20,MSFT,6.278060706138056,1
2021-10-21,MSFT,6.926287019829371,1
2021-10-22,MSFT,6.613207823524553,1
2021-10-25,MSFT,6.197932316153909,1
2021-10-26,MSFT,5.944225649351892,1
2021-10-27,MSFT,5.571246153896646,1
2021-10-28,MSFT,1.6136446470128698,1
2021-10-29,MSFT,2.6614893754820845,1
2021-11-01,MSFT,-0.08925316455370345,0
2021-11-02,MSFT,0.27960814107606574,0
2021-11-03,MSFT,-0.6619727193555507,0
2021-11-04,MSFT,-2.1250435856713636,0
2021-11-05,MSFT,-1.9367606408569367,0
2021-11-08,MSFT,-0.09216096124121835,0
2021-11-09,MSFT,-0.24585867835697003,0
2021-11-10,MSFT,-0.39197430508832787,0
2021-11-11,MSFT,2.0098390476069956,1
2021-11-12,MSFT,1.2203911360714335,1
2021-11-15,MSFT,-1.1354605191794704,0
2021-11-16,MSFT,-0.11251917060278672,0
2021-11-17,MSFT,-1.8533179162784037,0
2021-11-18,MSFT,-2.033264370826593,0
2021-11-19,MSFT,-2.8407011390151107,0
2021-11-22,MSFT,-1.9792631015562014,0
2021-11-23,MSFT,-0.8067546147350859,0
2021-11-24,MSFT,-0.36433623088565836,0
2021-11-26,MSFT,0.5269583362097445,0
2021-11-29,MSFT,1.425967105779763,1
2021-11-30,MSFT,0.6678093282141784,0
2021-12-01,MSFT,1.1364154463851337,0
2021-12-02,MSFT,0.8103519690940957,0
2021-12-03,MSFT,0.6839867183614455,0
2021-12-06,MSFT,0.8013732281059036,0
2021-12-07,MSFT,-1.1971117563019493,0
2021-12-08,MSFT,-2.690610664394777,0
2021-12-09,MSFT,-2.6751786415059766,0
2021-12-10,MSFT,-2.4115782774348906,0
2021-12-13,MSFT,-3.754438718625779,0
2021-12-14,MSFT,-2.837284703526938,0
2021-12-15,MSFT,-3.102410978044168,0
2021-12-16,MSFT,-3.1795358863714274,0
2021-12-17,MSFT,-3.027642306703674,0
2021-12-20,MSFT,-2.780462278532195,0
2021-12-21,MSFT,-2.5245911601840634,0
2021-12-22,MSFT,-4.478673092953197,0
2021-12-23,MSFT,-5.465577391844209,0
2021-12-27,MSFT,-6.735808571467858,0
2021-12-28,MSFT,-6.313254885044141,0
2021-12-29,MSFT,-5.566061407273629,0
2021-12-30,MSFT,-4.126314057362498,0
2021-12-31,MSFT,-3.4300705467716184,0
2022-01-03,MSFT,-3.365631070056425,0
2022-01-04,MSFT,-2.527665120718912,0
2022-01-05,MSFT,-3.1695782208992545,0
2022-01-06,MSFT,-1.2793552507424186,0
2022-01-07,MSFT,-1.5861242429596925,0
2022-01-10,MSFT,-1.1429270259658406,0
2022-01-11,MSFT,-0.35409706926243906,0
2022-01-12,MSFT,-1.417856077994435,0
2022-01-13,MSFT,-2.5912330225804965,0
2022-01-14,MSFT,-1.2253318187649098,0
2022-01-18,MSFT,-1.1926104772070185,0
2022-01-19,MSFT,-0.32562929943819696,0
2022-01-20,MSFT,-1.488359791763685,0
2022-01-21,MSFT,-1.6299546932964555,0
2022-01-24,MSFT,-0.9881305184547396,0
2022-01-25,MSFT,-1.9445412990395763,0
2022-01-26,MSFT,0.7543607071688038,0
2022-01-27,MSFT,0.13858552924532,0
2022-01-28,MSFT,-0.04912845718853694,0
2022-01-31,MSFT,-1.4856534872779081,0
2022-02-01,MSFT,-1.157443419318665,0
2022-02-02,MSFT,-1.3972701481484338,0
2022-02-03,MSFT,-2.634947700446019,0
2022-02-04,MSFT,-2.604548231268073,0
2022-02-07,MSFT,-3.5891910708735333,0
2022-02-08,MSFT,-1.2786657440679212,0
2022-02-09,MSFT,-1.9937125425773738,0
2022-02-10,MSFT,-3.3733390848450244,0
2022-02-11,MSFT,-2.9309464353186745,0
2022-02-14,MSFT,-0.7931335169579524,0
2022-02-15,MSFT,-0.00013504557064077303,0
2022-02-16,MSFT,-0.48635203582971365,0
2022-02-17,MSFT,0.09562384770189825,0
2022-02-18,MSFT,0.9166672767176975,0
2022-02-22,MSFT,1.7427355526307593,1
2022-02-23,MSFT,1.265362291522315,1
2022-02-24,MSFT,2.6572180558274043,1
2022-02-25,MSFT,1.1097660703652181,0
2022-02-28,MSFT,1.57333374559653,1
2022-03-01,MSFT,1.9168758530345538,1
2022-03-02,MSFT,2.2234410588539792,1
2022-03-03,MSFT,0.9466362910333053,0
2022-03-04,MSFT,1.6047516535011535,1
2022-03-07,MSFT,3.048890707204842,1
2022-03-08,MSFT,4.40318764806744,1
2022-03-09,MSFT,3.0252324173235303,1
2022-03-10,MSFT,1.8012966967864767,1
2022-03-11,MSFT,1.597115311130161,1
2022-03-14,MSFT,0.6882294696038833,0
2022-03-15,MSFT,0.7565234074662472,0
2022-03-16,MSFT,0.06587721341901732,0
2022-03-17,MSFT,-2.0414514414539933,0
2022-03-18,MSFT,-2.0561667347683112,0
2022-03-21,MSFT,-2.0837067130198603,0
2022-03-22,MSFT,-1.7593526217991278,0
2022-03-23,MSFT,-3.221287163059403,0
2022-03-24,MSFT,-3.5243178964703517,0
2022-03-25,MSFT,-3.085591390262837,0
2022-03-28,MSFT,-4.209510276808526,0
2022-03-29,MSFT,-3.0242727827370546,0
2022-03-30,MSFT,-2.74199353107881,0
2022-03-31,MSFT,-3.7241980443922142,0
2022-04-01,MSFT,-2.369518146746033,0
2022-04-04,MSFT,-2.758341228313669,0
2022-04-05,MSFT,-2.3831963845329738,0
2022-04-06,MSFT,-3.1224317061466476,0
2022-04-07,MSFT,-2.4462025166514114,0
2022-04-08,MSFT,-3.5748631387422614,0
2022-04-11,MSFT,-2.6237594420968895,0
2022-04-12,MSFT,-2.482801434455063,0
2022-04-13,MSFT,-2.708466321160033,0
2022-04-14,MSFT,-2.6193020833573066,0
2022-04-18,MSFT,-1.8676434471620058,0
2022-04-19,MSFT,-1.357982059587752,0
2022-04-20,MSFT,-2.950783918471361,0
2022-04-21,MSFT,-3.1511694460855244,0
2022-04-22,MSFT,-2.716738487288649,0
2022-04-25,MSFT,-1.2214590913938974,0
2022-04-26,MSFT,-1.9819757291406344,0
2022-04-27,MSFT,-0.7187764958165926,0
2022-04-28,MSFT,-1.7719506042330329,0
2022-04-29,MSFT,-1.6145704412022641,0
2022-05-02,MSFT,-0.5618789586213644,0
2022-05-03,MSFT,-1.2981797257021992,0
2022-05-04,MSFT,-0.745862243793459,0
2022-05-05,MSFT,-2.259111389990076,0
2022-05-06,MSFT,-1.0463552324027776,0
2022-05-09,MSFT,-0.2072522523593428,0
2022-05-10,MSFT,0.9329453224698542,0
2022-05-11,MSFT,-0.5874060861167372,0
2022-05-12,MSFT,-0.9844563933863795,0
2022-05-13,MSFT,-1.695401434955213,0
2022-05-16,MSFT,-2.193470934841156,0
2022-05-17,MSFT,-1.1722143815957835,0
2022-05-18,MSFT,-2.724775196105089,0
2022-05-19,MSFT,-0.9196887090177385,0
2022-05-20,MSFT,0.08218469010120401,0
2022-05-23,MSFT,0.0782523494188203,0
2022-05-24,MSFT,-0.24570285157647045,0
2022-05-25,MSFT,1.0329941789255974,0
2022-05-26,MSFT,0.3024853726827604,0
2022-05-27,MSFT,-1.167510320714943,0
2022-05-31,MSFT,-1.6188451570628692,0
2022-06-01,MSFT,-1.8829996981617003,0
2022-06-02,MSFT,-1.5859276743925792,0
2022-06-03,MSFT,-1.4264292380910422,0
2022-06-06,MSFT,-0.46510703841013534,0
2022-06-07,MSFT,-0.04254520714309222,0
2022-06-08,MSFT,-0.5905908024623632,0
2022-06-09,MSFT,-0.7244893120873775,0
2022-06-10,MSFT,-1.3328386945661872,0
2022-06-13,MSFT,-0.03634558701450501,0
2022-06-14,MSFT,1.8110223038941407,1
2022-06-15,MSFT,1.853598642218155,1
2022-06-16,MSFT,0.3902455512497157,0
2022-06-17,MSFT,2.368766389453324,1
2022-06-21,MSFT,2.354273558338298,1
2022-06-22,MSFT,1.8152689943106568,1
2022-06-23,MSFT,1.163736090893161,0
2022-06-24,MSFT,-0.004945988959293233,0
2022-06-27,MSFT,-2.7247570419094784,0
2022-06-28,MSFT,0.48929293766473975,0
2022-06-29,MSFT,2.60469469567359,1
2022-06-30,MSFT,2.6335498839351676,1
2022-07-01,MSFT,2.770676498235501,1
2022-07-05,MSFT,1.9775201120195636,1
2022-07-06,MSFT,2.4315294730610058,1
2022-07-07,MSFT,2.152877657872196,1
2022-07-08,MSFT,1.7863539825815204,1
2022-07-11,MSFT,1.5595755073754964,1
2022-07-12,MSFT,2.2177714075643054,1
2022-07-13,MSFT,4.932243737603193,1
2022-07-14,MSFT,4.768294011849586,1
2022-07-15,MSFT,5.165212851639401,1
2022-07-18,MSFT,4.9829314522081,1
2022-07-19,MSFT,5.304463956075234,1
2022-07-20,MSFT,4.467231618073918,1
2022-07-21,MSFT,3.9042645141220516,1
2022-07-22,MSFT,2.9516958068093166,1
2022-07-25,MSFT,2.382477708901954,1
2022-07-26,MSFT,2.426765558467376,1
2022-07-27,MSFT,3.4965819150862494,1
2022-07-28,MSFT,2.0111876796553885,1
2022-07-29,MSFT,-1.346507196195766,0
2022-08-01,MSFT,-2.6507522353886688,0
2022-08-02,MSFT,-2.5961737471855932,0
2022-08-03,MSFT,-2.331183633805812,0
2022-08-04,MSFT,-4.315499641383732,0
2022-08-05,MSFT,-5.39812865608647,0
2022-08-08,MSFT,-5.828824787366166,0
2022-08-09,MSFT,-4.058466199592406,0
2022-08-10,MSFT,-4.373046095841904,0
2022-08-11,MSFT,-4.475115493904362,0
2022-08-12,MSFT,-3.61606445799115,0
2022-08-15,MSFT,-6.0207466793800055,0
2022-08-16,MSFT,-6.246570297951707,0
2022-08-17,MSFT,-7.092351701092882,0
2022-08-18,MSFT,-7.091057728695764,0
2022-08-19,MSFT,-6.948860301194991,0
2022-08-22,MSFT,-6.74464668144365,0
2022-08-23,MSFT,-6.332219543675676,0
2022-08-24,MSFT,-5.6769989183219876,0
2022-08-25,MSFT,-6.1007015868309455,0
2022-08-26,MSFT,-6.796687555447744,0
2022-08-29,MSFT,-5.818805473405035,0
2022-08-30,MSFT,-4.195515642590743,0
2022-08-31,MSFT,-4.4415502541026175,0
2022-09-01,MSFT,-4.9604309822561925,0
2022-09-02,MSFT,-3.0357558596975576,0
2022-09-06,MSFT,-1.0296079933026248,0
2022-09-07,MSFT,-0.5867863494537587,0
2022-09-08,MSFT,-1.6633741620629119,0
2022-09-09,MSFT,-3.2334537133404093,0
2022-09-12,MSFT,-4.812936816975543,0
2022-09-13,MSFT,-5.703772194075129,0
2022-09-14,MSFT,-4.295357217863726,0
2022-09-15,MSFT,-2.6112410846511054,0
2022-09-16,MSFT,-2.5256057502183076,0
2022-09-19,MSFT,-0.976954952620495,0
2022-09-20,MSFT,-0.8133261468712808,0
2022-09-21,MSFT,-0.8134593748894174,0
2022-09-22,MSFT,-0.3879655495503429,0
2022-09-23,MSFT,0.1513899590926738,0
2022-09-26,MSFT,1.222558982707182,1
2022-09-27,MSFT,1.7121135231955071,1
2022-09-28,MSFT,-0.5488497928991573,0
2022-09-29,MSFT,-1.550242012882137,0
2022-09-30,MSFT,-0.1674010117341667,0
2022-10-03,MSFT,-0.08075526699544261,0
2022-10-04,MSFT,-1.3408338147952261,0
2022-10-05,MSFT,-3.106042203293605,0
2022-10-06,MSFT,-3.7819747095109744,0
2022-10-07,MSFT,-2.6126132213802764,0
2022-10-10,MSFT,-0.6874101619797175,0
2022-10-11,MSFT,-0.04182558765739999,0
2022-10-12,MSFT,-0.10064546715191201,0
2022-10-13,MSFT,1.603280472058101,1
2022-10-14,MSFT,1.1898499574927697,1
2022-10-17,MSFT,1.2321950468065797,1
2022-10-18,MSFT,0.42550121275085767,0
2022-10-19,MSFT,0.3738023013439784,0
2022-10-20,MSFT,0.5656696981573011,0
2022-10-21,MSFT,0.5539187747994095,0
2022-10-24,MSFT,0.05895144798029209,0
2022-10-25,MSFT,-0.1458694941109262,0
2022-10-26,MSFT,-0.22494330895630815,0
2022-10-27,MSFT,2.0168160923771725,1
2022-10-28,MSFT,1.9055356599273459,1
2022-10-31,MSFT,0.644758521388875,0
2022-11-01,MSFT,2.629779360713334,1
2022-11-02,MSFT,3.0915012147421854,1
2022-11-03,MSFT,4.3754200106126095,1
2022-11-04,MSFT,4.688387452275826,1
2022-11-07,MSFT,3.104761788007351,1
2022-11-08,MSFT,2.2053401193060926,1
2022-11-09,MSFT,2.4389251180605345,1
2022-11-10,MSFT,2.8227376108827396,1
2022-11-11,MSFT,1.6698594862333487,1
2022-11-14,MSFT,1.6867758733270666,1
2022-11-15,MSFT,2.7835193024013094,1
2022-11-16,MSFT,1.2238031871527772,1
2022-11-17,MSFT,0.4625772322614578,0
2022-11-18,MSFT,-0.1902169369816614,0
2022-11-21,MSFT,0.08937745983000889,0
2022-11-22,MSFT,0.3619300020834924,0
2022-11-23,MSFT,-1.0181036758944557,0
2022-11-25,MSFT,-1.3184717180157641,0
2022-11-28,MSFT,-1.5722924551170248,0
2022-11-29,MSFT,-1.1237371575093178,0
2022-11-30,MSFT,0.10015768840206568,0
2022-12-01,MSFT,-2.859252318071936,0
2022-12-02,MSFT,-2.8233604529056278,0
2022-12-05,MSFT,-4.333081271535128,0
2022-12-06,MSFT,-4.639703017660425,0
2022-12-07,MSFT,-3.3677152877512904,0
2022-12-08,MSFT,-2.8337881028533913,0
2022-12-09,MSFT,-3.0427760837559963,0
2022-12-12,MSFT,-1.467978176802041,0
2022-12-13,MSFT,-2.1864439524214716,0
2022-12-14,MSFT,-2.803577635253288,0
2022-12-15,MSFT,-2.6580496884298452,0
2022-12-16,MSFT,-2.227538676003341,0
2022-12-19,MSFT,-2.1945540541388158,0
2022-12-20,MSFT,-0.03646834848150741,0
2022-12-21,MSFT,0.12222947075439454,0
2022-12-22,MSFT,-0.37567420049752465,0
2022-12-23,MSFT,0.40317549399611374,0
2022-12-27,MSFT,1.437154065122204,1
2022-12-28,MSFT,1.7517847318158295,1
2022-12-29,MSFT,1.266435317443394,1
2022-12-30,MSFT,1.046163593751453,0
2023-01-03,MSFT,1.9421827829311622,1
2023-01-04,MSFT,3.338970003506377,1
2023-01-05,MSFT,4.414310986433865,1
2023-01-06,MSFT,5.702441243673932,1
2023-01-09,MSFT,6.397697006173582,1
2023-01-10,MSFT,5.884346661192265,1
2023-01-11,MSFT,5.071969373880585,1
2023-01-12,MSFT,4.049337448308232,1
2023-01-13,MSFT,4.598295450056171,1
2023-01-17,MSFT,4.60253318151212,1
2023-01-18,MSFT,4.106150112222254,1
2023-01-19,MSFT,3.7363463001160104,1
2023-01-20,MSFT,3.7734519062555347,1
2023-01-23,MSFT,1.8662565774970639,1
2023-01-24,MSFT,1.3611262913892896,1
2023-01-25,MSFT,1.8834889171375426,1
2023-01-26,MSFT,1.284066030106488,1
2023-01-27,MSFT,0.3983542846979298,0
2023-01-30,MSFT,0.2695745686914864,0
2023-01-31,MSFT,0.6198408311151141,0
2023-02-01,MSFT,0.5731479765234521,0
2023-02-02,MSFT,0.4584895255935965,0
2023-02-03,MSFT,-1.1465695750936191,0
2023-02-06,MSFT,-0.607444430732092,0
2023-02-07,MSFT,-0.41769147976120186,0
2023-02-08,MSFT,-2.9516992090587437,0
2023-02-09,MSFT,-3.5113538198028724,0
2023-02-10,MSFT,-1.7159666040402504,0
2023-02-13,MSFT,-0.28752759035103437,0
2023-02-14,MSFT,-0.940562917808563,0
2023-02-15,MSFT,0.724607044168428,0
2023-02-16,MSFT,1.550073995844854,1
2023-02-17,MSFT,1.593184375843698,1
2023-02-21,MSFT,2.5603610309622273,1
2023-02-22,MSFT,3.384282006847365,1
2023-02-23,MSFT,4.413258337034682,1
2023-02-24,MSFT,4.316769909064067,1
2023-02-27,MSFT,4.76684411403462,1
2023-02-28,MSFT,4.369506972487793,1
2023-03-01,MSFT,5.311765635486954,1
2023-03-02,MSFT,6.6447870060650605,1
2023-03-03,MSFT,6.489796132638727,1
2023-03-06,MSFT,5.5458117141985905,1
2023-03-07,MSFT,5.231545769377791,1
2023-03-08,MSFT,5.275953369184078,1
2023-03-09,MSFT,6.3569802881269055,1
2023-03-10,MSFT,6.226667698842162,1
2023-03-13,MSFT,5.658035064832057,1
2023-03-14,MSFT,4.926084373716017,1
2023-03-15,MSFT,4.797017839419302,1
2023-03-16,MSFT,3.375778454878862,1
2023-03-17,MSFT,2.290355215974102,1
2023-03-20,MSFT,1.6330701339408336,1
2023-03-21,MSFT,3.327914535940755,1
2023-03-22,MSFT,2.496778873545243,1
2023-03-23,MSFT,2.754913657955757,1
2023-03-24,MSFT,0.8484276392169461,0
2023-03-27,MSFT,-1.0116716278367313,0
2023-03-28,MSFT,2.4654473800731025,1
2023-03-29,MSFT,3.6415157926708073,1
2023-03-30,MSFT,3.2831669915875596,1
2023-03-31,MSFT,2.628923699742432,1
2023-04-03,MSFT,2.0912521345116426,1
2023-04-04,MSFT,2.1066012311128266,1
2023-04-05,MSFT,2.2342466466391837,1
2023-04-06,MSFT,3.21293887177687,1
2023-04-10,MSFT,2.109174332716777,1
2023-04-11,MSFT,2.1981063882711207,1
2023-04-12,MSFT,3.814799950921353,1
2023-04-13,MSFT,3.424621408002155,1
2023-04-14,MSFT,2.4848581603336846,1
2023-04-17,MSFT,3.099770178835325,1
2023-04-18,MSFT,3.0277640226697855,1
2023-04-19,MSFT,3.459132131136814,1
2023-04-20,MSFT,3.9928397505066955,1
2023-04-21,MSFT,4.33344122765948,1
2023-04-24,MSFT,4.746119810279239,1
2023-04-25,MSFT,4.5031243073543035,1
2023-04-26,MSFT,5.496102985774308,1
2023-04-27,MSFT,5.697126692668578,1
2023-04-28,MSFT,5.46861028731501,1
2023-05-01,MSFT,4.631806465848058,1
2023-05-02,MSFT,4.407628657281493,1
2023-05-03,MSFT,5.142810399041128,1
2023-05-04,MSFT,5.873876680136709,1
2023-05-05,MSFT,5.766261754904361,1
2023-05-08,MSFT,4.394279730589287,1
2023-05-09,MSFT,2.5156357026644907,1
2023-05-10,MSFT,3.1099279900383614,1
2023-05-11,MSFT,2.526640802072694,1
2023-05-12,MSFT,3.6922391202561817,1
2023-05-15,MSFT,4.293864639030556,1
2023-05-16,MSFT,4.6803570977953175,1
2023-05-17,MSFT,5.499381073372284,1
2023-05-18,MSFT,4.041394133072605,1
2023-05-19,MSFT,2.7473265617630274,1
2023-05-22,MSFT,2.108835340560799,1
2023-05-23,MSFT,2.4868083929341864,1
2023-05-24,MSFT,2.7377503570376764,1
2023-05-25,MSFT,1.9936126870638617,1
2023-05-26,MSFT,1.2482268197601634,1
2023-05-30,MSFT,0.4398765630187688,0
2023-05-31,MSFT,0.574187397771164,0
2023-06-01,MSFT,1.7838192808312723,1
2023-06-02,MSFT,0.7968036944295461,0
2023-06-05,MSFT,0.40591403285701616,0
2023-06-06,MSFT,0.7763761835277146,0
2023-06-07,MSFT,0.5148604878960528,0
2023-06-08,MSFT,1.369944393243487,1
2023-06-09,MSFT,1.1674714917300875,0
2023-06-12,MSFT,1.638847887306716,1
2023-06-13,MSFT,1.6713365130727182,1
2023-06-14,MSFT,1.6800717840653183,1
2023-06-15,MSFT,1.289759328240193,1
2023-06-16,MSFT,1.5939185002298049,1
2023-06-20,MSFT,1.8384115743766527,1
2023-06-21,MSFT,1.2384936344694153,1
2023-06-22,MSFT,1.4661514759297596,1
2023-06-23,MSFT,0.790769474406308,0
2023-06-26,MSFT,2.333555802233282,1
2023-06-27,MSFT,1.231356611632195,1
2023-06-28,MSFT,-0.5111173926483128,0
2023-06-29,MSFT,0.31656930313295184,0
2023-06-30,MSFT,0.10939987690040912,0
2023-07-03,MSFT,-0.5348649878386024,0
2023-07-05,MSFT,-1.295838679146931,0
2023-07-06,MSFT,-1.4211806524265151,0
2023-07-07,MSFT,-1.6695774570276107,0
2023-07-10,MSFT,-0.8845737987056991,0
2023-07-11,MSFT,-0.7349538948442808,0
2023-07-12,MSFT,-1.2982578838285295,0
2023-07-13,MSFT,-1.8274146794262345,0
2023-07-14,MSFT,-2.8337066802506974,0
2023-07-17,MSFT,-2.7416577032014113,0
2023-07-18,MSFT,-3.097309860885217,0
2023-07-19,MSFT,-5.883598420407632,0
2023-07-20,MSFT,-5.827500732781504,0
2023-07-21,MSFT,-4.870426060401008,0
2023-07-24,MSFT,-3.298130835809444,0
2023-07-25,MSFT,-3.416337957114788,0
2023-07-26,MSFT,-3.612315772094609,0
2023-07-27,MSFT,-3.0972763045381684,0
2023-07-28,MSFT,-1.3369989763576118,0
2023-07-31,MSFT,-2.916853290010904,0
2023-08-01,MSFT,-1.3552501738746183,0
2023-08-02,MSFT,-1.361516512465989,0
2023-08-03,MSFT,0.22361920015205194,0
2023-08-04,MSFT,0.6321864903158341,0
2023-08-07,MSFT,1.435482997241149,1
2023-08-08,MSFT,0.7743247233926831,0
2023-08-09,MSFT,1.046111359912343,0
2023-08-10,MSFT,2.9445911296616836,1
2023-08-11,MSFT,3.539269483519278,1
2023-08-14,MSFT,2.4132025052383557,1
2023-08-15,MSFT,2.6159125253582642,1
2023-08-16,MSFT,3.640633945093129,1
2023-08-17,MSFT,1.815390629763441,1
2023-08-18,MSFT,2.317776368908701,1
2023-08-21,MSFT,2.3188027256674077,1
2023-08-22,MSFT,-0.20039779876857505,0
2023-08-23,MSFT,-0.5288519704007193,0
2023-08-24,MSFT,-1.8455984001157066,0
2023-08-25,MSFT,-0.48671941934422225,0
2023-08-28,MSFT,-2.122244444865735,0
2023-08-29,MSFT,-2.1317560071791264,0
2023-08-30,MSFT,-2.9883357213246766,0
2023-08-31,MSFT,-2.5963730027719545,0
2023-09-01,MSFT,-1.0986415114767765,0
2023-09-05,MSFT,-2.612233289172841,0
2023-09-06,MSFT,-2.4226092193168203,0
2023-09-07,MSFT,-2.2426733045145926,0
2023-09-08,MSFT,-0.4063456239105448,0
2023-09-11,MSFT,-0.6841996737783033,0
2023-09-12,MSFT,-1.4858433582930515,0
2023-09-13,MSFT,0.10331033619481571,0
2023-09-14,MSFT,-0.7909203729328221,0
2023-09-15,MSFT,-1.7716086297456566,0
2023-09-18,MSFT,0.4128747521164073,0
2023-09-19,MSFT,0.5139280239758387,0
2023-09-20,MSFT,0.24975366648325573,0
2023-09-21,MSFT,2.0055501254970824,1
2023-09-22,MSFT,1.3234075801135097,1
2023-09-25,MSFT,2.297048307498333,1
2023-09-26,MSFT,2.416212486449058,1
2023-09-27,MSFT,5.013687221654473,1
2023-09-28,MSFT,2.2115213859198795,1
2023-09-29,MSFT,2.3553178039262828,1
2023-10-02,MSFT,2.9893950798151776,1
2023-10-03,MSFT,2.2923663399655325,1
2023-10-04,MSFT,4.837931777416132,1
2023-10-05,MSFT,4.3723862685982136,1
2023-10-06,MSFT,4.913673758034984,1
2023-10-09,MSFT,4.4008189826584765,1
2023-10-10,MSFT,4.554903845030591,1
2023-10-11,MSFT,5.196771442818646,1
2023-10-12,MSFT,4.178225779874763,1
2023-10-13,MSFT,5.429092395306114,1
2023-10-16,MSFT,5.581926246724197,1
2023-10-17,MSFT,5.3693578082536755,1
2023-10-18,MSFT,5.4922711378936215,1
2023-10-19,MSFT,6.663535155005774,1
2023-10-20,MSFT,5.3340942963451985,1
2023-10-23,MSFT,7.124953637553006,1
2023-10-24,MSFT,5.9669253683763275,1
2023-10-25,MSFT,6.37179907244261,1
2023-10-26,MSFT,5.186167055383744,1
2023-10-27,MSFT,9.498673992738862,1
2023-10-30,MSFT,9.79629469250944,1
2023-10-31,MSFT,7.658333739029794,1
2023-11-01,MSFT,7.488891629394777,1
2023-11-02,MSFT,5.3070314693893375,1
2023-11-03,MSFT,3.7271453566268846,1
2023-11-06,MSFT,3.5356414669628555,1
2023-11-07,MSFT,2.21713054267656,1
2023-11-08,MSFT,1.9104723447993348,1
2023-11-09,MSFT,1.993255825192615,1
2023-11-10,MSFT,1.930090788280698,1
2023-11-13,MSFT,1.0030065534704995,0
2023-11-14,MSFT,1.5819110292399097,1
2023-11-15,MSFT,-0.6219795049209423,0
2023-11-16,MSFT,0.1770392646801938,0
2023-11-17,MSFT,-0.6107052595670613,0
2023-11-20,MSFT,0.6301349987282467,0
2023-11-21,MSFT,-1.3613998053227974,0
2023-11-22,MSFT,0.09535461265218946,0
2023-11-24,MSFT,-0.6861207674738595,0
2023-11-27,MSFT,-0.581494497437049,0
2023-11-28,MSFT,-0.9553593591175741,0
2023-11-29,MSFT,-1.6025135899339642,0
2023-11-30,MSFT,-0.6246376479291613,0
2023-12-01,MSFT,-1.710947312173061,0
2023-12-04,MSFT,-0.8665276356023918,0
2023-12-05,MSFT,-0.2819069120078238,0
2023-12-06,MSFT,-1.1503532681946977,0
2023-12-07,MSFT,1.3071722090831281,1
2023-12-08,MSFT,1.0762983308400944,0
2023-12-11,MSFT,1.7486511317781601,1
2023-12-12,MSFT,2.787700741095994,1
2023-12-13,MSFT,2.900435165461467,1
2023-12-14,MSFT,3.2619642273952567,1
2023-12-15,MSFT,5.9858038403447935,1
2023-12-18,MSFT,5.892380169508833,1
2023-12-19,MSFT,6.366782006425152,1
2023-12-20,MSFT,5.550973336593521,1
2023-12-21,MSFT,7.013275111304107,1
2023-12-22,MSFT,7.0999612614883905,1
2023-12-26,MSFT,7.368521308507912,1
2023-12-27,MSFT,7.062195509896822,1
2023-12-28,MSFT,8.309667708388387,1
2023-12-29,MSFT,7.631882489161241,1
2024-01-02,MSFT,3.8780681938833097,1
2024-01-03,MSFT,6.115228014100278,1
2024-01-04,MSFT,7.220909370509254,1
2024-01-05,MSFT,6.510598784473794,1
2024-01-08,MSFT,6.520326329423205,1
2024-01-09,MSFT,6.582391154821462,1
2024-01-10,MSFT,6.377502707826092,1
2024-01-11,MSFT,6.269883111918443,1
2024-01-12,MSFT,4.847938004081073,1
2024-01-16,MSFT,2.599514747005331,1
2024-01-17,MSFT,2.868267488413741,1
2024-01-18,MSFT,2.54776675965089,1
2024-01-19,MSFT,1.5642379247118672,1
2024-01-22,MSFT,0.7036063375391396,0
2024-01-23,MSFT,0.9353196275768048,0
2024-01-24,MSFT,1.8199463472551523,1
2024-01-25,MSFT,1.1530391724540392,0
2024-01-26,MSFT,0.4606646072864319,0
2024-01-29,MSFT,0.5803124676099726,0
2024-01-30,MSFT,-0.17128265474502055,0
2024-01-31,MSFT,0.7744469490302943,0
2024-02-01,MSFT,2.8406409480521235,1
2024-02-02,MSFT,1.8531130471047945,1
2024-02-05,MSFT,-1.1136912107322217,0
2024-02-06,MSFT,-0.414262795000205,0
2024-02-07,MSFT,0.614900194949317,0
2024-02-08,MSFT,-1.040731519743274,0
2024-02-09,MSFT,-1.300595209630451,0
2024-02-12,MSFT,-0.6051648376611973,0
2024-02-13,MSFT,0.08403479156970058,0
2024-02-14,MSFT,2.719082672508698,1
2024-02-15,MSFT,0.9086630347861848,0
2024-02-16,MSFT,1.4265020704624227,1
2024-02-20,MSFT,2.2943136233111385,1
2024-02-21,MSFT,2.952521009190493,1
2024-02-22,MSFT,3.54994682494202,1
2024-02-23,MSFT,2.3355751759394923,1
2024-02-26,MSFT,1.6742258328527433,1
2024-02-27,MSFT,1.9092326042581085,1
2024-02-28,MSFT,1.8878435840756471,1
2024-02-29,MSFT,1.7579504303139812,1
2024-03-01,MSFT,1.483387059526356,1
2024-03-04,MSFT,0.8008746241647533,0
2024-03-05,MSFT,0.7464893250701631,0
2024-03-06,MSFT,2.427037841186518,1
2024-03-07,MSFT,3.5471597106219397,1
2024-03-08,MSFT,2.40998814904871,1
2024-03-11,MSFT,3.1818242362121416,1
2024-03-12,MSFT,2.9635013637296654,1
2024-03-13,MSFT,2.1853249218037267,1
2024-03-14,MSFT,1.124502074427827,0
2024-03-15,MSFT,-2.0022381095574016,0
2024-03-18,MSFT,-0.3552055773703397,0
2024-03-19,MSFT,-1.0508377787087946,0
2024-03-20,MSFT,-3.1517684012876646,0
2024-03-21,MSFT,-4.841937671642426,0
2024-03-22,MSFT,-5.37650852014934,0
2024-03-25,MSFT,-3.634022162976346,0
2024-03-26,MSFT,-2.44108145773868,0
2024-03-27,MSFT,-3.635903686226043,0
2024-03-28,MSFT,-2.2410575350533604,0
2024-04-01,MSFT,-2.725963105736449,0
2024-04-02,MSFT,-4.738871205350478,0
2024-04-03,MSFT,-3.417311942924817,0
2024-04-04,MSFT,-2.8728413413719323,0
2024-04-05,MSFT,-1.3302142996198891,0
2024-04-08,MSFT,-1.4031537114774075,0
2024-04-09,MSFT,-1.7832333161581466,0
2024-04-10,MSFT,-1.8362589932937625,0
2024-04-11,MSFT,-1.2777092076320962,0
2024-04-12,MSFT,-1.5437607931398478,0
2024-04-15,MSFT,-0.9830322082013808,0
2024-04-16,MSFT,0.36671251334174926,0
2024-04-17,MSFT,1.1161345193204641,0
2024-04-18,MSFT,1.2040412755289667,1
2024-04-19,MSFT,2.1461174540842958,1
2024-04-22,MSFT,3.532041546937339,1
2024-04-23,MSFT,3.7381012202801953,1
2024-04-24,MSFT,3.1147775214942692,1
2024-04-25,MSFT,2.42643149535864,1
2024-04-26,MSFT,4.642340684511225,1
2024-04-29,MSFT,3.700604631396276,1
2024-04-30,MSFT,4.264919862288454,1
2024-05-01,MSFT,4.063400926643477,1
2024-05-02,MSFT,3.311443971038742,1
2024-05-03,MSFT,2.5884046431791825,1
2024-05-06,MSFT,1.7036482332394849,1
2024-05-07,MSFT,1.8237830618580138,1
2024-05-08,MSFT,2.6760578572860294,1
2024-05-09,MSFT,2.3557348060905894,1
2024-05-10,MSFT,2.6830252928172165,1
2024-05-13,MSFT,3.007697846314488,1
2024-05-14,MSFT,4.271847461206455,1
2024-05-15,MSFT,3.912443495372752,1
2024-05-16,MSFT,3.0575255284994,1
2024-05-17,MSFT,4.233036435871318,1
2024-05-20,MSFT,4.026675903773189,1
2024-05-21,MSFT,3.1682515249663967,1
2024-05-22,MSFT,3.194971785995891,1
2024-05-23,MSFT,2.6208072856969267,1
2024-05-24,MSFT,3.7229662129950714,1
2024-05-28,MSFT,3.419404935248743,1
2024-05-29,MSFT,3.500862329465185,1
2024-05-30,MSFT,2.6714736053562826,1
2024-05-31,MSFT,8.268868550460937,1
2024-06-03,MSFT,8.684551285101904,1
2024-06-04,MSFT,9.532501972419114,1
2024-06-05,MSFT,9.99398566482608,1
2024-06-06,MSFT,8.495907827563173,1
2024-06-07,MSFT,6.377782120844884,1
2024-06-10,MSFT,7.515365608474078,1
2024-06-11,MSFT,4.004467001880383,1
2024-06-12,MSFT,3.1303543410787844,1
2024-06-13,MSFT,2.037876519748292,1
2024-06-14,MSFT,1.22807292714012,1
2024-06-17,MSFT,0.14223851565140574,0
2024-06-18,MSFT,-1.2263124980618205,0
2024-06-20,MSFT,-1.4149652628892417,0
2024-06-21,MSFT,-0.40527522094366114,0
2024-06-24,MSFT,-0.7284168870934487,0
2024-06-25,MSFT,-2.334887560069536,0
2024-06-26,MSFT,-3.8954918814188404,0
2024-06-27,MSFT,-3.064908877397751,0
2024-06-28,MSFT,-2.96322522103882,0
2024-07-01,MSFT,-2.7773525662263756,0
2024-07-02,MSFT,-4.719543266339537,0
2024-07-03,MSFT,-5.243257467048814,0
2024-07-05,MSFT,-6.411269388138332,0
2024-07-08,MSFT,-8.711704713900607,0
2024-07-09,MSFT,-7.688961338406673,0
2024-07-10,MSFT,-7.1442465868706755,0
2024-07-11,MSFT,-7.461484442372678,0
2024-07-12,MSFT,-5.8651934403634565,0
2024-07-15,MSFT,-5.604029201380495,0
2024-07-16,MSFT,-4.508742772505177,0
2024-07-17,MSFT,-3.659965842574948,0
2024-07-18,MSFT,-2.4108619870312316,0
2024-07-19,MSFT,-2.363576486860073,0
2024-07-22,MSFT,-1.6473691146053797,0
2024-07-23,MSFT,-1.937459341945797,0
2024-07-24,MSFT,-2.2302617146996306,0
2024-07-25,MSFT,-1.5983068216151277,0
2024-07-26,MSFT,-0.1188601082888355,0
2024-07-29,MSFT,-1.5760358326599448,0
2024-07-30,MSFT,-1.735633134365881,0
2024-07-31,MSFT,-1.673142901715508,0
2024-08-01,MSFT,-0.6547979202399195,0
2024-08-02,MSFT,0.11213925995611379,0
2024-08-05,MSFT,0.2504681274815655,0
2024-08-06,MSFT,2.76612275820103,1
2024-08-07,MSFT,1.8510688198130898,1
2024-08-08,MSFT,0.7301043536022017,0
2024-08-09,MSFT,0.6826470391931776,0
2024-08-12,MSFT,1.4818688642480868,1
2024-08-13,MSFT,2.592986139747573,1
2024-08-14,MSFT,2.1453758369640896,1
2024-08-15,MSFT,2.2369304561236314,1
2024-08-16,MSFT,1.614805651077118,1
2024-08-19,MSFT,2.6113012762167305,1
2024-08-20,MSFT,1.4279140148746892,1
2024-08-21,MSFT,2.0197742802088032,1
2024-08-22,MSFT,1.6051219630129456,1
2024-08-23,MSFT,2.8490115486357,1
2024-08-26,MSFT,1.9194884268943648,1
2024-08-27,MSFT,2.926245801627201,1
2024-08-28,MSFT,2.73968807550432,1
2024-08-29,MSFT,2.755212986620534,1
2024-08-30,MSFT,2.70492275726436,1
2024-09-03,MSFT,0.5157786391780401,0
2024-09-04,MSFT,1.189396163615029,1
2024-09-05,MSFT,1.1832089061419944,1
2024-09-06,MSFT,1.1893568064082745,1
2024-09-09,MSFT,1.240991136841847,1
2024-09-10,MSFT,1.393806143442878,1
2024-09-11,MSFT,0.5342104923429919,0
2024-09-12,MSFT,-1.2913879280596485,0
2024-09-13,MSFT,-1.9555502532877636,0
2024-09-16,MSFT,-2.096413682634208,0
2024-09-17,MSFT,-2.3117997965530246,0
2024-09-18,MSFT,-3.5749088340588586,0
2024-09-19,MSFT,-2.7008710469355157,0
2024-09-20,MSFT,-4.395319834216412,0
2024-09-23,MSFT,-3.568999180445759,0
2024-09-24,MSFT,-1.1076855271939072,0
2024-09-25,MSFT,-0.8630433862552364,0
2024-09-26,MSFT,-1.411056770189314,0
2024-09-27,MSFT,-0.5899295937608293,0
2024-09-30,MSFT,-0.27181051464183964,0
2024-10-01,MSFT,0.3000034115731722,0
2024-10-02,MSFT,2.5868242888405035,1
2024-10-03,MSFT,-1.2339156153894353,0
2024-10-04,MSFT,-0.6954349445599347,0
2024-10-07,MSFT,-0.8578894299886014,0
2024-10-08,MSFT,0.22148250096767383,0
2024-10-09,MSFT,0.6043914521807279,0
2024-10-10,MSFT,0.8641294886514173,0
2024-10-11,MSFT,0.7279366905393164,0
2024-10-14,MSFT,0.1824280156571387,0
2024-10-15,MSFT,0.41257627330662194,0
2024-10-16,MSFT,0.6826492719855599,0
2024-10-17,MSFT,1.1437353089888864,0
2024-10-18,MSFT,-0.17302333240830942,0
2024-10-21,MSFT,-0.24095983836114193,0
2024-10-22,MSFT,-0.09890691166721312,0
2024-10-23,MSFT,-1.2333734017497282,0
2024-10-24,MSFT,-1.127061770232974,0
2024-10-25,MSFT,-0.7023121450799049,0
2024-10-28,MSFT,-0.8663003327776072,0
2024-10-29,MSFT,0.21902806620480067,0
2024-10-30,MSFT,-0.7891509147065359,0
2024-10-31,MSFT,-0.7988369164673234,0
2024-11-01,MSFT,3.853102358542471,1
2024-11-04,MSFT,3.2890926886047818,1
2024-11-05,MSFT,4.443906214727746,1
2024-11-06,MSFT,4.683053189717192,1
2024-11-07,MSFT,3.7144518655358563,1
2024-11-08,MSFT,3.314609244501291,1
2024-11-11,MSFT,3.3752328960200395,1
2024-11-12,MSFT,5.053006789075513,1
2024-11-13,MSFT,4.3849390171842435,1
2024-11-14,MSFT,3.628263797962617,1
2024-11-15,MSFT,3.979049081460735,1
2024-11-18,MSFT,8.263076375553158,1
2024-11-19,MSFT,3.1589133929095516,1
2024-11-20,MSFT,2.8159429902670037,1
2024-11-21,MSFT,3.112489954487313,1
2024-11-22,MSFT,3.1944552259202528,1
2024-11-25,MSFT,3.161260741003436,1
2024-11-26,MSFT,2.723492188776041,1
2024-11-27,MSFT,0.361522694895133,0
2024-11-29,MSFT,0.26346906111003304,0
2024-12-02,MSFT,-0.27888621797414886,0
2024-12-03,MSFT,-1.845002488396505,0
2024-12-04,MSFT,-1.1313441174148835,0
2024-12-05,MSFT,-1.3854704688759012,0
2024-12-06,MSFT,-2.9608903150790495,0
2024-12-09,MSFT,-2.75256708501181,0
2024-12-10,MSFT,-3.9001915822966424,0
2024-12-11,MSFT,-3.7907928027385727,0
2024-12-12,MSFT,-5.033116377248065,0
2024-12-13,MSFT,-3.0481813340716686,0
2024-12-16,MSFT,-2.9903238506790486,0
2024-12-17,MSFT,-2.9349635805328114,0
2024-12-18,MSFT,-3.407064230357981,0
2024-12-19,MSFT,1.1046503592693455,0
2024-12-20,MSFT,1.214072841636324,1
2024-12-23,MSFT,0.9334350041322326,0
2024-12-24,MSFT,-0.08240156490106232,0
2024-12-26,MSFT,0.8525533340441501,0
2024-12-27,MSFT,0.45470774869320363,0
2024-12-30,MSFT,-1.3259164611047172,0
2024-12-31,MSFT,-0.8458539289187887,0
2025-01-02,MSFT,-0.9224155875579737,0
2025-01-03,MSFT,-0.5428526917028529,0
2025-01-06,MSFT,-0.880609811828773,0
2025-01-07,MSFT,-1.04958981664378,0
2025-01-08,MSFT,-1.1134017875986981,0
2025-01-10,MSFT,-1.0818783872705047,0
2025-01-13,MSFT,-0.6692914128806728,0
2025-01-14,MSFT,-0.7294003304389376,0
2025-01-15,MSFT,-0.4588149108841873,0
2025-01-16,MSFT,-1.652830759154066,0
2025-01-17,MSFT,-1.3801857318815884,0
2025-01-21,MSFT,-1.2979477073172054,0
2025-01-22,MSFT,-1.0448228868662062,0
2025-01-23,MSFT,-3.733668117211193,0
2025-01-24,MSFT,-4.226158160787977,0
2025-01-27,MSFT,-4.585023542465359,0
2025-01-28,MSFT,-3.528887207497061,0
2025-01-29,MSFT,-6.052859844406614,0
2025-01-30,MSFT,-4.883800730967972,0
2025-01-31,MSFT,-4.678535363730334,0
2025-02-03,MSFT,-4.667288891735332,0
2025-02-04,MSFT,-1.338477498324288,0
2025-02-05,MSFT,-2.1493548947026904,0
2025-02-06,MSFT,-2.8047882464376,0
2025-02-07,MSFT,-4.602583671618981,0
2025-02-10,MSFT,-3.8359960376295112,0
2025-02-11,MSFT,-3.7500935291326845,0
2025-02-12,MSFT,-4.241883520241732,0
2025-02-13,MSFT,-2.3716494405556356,0
2025-02-14,MSFT,-2.537730238428945,0
2025-02-18,MSFT,-2.9040176150926413,0
2025-02-19,MSFT,-2.474556003125845,0
2025-02-20,MSFT,-3.251548332909055,0
2025-02-21,MSFT,-2.9188014699922213,0
2025-02-24,MSFT,-1.8315572744885473,0
2025-02-25,MSFT,-1.0767772568290022,0
2025-02-26,MSFT,-0.9851619574505743,0
2025-02-27,MSFT,-1.1361869183864046,0
2025-02-28,MSFT,-1.6502594176223297,0
2025-03-03,MSFT,-2.626485554155449,0
2025-03-04,MSFT,-0.7682967997918876,0
2025-03-05,MSFT,-0.7890097828873608,0
2025-03-06,MSFT,-3.6257581357505435,0
2025-03-07,MSFT,-4.459646861831827,0
2025-03-10,MSFT,-4.305885192776612,0
2025-03-11,MSFT,-3.4664518401135913,0
2025-03-12,MSFT,0.7405740272763051,0
2025-03-13,MSFT,-0.14014534993687217,0
2025-03-14,MSFT,0.700136800492307,0
2025-03-17,MSFT,-0.054756379705296156,0
2025-03-18,MSFT,-0.2171793856689426,0
2025-03-19,MSFT,-0.8588028064265477,0
2025-03-20,MSFT,-1.449238003025965,0
2025-03-21,MSFT,-2.0029391566182886,0
2025-03-24,MSFT,-1.716589617495489,0
2025-03-25,MSFT,-1.2775785108034805,0
2025-03-26,MSFT,-0.5086319804834688,0
2025-03-27,MSFT,0.12182333127639136,0
2025-03-28,MSFT,0.03758324210450175,0
2025-03-31,MSFT,1.0270918554263924,0
2025-04-01,MSFT,1.3480583287687584,1
2025-04-02,MSFT,2.4759484412043515,1
2025-04-03,MSFT,2.991138254812754,1
2025-04-04,MSFT,3.6663041463502153,1
2025-04-07,MSFT,4.558796595430327,1
2025-04-08,MSFT,4.712760575207946,1
2025-04-09,MSFT,5.262814051451433,1
2025-04-10,MSFT,3.811999389025282,1
2025-04-11,MSFT,5.529341111396924,1
2025-04-14,MSFT,4.913828535684548,1
2025-04-15,MSFT,5.274910828755801,1
2025-04-16,MSFT,5.573614854845468,1
2025-04-17,MSFT,7.817458002485584,1
2025-04-21,MSFT,8.851102729011304,1
2025-04-22,MSFT,10.537576082778154,1
2025-04-23,MSFT,8.797940180595601,1
2025-04-24,MSFT,8.217028948192086,1
2025-04-25,MSFT,6.522365124761219,1
2025-04-28,MSFT,6.887464228166948,1
2025-04-29,MSFT,6.588474222274754,1
2025-04-30,MSFT,6.392968647260307,1
2025-05-01,MSFT,6.4186168688449285,1
2025-05-02,MSFT,6.354237446042798,1
2025-05-05,MSFT,5.308545287999338,1
2025-05-06,MSFT,5.299805276892631,1
2025-05-07,MSFT,6.690378539567887,1
2025-05-08,MSFT,7.199627104380377,1
2025-05-09,MSFT,6.793215874609563,1
2025-05-12,MSFT,6.239085892891579,1
2025-05-13,MSFT,5.307036897750249,1
2025-05-14,MSFT,6.3905626399769995,1
2025-05-15,MSFT,4.616149375653559,1
2025-05-16,MSFT,5.148844086950147,1
2025-05-19,MSFT,4.664490918155977,1
2025-05-20,MSFT,4.249741021182648,1
2025-05-21,MSFT,3.765944552292697,1
2025-05-22,MSFT,6.513010472733275,1
2025-05-23,MSFT,6.767173684316358,1
2025-05-27,MSFT,8.7680201921778,1
2025-05-28,MSFT,8.82757144128997,1
2025-05-29,MSFT,9.744844577057869,1
2025-05-30,MSFT,9.755087518474408,1
2025-06-02,MSFT,7.134504032801853,1
2025-06-03,MSFT,6.471133757148186,1
2025-06-04,MSFT,7.365722648225106,1
2025-06-05,MSFT,6.86429648897397,1
2025-06-06,MSFT,5.845265607041836,1
2025-06-09,MSFT,6.348584943961239,1
2025-06-10,MSFT,5.409260267660633,1
2025-06-11,MSFT,6.2082288334465145,1
2025-06-12,MSFT,5.787490034848174,1
2025-06-13,MSFT,5.2852903839637735,1
2025-06-16,MSFT,6.330877224766502,1
2025-06-17,MSFT,6.519053430075172,1
2025-06-18,MSFT,6.396672390573943,1
2025-06-20,MSFT,5.9299636200701675,1
2025-06-23,MSFT,5.419022397155814,1
2025-06-24,MSFT,4.257588310487689,1
2025-06-25,MSFT,4.365675129744559,1
2025-06-26,MSFT,4.469784960342478,1
2025-06-27,MSFT,3.218920314825908,1
2025-06-30,MSFT,3.596515297693451,1
2025-07-01,MSFT,3.419761025737659,1
2025-07-02,MSFT,6.001038131431416,1
2025-07-03,MSFT,4.402214123642276,1
2025-07-07,MSFT,4.642790082333245,1
2025-07-08,MSFT,3.628662526848968,1
2025-07-09,MSFT,3.4118765860284377,1
2025-07-10,MSFT,2.094495085871286,1
2025-07-11,MSFT,2.501015511917503,1
2025-07-14,MSFT,2.2400865127275216,1
2025-07-15,MSFT,3.089041321495861,1
2025-07-16,MSFT,1.6633718878075638,1
2025-07-17,MSFT,1.8965685787690063,1
2025-07-18,MSFT,0.9612420558137982,0
2025-07-21,MSFT,0.8003513162663374,0
2025-07-22,MSFT,-0.03215820542145102,0
2025-07-23,MSFT,0.050514116426703455,0
2025-07-24,MSFT,-0.08992331523363357,0
2025-07-25,MSFT,-0.31649352391556246,0
2025-07-28,MSFT,-0.9701736296790451,0
2025-07-29,MSFT,-1.0862897205902913,0
2025-07-30,MSFT,-0.5529267927563206,0
2025-07-31,MSFT,-0.3031381912046549,0
2025-08-01,MSFT,-3.736848766162775,0
2025-08-04,MSFT,-2.815269853976513,0
2025-08-05,MSFT,-5.46046113230615,0
2025-08-06,MSFT,-3.689907812373729,0
2025-08-07,MSFT,-4.721186204077751,0
2025-08-08,MSFT,-3.4899673568355882,0
2025-08-11,MSFT,-3.657067133948706,0
2025-08-12,MSFT,-3.2619752396625152,0
2025-08-13,MSFT,-4.671170869229679,0
2025-08-14,MSFT,-1.595557938416146,0
2025-08-15,MSFT,-0.9772226549300146,0
2025-08-18,MSFT,-1.5639455454501348,0
2025-08-19,MSFT,-0.9552106587612261,0
2025-08-20,MSFT,-0.07884613291984777,0
2025-08-21,MSFT,1.9742714316941927,1
2025-08-22,MSFT,1.5298947947556982,1
2025-08-25,MSFT,0.2938573085203952,0
2025-08-26,MSFT,0.8750731376308182,0
2025-08-27,MSFT,0.741618820139944,0
2025-08-28,MSFT,0.6970216623782612,0
2025-08-29,MSFT,0.7273245397193631,0
2025-09-02,MSFT,1.654713963870054,1
2025-09-03,MSFT,2.151072329370795,1
2025-09-04,MSFT,1.5085011003182975,1
2025-09-05,MSFT,1.3605635532792149,1
2025-09-08,MSFT,5.429542594047386,1
2025-09-09,MSFT,4.034064433709716,1
2025-09-10,MSFT,4.137013940464622,1
2025-09-11,MSFT,3.405437860113138,1
2025-09-12,MSFT,1.360416751898255,1
2025-09-15,MSFT,0.5937031499500903,0
2025-09-16,MSFT,-0.26168251907014,0
2025-09-17,MSFT,0.6721655607907632,0
2025-09-18,MSFT,0.2428731987985177,0
2025-09-19,MSFT,0.7831177613118755,0
2025-09-22,MSFT,-0.18739193838036192,0
2025-09-23,MSFT,0.536546720563476,0
2025-09-24,MSFT,1.9558576353019594,1
2025-09-25,MSFT,1.7983903906413352,1
2025-09-26,MSFT,2.89837970066923,1
2025-09-29,MSFT,3.3179356137274723,1
2025-09-30,MSFT,4.113119411229005,1
2025-10-01,MSFT,3.5307052241989494,1
2025-10-02,MSFT,0.7431054680529277,0
2025-10-03,MSFT,0.2492590416817236,0
2025-10-06,MSFT,-0.038538180324341406,0
2025-10-07,MSFT,-1.8553594035149426,0
2025-10-08,MSFT,-2.1706603196395045,0
2025-10-09,MSFT,-3.4154843068022678,0
2025-10-10,MSFT,-3.1573209039209615,0
2025-10-13,MSFT,-0.6176896845902748,0
2025-10-14,MSFT,-0.666045513020658,0
2025-10-15,MSFT,-0.2994116883213503,0
2025-10-16,MSFT,-1.2132560755966744,0
2025-10-17,MSFT,-0.165220245945969,0
2025-10-20,MSFT,-0.7034097743926478,0
2025-10-21,MSFT,-2.462893662445305,0
2025-10-22,MSFT,-3.246374052806151,0
2025-10-23,MSFT,-4.359666266014608,0
2025-10-24,MSFT,-5.024731456079347,0
2025-10-27,MSFT,-5.144753860343827,0
2025-10-28,MSFT,-5.796417403483178,0
2025-10-29,MSFT,-5.977007122417213,0
2025-10-30,MSFT,-4.984956396220579,0
2025-10-31,MSFT,-4.323492611851293,0
2025-11-03,MSFT,-3.0883900876057067,0
2025-11-04,MSFT,-4.177880238950908,0
2025-11-05,MSFT,-3.501169261278284,0
2025-11-06,MSFT,-2.5160643898663277,0
2025-11-07,MSFT,-0.5664861022304191,0
2025-11-10,MSFT,-0.42513869385619624,0
2025-11-11,MSFT,-2.8162579049814185,0
2025-11-12,MSFT,-2.528682000780362,0
2025-11-13,MSFT,-3.307924992779545,0
2025-11-14,MSFT,-2.9574974834885075,0
2025-11-17,MSFT,-3.6008809627006357,0
2025-11-18,MSFT,-3.3453772864192555,0
2025-11-19,MSFT,-1.0247746608598727,0
2025-11-20,MSFT,-0.03433492634257675,0
2025-11-21,MSFT,0.8070281174802435,0
2025-11-24,MSFT,1.8997590476264705,1
2025-11-25,MSFT,1.8041135945750335,1
2025-11-26,MSFT,1.3807397586852022,1
2025-11-28,MSFT,0.2151338926396378,0
2025-12-01,MSFT,-0.6263140451216436,0
2025-12-02,MSFT,-0.43991897529793744,0
2025-12-03,MSFT,-2.248644919421778,0
2025-12-04,MSFT,-0.7317595603322209,0
2025-12-05,MSFT,-0.33849784985343384,0
2025-12-08,MSFT,0.043917395701645386,0
2025-12-09,MSFT,,0
2025-12-10,MSFT,,0
2025-12-11,MSFT,,0
2025-12-12,MSFT,,0
2025-12-15,MSFT,,0
2025-12-16,MSFT,,0
2025-12-17,MSFT,,0
2025-12-18,MSFT,,0
2025-12-19,MSFT,,0
2025-12-22,MSFT,,0
2025-12-23,MSFT,,0
2025-12-24,MSFT,,0
2025-12-26,MSFT,,0
2025-12-29,MSFT,,0
2025-12-30,MSFT,,0
2025-12-31,MSFT,,0
2026-01-02,MSFT,,0
2026-01-05,MSFT,,0
2026-01-06,MSFT,,0
2026-01-07,MSFT,,0
