date,ticker,adj_close,log_return,market_log_return,rf_daily
2019-01-03,AAPL,33.79969024658203,-0.10492411891702846,-0.02506833181891511,9.365079365079364e-05
2019-01-04,AAPL,35.2425537109375,0.04180262655591075,0.03375939906034647,9.404761904761906e-05
2019-01-07,AAPL,35.164119720458984,-0.002228028086035874,0.006985975995229761,9.563492063492063e-05
2019-01-08,AAPL,35.834449768066406,0.01888347811784333,0.009648587336497393,9.563492063492063e-05
2019-01-09,AAPL,36.44298553466797,0.016839284453328107,0.004089671332822161,9.523809523809524e-05
2019-01-10,AAPL,36.55946731567383,0.0031911771538710217,0.004508241374462229,9.444444444444444e-05
2019-01-11,AAPL,36.20052719116211,-0.009866494322138538,-0.0001463085444824661,9.444444444444444e-05
2019-01-14,AAPL,35.65617370605469,-0.015151374664886126,-0.00527139458724949,9.523809523809524e-05
2019-01-15,AAPL,36.385929107666016,0.02025982957919243,0.010664618879761001,9.523809523809524e-05
2019-01-16,AAPL,36.83045196533203,0.01214286511247741,0.0022195205290883643,9.444444444444444e-05
2019-01-17,AAPL,37.04914093017578,0.005920162659157913,0.007562730706235749,9.404761904761906e-05
2019-01-18,AAPL,37.27733612060547,0.006140366568552648,0.01309691283985578,9.365079365079364e-05
2019-01-22,AAPL,36.44060897827149,-0.022701747212160017,-0.014258476827972471,9.444444444444444e-05
2019-01-23,AAPL,36.587982177734375,0.004036046627357148,0.002200489919450871,9.365079365079364e-05
2019-01-24,AAPL,36.29798889160156,-0.0079574933863292,0.001374780110977555,9.206349206349206e-05
2019-01-25,AAPL,37.50078582763672,0.032599550859634625,0.008452867700518018,9.285714285714285e-05
2019-01-28,AAPL,37.15373992919922,-0.009297451021968888,-0.007877775848708898,9.404761904761906e-05
2019-01-29,AAPL,36.76864242553711,-0.010419063215694706,-0.0014573079351148383,9.404761904761906e-05
2019-01-30,AAPL,39.28121566772461,0.06610105785556898,0.015429609891560045,9.404761904761906e-05
2019-01-31,AAPL,39.56409454345703,0.0071755717298143925,0.008560648809767757,9.365079365079364e-05
2019-02-01,AAPL,39.58311080932617,0.0004805290635417035,0.0008982065848071141,9.325396825396825e-05
2019-02-04,AAPL,40.70747756958008,0.028009267069945203,0.006753381117479676,9.404761904761906e-05
2019-02-05,AAPL,41.403953552246094,0.01696457306118372,0.0046973704373502,9.404761904761906e-05
2019-02-06,AAPL,41.41819763183594,0.0003439678763867698,-0.0022269157175087858,9.404761904761906e-05
2019-02-07,AAPL,40.633785247802734,-0.019120471054867347,-0.009401193202230233,9.404761904761906e-05
2019-02-08,AAPL,40.68151473999024,0.0011739364590947978,0.0006759725660127,9.444444444444444e-05
2019-02-11,AAPL,40.447566986083984,-0.005767312963260575,0.0007088518038183947,9.523809523809524e-05
2019-02-12,AAPL,40.79611587524414,0.008580384722024319,0.012807852902838604,9.444444444444444e-05
2019-02-13,AAPL,40.62661743164063,-0.00416342418293717,0.0030194315937109753,9.484126984126985e-05
2019-02-14,AAPL,40.77463150024414,0.003636657512579228,-0.0026551633836986214,9.444444444444444e-05
2019-02-15,AAPL,40.68389892578125,-0.002227700684291675,0.010820004664957538,9.444444444444444e-05
2019-02-19,AAPL,40.805660247802734,0.0029883929640069674,0.0014976213265920058,9.563492063492063e-05
2019-02-20,AAPL,41.0682487487793,0.00641448306444512,0.00177553356074094,9.523809523809524e-05
2019-02-21,AAPL,40.83669662475586,-0.005654182170715552,-0.0035326693258413886,9.523809523809524e-05
2019-02-22,AAPL,41.29264450073242,0.011103280604253174,0.006390638694710404,9.563492063492063e-05
2019-02-25,AAPL,41.59346008300781,0.007258560515862932,0.0012311044497517107,9.603174603174603e-05
2019-02-26,AAPL,41.61734390258789,0.0005740557497822178,-0.0007907696728402984,9.523809523809524e-05
2019-02-27,AAPL,41.746238708496094,0.003092355308775582,-0.0005441974362980739,9.523809523809524e-05
2019-02-28,AAPL,41.33563232421875,-0.009884460286599912,-0.002829507598950442,9.523809523809524e-05
2019-03-01,AAPL,41.77010726928711,0.010456050462425336,0.006871656588713028,9.484126984126985e-05
2019-03-04,AAPL,41.980201721191406,0.00501717295482582,-0.003888107395255168,9.563492063492063e-05
2019-03-05,AAPL,41.90380859375,-0.0018213995319031385,-0.001132173489706859,9.563492063492063e-05
2019-03-06,AAPL,41.662689208984375,-0.005770734929408946,-0.00654547360412503,9.563492063492063e-05
2019-03-07,AAPL,41.180458068847656,-0.011642159979832754,-0.008158911138331157,9.523809523809524e-05
2019-03-08,AAPL,41.27833938598633,0.0023740671979958976,-0.0021339641314536495,9.563492063492063e-05
2019-03-11,AAPL,42.70831298828125,0.03405569254101762,0.014559535563489445,9.563492063492063e-05
2019-03-12,AAPL,43.18815231323242,0.01117262077509819,0.002948965727805163,9.563492063492063e-05
2019-03-13,AAPL,43.37913513183594,0.004412362546935711,0.0069255467570192835,9.523809523809524e-05
2019-03-14,AAPL,43.86137008666992,0.011055412053494636,-0.0008683993315961826,9.523809523809524e-05
2019-03-15,AAPL,44.43192672729492,0.012924301237445389,0.0049725194084307206,9.523809523809524e-05
2019-03-18,AAPL,44.885501861572266,0.01015656273385805,0.0036990967989080333,9.484126984126985e-05
2019-03-19,AAPL,44.52980041503906,-0.007956206909470102,-0.00013057007992675946,9.563492063492063e-05
2019-03-20,AAPL,44.91892623901367,0.008700588443693553,-0.002948696740769673,9.603174603174603e-05
2019-03-21,AAPL,46.57330322265625,0.03616825901492017,0.010794015494689354,9.642857142857143e-05
2019-03-22,AAPL,45.608848571777344,-0.02092573942624313,-0.019156827134273257,9.563492063492063e-05
2019-03-25,AAPL,45.057395935058594,-0.012164603043169011,-0.000839372833310059,9.563492063492063e-05
2019-03-26,AAPL,44.59187698364258,-0.010385430252402602,0.007157052947934055,9.563492063492063e-05
2019-03-27,AAPL,44.99292755126953,0.008953599864520781,-0.00465514327659887,9.484126984126985e-05
2019-03-28,AAPL,45.052616119384766,0.0013257419395655127,0.0035830547152617266,9.444444444444444e-05
2019-03-29,AAPL,45.34626007080078,0.006496651210660975,0.006711706043324668,9.325396825396825e-05
2019-04-01,AAPL,45.65420913696289,0.006768102282682848,0.011502195518044496,9.444444444444444e-05
2019-04-02,AAPL,46.31787490844727,0.014432146400447049,1.7455554858152623e-05,9.404761904761906e-05
2019-04-03,AAPL,46.6353759765625,0.006831440533134916,0.002146072420089187,9.484126984126985e-05
2019-04-04,AAPL,46.71654510498047,0.0017389925763249196,0.0020824652429942735,9.484126984126985e-05
2019-04-05,AAPL,47.02927780151367,0.006671952881593589,0.004625717623099122,9.484126984126985e-05
2019-04-08,AAPL,47.76934051513672,0.015613682172033938,0.0010469117505236662,9.444444444444444e-05
2019-04-09,AAPL,47.626094818115234,-0.003003200398104416,-0.0060859764356695385,9.404761904761906e-05
2019-04-10,AAPL,47.89346694946289,0.005598284261443518,0.003471837754499924,9.444444444444444e-05
2019-04-11,AAPL,47.49480056762695,-0.008358862435909692,3.8122340342693696e-05,9.444444444444444e-05
2019-04-12,AAPL,47.47568893432617,-0.000402475203802571,0.0065875783895457275,9.484126984126985e-05
2019-04-15,AAPL,47.5616455078125,0.001808901679098557,-0.0006295672443571088,9.444444444444444e-05
2019-04-16,AAPL,47.56640625,0.000100091237095847,0.0005092283251399622,9.444444444444444e-05
2019-04-17,AAPL,48.492671966552734,0.01928593202708442,-0.0022764008207388597,9.484126984126985e-05
2019-04-18,AAPL,48.66694259643555,0.0035873097593958395,0.0015778468242496745,9.404761904761906e-05
2019-04-22,AAPL,48.82688903808594,0.0032811631765382056,0.0010115058169329091,9.484126984126985e-05
2019-04-23,AAPL,49.53115081787109,0.014320615103965399,0.008802351174995391,9.523809523809524e-05
2019-04-24,AAPL,49.45474243164063,-0.0015438240520552287,-0.0021941686030362366,9.484126984126985e-05
2019-04-25,AAPL,49.00594329833984,-0.009116374484148926,-0.0003690417402728576,9.444444444444444e-05
2019-04-26,AAPL,48.77197647094727,-0.004785687289846183,0.004674350323304823,9.404761904761906e-05
2019-04-29,AAPL,48.84598922729492,0.0015163760072297878,0.0010709485042338864,9.484126984126985e-05
2019-04-30,AAPL,47.90541458129883,-0.01944373397164652,0.0009509646987914453,9.444444444444444e-05
2019-05-01,AAPL,50.25687026977539,0.04791872207622671,-0.00753044585029134,9.444444444444444e-05
2019-05-02,AAPL,49.929805755615234,-0.006529125209401017,-0.0021262446486827887,9.563492063492063e-05
2019-05-03,AAPL,50.55051040649414,0.012354908306916748,0.00959212747891747,9.444444444444444e-05
2019-05-06,AAPL,49.769866943359375,-0.01556332304140813,-0.004481013189072523,9.484126984126985e-05
2019-05-07,AAPL,48.42821502685547,-0.027327120465707167,-0.016649488088905522,9.444444444444444e-05
2019-05-08,AAPL,48.43777847290039,0.0001974572443943253,-0.0016067153894199682,9.444444444444444e-05
2019-05-09,AAPL,47.91734313964844,-0.01080254760827597,-0.0030259986619282898,9.444444444444444e-05
2019-05-10,AAPL,47.25353240966797,-0.013950097468371614,0.003713394069918638,9.444444444444444e-05
2019-05-13,AAPL,44.507171630859375,-0.05987707470702722,-0.024426469138497504,9.365079365079364e-05
2019-05-14,AAPL,45.21173858642578,0.0157064199293368,0.007983987523216093,9.365079365079364e-05
2019-05-15,AAPL,45.75333786010742,0.011907991390401912,0.005821994327723055,9.404761904761906e-05
2019-05-16,AAPL,45.55203628540039,-0.0044094206447222,0.008855957116499086,9.325396825396825e-05
2019-05-17,AAPL,45.293212890625,-0.005698131656362691,-0.005854437174043804,9.285714285714285e-05
2019-05-20,AAPL,43.876914978027344,-0.031768868393555576,-0.006772257975405369,9.285714285714285e-05
2019-05-21,AAPL,44.71807098388672,0.01898936543715122,0.008459949093190606,9.285714285714285e-05
2019-05-22,AAPL,43.802616119384766,-0.02068414814177157,-0.0028283923638994365,9.246031746031747e-05
2019-05-23,AAPL,43.05491256713867,-0.017217206930637385,-0.01198569224128196,9.206349206349206e-05
2019-05-24,AAPL,42.889556884765625,-0.0038479703804317044,0.0013526437720373175,9.126984126984126e-05
2019-05-28,AAPL,42.71221923828125,-0.004143322912541327,-0.008410950000260244,9.206349206349206e-05
2019-05-29,AAPL,42.50851821899414,-0.004780559598734615,-0.00693591016723137,9.206349206349206e-05
2019-05-30,AAPL,42.72899627685547,0.005173274957210993,0.002096272674997037,9.246031746031747e-05
2019-05-31,AAPL,41.95493698120117,-0.018281646222685455,-0.013283205250452958,9.126984126984126e-05
2019-06-03,AAPL,41.53076171875,-0.010161714379682009,-0.002769070654307939,9.126984126984126e-05
2019-06-04,AAPL,43.05012130737305,0.035930649810642944,0.021205927081077776,9.126984126984126e-05
2019-06-05,AAPL,43.745094299316406,0.016014427520284247,0.008128726978813691,9.126984126984126e-05
2019-06-06,AAPL,44.3873405456543,0.014574829722096632,0.006116840676004416,9.047619047619046e-05
2019-06-07,AAPL,45.56880187988281,0.026269007131594923,0.010442979247260026,8.849206349206349e-05
2019-06-10,AAPL,46.15114974975586,0.012698560890446357,0.004649220074765499,8.88888888888889e-05
2019-06-11,AAPL,46.68556213378906,0.01151308089770809,-0.0003499414579512858,8.80952380952381e-05
2019-06-12,AAPL,46.5369758605957,-0.00318777845394532,-0.002039657827237423,8.69047619047619e-05
2019-06-13,AAPL,46.52738571166992,-0.00020609713101139715,0.004089010502850191,8.492063492063493e-05
2019-06-14,AAPL,46.18949508666992,-0.007288686115358171,-0.0016128117861529605,8.53174603174603e-05
2019-06-17,AAPL,46.465087890625,0.005948839395481581,0.0009313154323528439,8.650793650793651e-05
2019-06-18,AAPL,47.5578727722168,0.023246111024831945,0.009670489592970687,8.611111111111112e-05
2019-06-19,AAPL,47.41887283325195,-0.0029270330820275166,0.0029807167930238428,8.452380952380952e-05
2019-06-20,AAPL,47.7999153137207,0.008003557321328368,0.00942760533587314,8.293650793650792e-05
2019-06-21,AAPL,47.63695907592773,-0.0034149566863007613,-0.0012600162797279978,8.214285714285714e-05
2019-06-24,AAPL,47.58903503417969,-0.0010065328535955426,-0.0017333884605870258,8.253968253968253e-05
2019-06-25,AAPL,46.8676986694336,-0.015273667836752615,-0.009541775640387554,8.214285714285714e-05
2019-06-26,AAPL,47.88139724731445,0.021398352099007343,-0.0012346956788039985,8.333333333333334e-05
2019-06-27,AAPL,47.86701202392578,-0.000300479634207953,0.0038158857925908473,8.293650793650792e-05
2019-06-28,AAPL,47.43085861206055,-0.009153540457795942,0.005740941840599626,8.253968253968253e-05
2019-07-01,AAPL,48.30078125,0.01817469302924192,0.007643018610953927,8.571428571428571e-05
2019-07-02,AAPL,48.58355331420898,0.005837328984533637,0.002923847276988696,8.53174603174603e-05
2019-07-03,AAPL,48.98617935180664,0.008253139820653208,0.007643095660684157,8.571428571428571e-05
2019-07-05,AAPL,48.94302749633789,-0.0008812867917646892,-0.0018075342045486649,8.650793650793651e-05
2019-07-08,AAPL,47.93412399291992,-0.020829266022159183,-0.004847173010123794,8.769841269841269e-05
2019-07-09,AAPL,48.22649765014648,0.0060809623145569106,0.0012357930584538906,8.769841269841269e-05
2019-07-10,AAPL,48.70338439941406,0.009839908746612839,0.004500546936082614,8.53174603174603e-05
2019-07-11,AAPL,48.34870529174805,-0.007309078821162072,0.002282619578948549,8.412698412698413e-05
2019-07-12,AAPL,48.72015380859375,0.0076533366802740916,0.004609534302066538,8.333333333333334e-05
2019-07-15,AAPL,49.17789459228516,0.0093514452418932,0.00017585372838413283,8.373015873015872e-05
2019-07-16,AAPL,49.00773239135742,-0.0034661360632383576,-0.003409584555010327,8.333333333333334e-05
2019-07-17,AAPL,48.73214721679688,-0.0056391701313980545,-0.006552665466093182,8.293650793650792e-05
2019-07-18,AAPL,49.285736083984375,0.011295790824934048,0.0035755977088190827,7.976190476190474e-05
2019-07-19,AAPL,48.55001449584961,-0.015040216946713115,-0.006195889464844692,8.015873015873015e-05
2019-07-22,AAPL,49.659576416015625,0.02259675704914433,0.002824701686250326,8.095238095238096e-05
2019-07-23,AAPL,50.04779815673828,0.0077872615590320856,0.00682414513927642,8.015873015873015e-05
2019-07-24,AAPL,50.00706100463867,-0.0008142963708518771,0.004677192813475714,8.134920634920634e-05
2019-07-25,AAPL,49.61165618896485,-0.007938405618713762,-0.005276296483599537,8.174603174603175e-05
2019-07-26,AAPL,49.78419494628906,0.0034717531698823284,0.007360535770783042,8.253968253968253e-05
2019-07-29,AAPL,50.24910736083984,0.009295219716548273,-0.0016174219290574364,8.214285714285714e-05
2019-07-30,AAPL,50.03341293334961,-0.004301741908277676,-0.0025819853720443708,8.095238095238096e-05
2019-07-31,AAPL,51.0543098449707,0.020198924132938008,-0.01094520695213996,8.095238095238096e-05
2019-08-01,AAPL,49.94953918457031,-0.021876685524798857,-0.009039527568806017,8.055555555555556e-05
2019-08-02,AAPL,48.892704010009766,-0.021385096418104717,-0.007309388539565105,8.015873015873015e-05
2019-08-05,AAPL,46.333274841308594,-0.05376780105578935,-0.030230182169694777,7.936507936507937e-05
2019-08-06,AAPL,47.21037292480469,0.018753251758687632,0.012933023911166613,7.976190476190474e-05
2019-08-07,AAPL,47.69926452636719,0.01030234523831246,0.0007665823338588767,7.857142857142857e-05
2019-08-08,AAPL,48.75130462646485,0.021815979613296423,0.018588462466865085,7.857142857142857e-05
2019-08-09,AAPL,48.349586486816406,-0.008274289287592286,-0.006638593133657111,7.777777777777778e-05
2019-08-12,AAPL,48.22690582275391,-0.0025405919622178644,-0.012393809115915354,7.777777777777778e-05
2019-08-13,AAPL,50.26923751831055,0.04147623245692374,0.015018346267301863,7.777777777777778e-05
2019-08-14,AAPL,48.7729606628418,-0.030217235341822957,-0.02973035245453567,7.619047619047618e-05
2019-08-15,AAPL,48.53001403808594,-0.004993621836345862,0.0024612366981802422,7.420634920634921e-05
2019-08-16,AAPL,49.675052642822266,0.023320395498879022,0.014323058172245003,7.261904761904762e-05
2019-08-19,AAPL,50.601200103759766,0.018472445295667828,0.012033175564397505,7.53968253968254e-05
2019-08-20,AAPL,50.603607177734375,4.7568372288272404e-05,-0.007946215312115467,7.53968253968254e-05
2019-08-21,AAPL,51.15207290649414,0.010780155757582644,0.008212979557352937,7.658730158730158e-05
2019-08-22,AAPL,51.10878372192383,-0.0008466423729156093,-0.00050620295927854,7.777777777777778e-05
2019-08-23,AAPL,48.74650955200195,-0.047322779287491554,-0.02628888112283785,7.658730158730158e-05
2019-08-26,AAPL,49.67264175415039,0.018820717869033717,0.01092311273079789,7.777777777777778e-05
2019-08-27,AAPL,49.11215591430664,-0.01134773502787403,-0.0032083218005562386,7.698412698412698e-05
2019-08-28,AAPL,49.441707611083984,0.00668777282372113,0.006524151530562512,7.738095238095238e-05
2019-08-29,AAPL,50.27885437011719,0.016790246848699612,0.012607482441094399,7.738095238095238e-05
2019-08-30,AAPL,50.21388244628906,-0.0012930672392713423,0.0006425807598767749,7.738095238095238e-05
2019-09-03,AAPL,49.48260498046875,-0.014670337943443999,-0.0069230093326854165,7.698412698412698e-05
2019-09-04,AAPL,50.32216262817383,0.01682439569800525,0.010783725278421427,7.658730158730158e-05
2019-09-05,AAPL,51.30603790283203,0.019362854185716382,0.01292591292175976,7.658730158730158e-05
2019-09-06,AAPL,51.30121612548828,-9.398511621742119e-05,0.0009101908043767861,7.619047619047618e-05
2019-09-09,AAPL,51.52012634277344,0.004258076052869861,-9.401467889992668e-05,7.619047619047618e-05
2019-09-10,AAPL,52.12873840332031,0.011743863416511034,0.0003222524259310153,7.579365079365079e-05
2019-09-11,AAPL,53.78617858886719,0.031300133094726276,0.0072036723263872,7.619047619047618e-05
2019-09-12,AAPL,53.665897369384766,-0.0022387891280644225,0.0028750162782333164,7.579365079365079e-05
2019-09-13,AAPL,52.621883392333984,-0.01964567418137464,-0.0007246768769660504,7.619047619047618e-05
2019-09-16,AAPL,52.89852142333984,0.00524332076390432,-0.0031405129163559896,7.738095238095238e-05
2019-09-17,AAPL,53.09096145629883,0.0036313082995869835,0.0025784253724619854,7.738095238095238e-05
2019-09-18,AAPL,53.58892440795898,0.009335716181337208,0.00034263328426719085,7.579365079365079e-05
2019-09-19,AAPL,53.15351486206055,-0.008158178954793803,1.9974521929475905e-05,7.500000000000001e-05
2019-09-20,AAPL,52.37650680541992,-0.014726086207286012,-0.004907599104880387,7.420634920634921e-05
2019-09-23,AAPL,52.61466217041016,0.004536682004385046,-9.694061782751375e-05,7.53968253968254e-05
2019-09-24,AAPL,52.36448669433594,-0.004766202667405619,-0.00845198896355148,7.460317460317459e-05
2019-09-25,AAPL,53.17034912109375,0.015272266903966509,0.0061396852419639035,7.341269841269842e-05
2019-09-26,AAPL,52.896114349365234,-0.005171010210520873,-0.002431871009613191,7.103174603174603e-05
2019-09-27,AAPL,52.63872146606445,-0.004877884950004709,-0.005330534579128577,6.984126984126985e-05
2019-09-30,AAPL,53.87759017944336,0.02326262638145397,0.005034910215248393,7.301587301587302e-05
2019-10-01,AAPL,54.0267333984375,0.0027643621501802964,-0.012334126945412846,7.063492063492064e-05
2019-10-02,AAPL,52.67239761352539,-0.025387433109506852,-0.01806540418764383,6.944444444444444e-05
2019-10-03,AAPL,53.11983871459961,0.008458915031756336,0.007940304773866787,6.626984126984126e-05
2019-10-04,AAPL,54.60887908935547,0.027646021296388525,0.014116785239259274,6.666666666666666e-05
2019-10-07,AAPL,54.62091827392578,0.00022043773603321574,-0.00448835227368152,6.785714285714286e-05
2019-10-08,AAPL,53.98102188110352,-0.011784389803551195,-0.01568315955210993,6.666666666666666e-05
2019-10-09,AAPL,54.613677978515625,0.011651825658689493,0.009063296514845923,6.587301587301587e-05
2019-10-10,AAPL,55.34980392456055,0.013388752878453779,0.0063952024117826045,6.547619047619048e-05
2019-10-11,AAPL,56.82200241088867,0.0262505004256601,0.010879579673789056,6.547619047619048e-05
2019-10-14,AAPL,56.74021530151367,-0.0014403932075835388,-0.0013880816732189801,6.547619047619048e-05
2019-10-15,AAPL,56.60791397094727,-0.0023344256583219462,0.009906445376489171,6.507936507936507e-05
2019-10-16,AAPL,56.379390716552734,-0.004045119345696819,-0.002001544553193733,6.468253968253968e-05
2019-10-17,AAPL,56.598289489746094,0.0038750848258534273,0.002759021969775287,6.468253968253968e-05
2019-10-18,AAPL,56.8701171875,0.004791258214047268,-0.003927045709799847,6.468253968253968e-05
2019-10-21,AAPL,57.85640335083008,0.017194114441650227,0.006848114105333746,6.507936507936507e-05
2019-10-22,AAPL,57.72410202026367,-0.002289337426323795,-0.003575049258376838,6.42857142857143e-05
2019-10-23,AAPL,58.49869155883789,0.01332958851945949,0.002843103345830729,6.42857142857143e-05
2019-10-24,AAPL,58.59490585327149,0.001643374500633828,0.0019186046591713529,6.507936507936507e-05
2019-10-25,AAPL,59.31658554077149,0.012241193639891767,0.004064429510656049,6.468253968253968e-05
2019-10-28,AAPL,59.910770416259766,0.0099673399608763,0.0055658199161177,6.42857142857143e-05
2019-10-29,AAPL,58.52515411376953,-0.023399648901909646,-0.0008327519564807664,6.349206349206349e-05
2019-10-30,AAPL,58.51793670654297,-0.00012332906086345873,0.0032480894008573105,6.30952380952381e-05
2019-10-31,AAPL,59.84099960327149,0.022357720516113042,-0.0030274386345390905,5.992063492063492e-05
2019-11-01,AAPL,61.53934097290039,0.02798562278708255,0.009615930559647514,5.9126984126984124e-05
2019-11-04,AAPL,61.943477630615234,0.006545657205458763,0.0036972458053124275,5.9523809523809524e-05
2019-11-05,AAPL,61.85446548461914,-0.0014380232675164854,-0.0011864027118206639,6.071428571428572e-05
2019-11-06,AAPL,61.88092803955078,0.00042772814764472603,0.0007022505922896238,6.071428571428572e-05
2019-11-07,AAPL,62.59510803222656,0.011475105602908759,0.002726375244280665,6.071428571428572e-05
2019-11-08,AAPL,62.76642608642578,0.002733185455226906,0.002557403145115828,6.0317460317460316e-05
2019-11-11,AAPL,63.26345443725586,0.00788750930423872,-0.0019643954133371925,6.0317460317460316e-05
2019-11-12,AAPL,63.20553207397461,-0.0009159932237783241,0.0015634233012630327,6.19047619047619e-05
2019-11-13,AAPL,63.81116485595703,0.009536342644606337,0.0007112815701162954,6.111111111111111e-05
2019-11-14,AAPL,63.369625091552734,-0.006943525646677888,0.0008366926144567594,6.111111111111111e-05
2019-11-15,AAPL,64.12242126464844,0.011809441349784787,0.007666028777973181,6.111111111111111e-05
2019-11-18,AAPL,64.44573211669922,0.005029418640015006,0.0005030263228096366,6.111111111111111e-05
2019-11-19,AAPL,64.25028991699219,-0.0030372710339451434,-0.0005927700996925261,6.111111111111111e-05
2019-11-20,AAPL,63.5023078918457,-0.01170998610020831,-0.0037632564209410676,6.111111111111111e-05
2019-11-21,AAPL,63.21761322021485,-0.004493297472480662,-0.0015840060861895076,6.150793650793651e-05
2019-11-22,AAPL,63.162105560302734,-0.0008784267605123305,0.002172573942375937,6.150793650793651e-05
2019-11-25,AAPL,64.26958465576172,0.017381971113545645,0.0074792518874672075,6.26984126984127e-05
2019-11-26,AAPL,63.767723083496094,-0.007839342318188001,0.0021931636449402277,6.230158730158731e-05
2019-11-27,AAPL,64.624267578125,0.013342844796411242,0.0041657356252997445,6.30952380952381e-05
2019-11-29,AAPL,64.48191833496094,-0.002205150742246199,-0.004019286229989053,6.19047619047619e-05
2019-12-02,AAPL,63.736358642578125,-0.01162966954429841,-0.008668483693963605,6.230158730158731e-05
2019-12-03,AAPL,62.59994888305664,-0.017990717522769404,-0.006660225258045148,6.111111111111111e-05
2019-12-04,AAPL,63.152462005615234,0.008787373124315377,0.006303657608769993,6.0317460317460316e-05
2019-12-05,AAPL,64.07898712158203,0.014564661502539175,0.0014991269266302707,5.992063492063492e-05
2019-12-06,AAPL,65.31674194335938,0.01913189229716148,0.009094246030426013,5.9523809523809524e-05
2019-12-09,AAPL,64.40229034423828,-0.01409919163570745,-0.003167833684474369,5.992063492063492e-05
2019-12-10,AAPL,64.7786865234375,0.005827440750135394,-0.0010975361689841293,6.071428571428572e-05
2019-12-11,AAPL,65.33119201660156,0.008492957189615739,0.0029039375293507703,6.111111111111111e-05
2019-12-12,AAPL,65.49768829345703,0.0025452540195332403,0.008538667375555057,6.071428571428572e-05
2019-12-13,AAPL,66.38800048828125,0.013501475824712911,7.25791502146863e-05,6.111111111111111e-05
2019-12-16,AAPL,67.52444458007812,0.016973349634571984,0.007122360942542787,6.111111111111111e-05
2019-12-17,AAPL,67.65717315673828,0.001963708106679525,0.0003352360284609262,6.071428571428572e-05
2019-12-18,AAPL,67.4954833984375,-0.0023926993306918496,-0.0004323936405227425,6.071428571428572e-05
2019-12-19,AAPL,67.56304931640625,0.0010005428349798143,0.004449378821864254,6.111111111111111e-05
2019-12-20,AAPL,67.4231185913086,-0.0020732609479902934,0.004932595804334098,6.150793650793651e-05
2019-12-23,AAPL,68.5233383178711,0.016186427700681582,0.0008657687142985109,6.19047619047619e-05
2019-12-24,AAPL,68.5884780883789,0.000950170118315896,-0.00019546730246814044,6.150793650793651e-05
2019-12-26,AAPL,69.94932556152344,0.01964649661270306,0.005115062410053991,6.150793650793651e-05
2019-12-27,AAPL,69.92276763916016,-0.0003797458388547865,3.3984139657930306e-05,6.111111111111111e-05
2019-12-30,AAPL,70.33776092529297,0.005917480867211512,-0.005797596079349905,6.111111111111111e-05
2019-12-31,AAPL,70.8517074584961,0.007280271101171966,0.002941690644190719,6.0317460317460316e-05
2020-01-02,AAPL,72.46829223632812,0.02256005225924295,0.008343895362316707,5.992063492063492e-05
2020-01-03,AAPL,71.76372528076172,-0.009769988274258352,-0.007084909364954553,5.9126984126984124e-05
2020-01-06,AAPL,72.3355484008789,0.007936557999901311,0.003527145194272564,6.071428571428572e-05
2020-01-07,AAPL,71.99533081054688,-0.004714420397402104,-0.0028071750845948405,5.992063492063492e-05
2020-01-08,AAPL,73.15349578857422,0.01595864858205086,0.004890473485641129,5.992063492063492e-05
2020-01-09,AAPL,74.70732879638672,0.021018281408632045,0.006633214116906491,5.992063492063492e-05
2020-01-10,AAPL,74.876220703125,0.002258162466027057,-0.0028592624875049015,5.992063492063492e-05
2020-01-13,AAPL,76.47590637207031,0.02113938232440786,0.006951994045933256,6.111111111111111e-05
2020-01-14,AAPL,75.4432373046875,-0.01359519212603991,-0.0015156808368957204,6.111111111111111e-05
2020-01-15,AAPL,75.11991882324219,-0.0042947954431177045,0.0018684502436879626,6.111111111111111e-05
2020-01-16,AAPL,76.06092071533203,0.012448853273938779,0.008331747422232019,6.0317460317460316e-05
2020-01-17,AAPL,76.9029769897461,0.011009980697136804,0.003854723247485144,6.071428571428572e-05
2020-01-21,AAPL,76.3818130493164,-0.0067999695011579115,-0.002655500369585384,6.071428571428572e-05
2020-01-22,AAPL,76.65446472167969,0.00356323304270365,0.00028903429668107475,6.0317460317460316e-05
2020-01-23,AAPL,77.02362823486328,0.004804383190475166,0.001140326193358241,6.0317460317460316e-05
2020-01-24,AAPL,76.8016357421875,-0.0028862963215423483,-0.009083289426193788,5.992063492063492e-05
2020-01-27,AAPL,74.54328155517578,-0.02984602148774221,-0.015855752356844034,6.0317460317460316e-05
2020-01-28,AAPL,76.65205383300781,0.027896482744553787,0.010003383500352516,6.111111111111111e-05
2020-01-29,AAPL,78.25657653808594,0.02071647119379407,-0.0008672501435846315,6.071428571428572e-05
2020-01-30,AAPL,78.1431655883789,-0.0014502705444780942,0.0031294569302110597,6.111111111111111e-05
2020-01-31,AAPL,74.67837524414062,-0.04535203836056165,-0.01786444357136295,6.0317460317460316e-05
2020-02-03,AAPL,74.47329711914062,-0.00274992899490599,0.007228425761232584,6.111111111111111e-05
2020-02-04,AAPL,76.93193817138672,0.03248047791018028,0.014869315917506062,6.111111111111111e-05
2020-02-05,AAPL,77.55926513671875,0.008121244443965673,0.011187778658972936,6.111111111111111e-05
2020-02-06,AAPL,78.4664535522461,0.011628834609692697,0.003320155057001924,6.111111111111111e-05
2020-02-07,AAPL,77.39989471435547,-0.013685769852598858,-0.005415491009458352,6.071428571428572e-05
2020-02-10,AAPL,77.76750946044922,0.004738307453709685,0.007299690120573207,6.150793650793651e-05
2020-02-11,AAPL,77.2983169555664,-0.006051545302950779,0.0016870486860021178,6.111111111111111e-05
2020-02-12,AAPL,79.13397216796875,0.023470083898245137,0.006441853105203067,6.150793650793651e-05
2020-02-13,AAPL,78.57046508789062,-0.007146399785852878,-0.0016317763599886593,6.19047619047619e-05
2020-02-14,AAPL,78.5898208618164,0.0002463188954725461,0.0018418360984854144,6.150793650793651e-05
2020-02-18,AAPL,77.15081024169922,-0.018480104558996676,-0.0029242139861477136,6.150793650793651e-05
2020-02-19,AAPL,78.26815032958984,0.014378674702364449,0.004694748284284925,6.150793650793651e-05
2020-02-20,AAPL,77.4652099609375,-0.010311823775083225,-0.0038228174279975285,6.150793650793651e-05
2020-02-21,AAPL,75.7117691040039,-0.022895313152573257,-0.010573809232819777,6.071428571428572e-05
2020-02-24,AAPL,72.11541748046875,-0.04866576257735434,-0.03408807942044074,5.9523809523809524e-05
2020-02-25,AAPL,69.67273712158203,-0.03445876089499824,-0.030747904375353224,5.9523809523809524e-05
2020-02-26,AAPL,70.77799987792969,0.015739121006653867,-0.00378569732353003,5.9523809523809524e-05
2020-02-27,AAPL,66.15135955810547,-0.06760277321933018,-0.045168136352261155,5.634920634920634e-05
2020-02-28,AAPL,66.11266326904297,-0.0005851370514740425,-0.008272463109653077,4.96031746031746e-05
2020-03-02,AAPL,72.26778411865234,0.08901813772136954,0.0450108687694132,4.3650793650793655e-05
2020-03-03,AAPL,69.97262573242188,-0.0322743390746356,-0.02851048492291458,3.690476190476191e-05
2020-03-04,AAPL,73.21827697753906,0.04534097068686186,0.041336349360633136,2.817460317460317e-05
2020-03-05,AAPL,70.84326934814453,-0.03297511227725996,-0.034510782439981125,2.4206349206349206e-05
2020-03-06,AAPL,69.90247344970703,-0.013368928848972646,-0.01720094365238617,1.785714285714286e-05
2020-03-09,AAPL,64.37374877929688,-0.08239511180340311,-0.07901041294037148,1.2698412698412699e-05
2020-03-10,AAPL,69.01004791259766,0.06954619356021835,0.048215052425859106,1.7063492063492063e-05
2020-03-11,AAPL,66.61329650878906,-0.03534791101852908,-0.05010289280860541,1.6269841269841268e-05
2020-03-12,AAPL,60.0349235534668,-0.10397775278281192,-0.09994485240247351,1.3095238095238094e-05
2020-03-13,AAPL,67.22758483886719,0.1131571998595152,0.08880840694923595,1.0714285714285714e-05
2020-03-16,AAPL,58.5789794921875,-0.13770773148218868,-0.12765219747281742,9.523809523809523e-06
2020-03-17,AAPL,61.15469741821289,0.04303075664905355,0.05822631263569171,7.5396825396825394e-06
2020-03-18,AAPL,59.65763854980469,-0.02478448063906101,-0.053222272332080246,7.936507936507937e-07
2020-03-19,AAPL,59.200531005859375,-0.007691684959796678,0.004696760970401053,1.5873015873015873e-06
2020-03-20,AAPL,55.44214630126953,-0.06559044346315769,-0.04432762405336681,1.984126984126984e-06
2020-03-23,AAPL,54.26433181762695,-0.02147292957914213,-0.02973150100957679,7.936507936507937e-07
2020-03-24,AAPL,59.70843124389648,0.09560609879191576,0.08968323251796326,3.9682539682539683e-07
2020-03-25,AAPL,59.37950897216797,-0.005524037237572361,0.011468990420822226,-1.5873015873015873e-06
2020-03-26,AAPL,62.50423049926758,0.051285042384561885,0.06054383107424656,-1.984126984126984e-06
2020-03-27,AAPL,59.91641998291016,-0.04228365162949336,-0.0342678455416263,1.1904761904761904e-06
2020-03-30,AAPL,61.62630844116211,0.028138273637983695,0.032966590569974794,4.7619047619047615e-06
2020-03-31,AAPL,61.50054550170898,-0.002042819728777032,-0.016142310788415843,4.365079365079366e-06
2020-04-01,AAPL,58.26456069946289,-0.05405201442138763,-0.04514636273278691,3.5714285714285714e-06
2020-04-02,AAPL,59.23680877685547,0.016549088252237346,0.022572657056960366,3.5714285714285714e-06
2020-04-03,AAPL,58.38549041748047,-0.014475711341012089,-0.015252860825944299,3.968253968253968e-06
2020-04-06,AAPL,63.47890472412109,0.08364023442657038,0.06796824414483035,5.9523809523809525e-06
2020-04-07,AAPL,62.74367141723633,-0.011649922618818252,-0.001604339048362459,5.555555555555557e-06
2020-04-08,AAPL,64.34957122802734,0.02527255187960739,0.033489371191284686,8.730158730158731e-06
2020-04-09,AAPL,64.81391143798828,0.007189992105384661,0.014383470303699339,9.92063492063492e-06
2020-04-13,AAPL,66.08604431152344,0.019437331632808877,-0.01015605944467711,1.0317460317460317e-05
2020-04-14,AAPL,69.42359924316406,0.04926926180643077,0.03011455957230757,7.936507936507936e-06
2020-04-15,AAPL,68.78996276855469,-0.009169012137062832,-0.022276732672369248,5.555555555555557e-06
2020-04-16,AAPL,69.33655548095703,0.007914418932012526,0.0057998378395412884,5.555555555555557e-06
2020-04-17,AAPL,68.39573669433594,-0.013661769580599089,0.026440932021320578,4.7619047619047615e-06
2020-04-20,AAPL,66.97608184814453,-0.02097492534110383,-0.018042845615347775,4.7619047619047615e-06
2020-04-21,AAPL,64.90583038330078,-0.031398112225198734,-0.031155115236330667,4.365079365079366e-06
2020-04-22,AAPL,66.77533721923828,0.02839635297597248,0.02267130058213675,4.7619047619047615e-06
2020-04-23,AAPL,66.51655578613281,-0.003882933198884571,-0.0005395676601955963,4.365079365079366e-06
2020-04-24,AAPL,68.43685913085938,0.028460679802450345,0.013822090566839217,4.7619047619047615e-06
2020-04-27,AAPL,68.48522186279297,0.0007064270947952679,0.014606868181735996,4.7619047619047615e-06
2020-04-28,AAPL,67.37515258789062,-0.016341688781894143,-0.005256170190483643,4.365079365079366e-06
2020-04-29,AAPL,69.58807373046875,0.03231690422830464,0.02623670404507307,3.968253968253968e-06
2020-04-30,AAPL,71.05610656738281,0.020876600104526098,-0.009255143319054839,3.5714285714285714e-06
2020-05-01,AAPL,69.91217041015625,-0.01623005249740578,-0.028460211014775954,4.7619047619047615e-06
2020-05-04,AAPL,70.9013442993164,0.014049648039093926,0.0042408225788494016,5.158730158730158e-06
2020-05-05,AAPL,71.96549224853516,0.014897335945055124,0.008999935197779802,5.158730158730158e-06
2020-05-06,AAPL,72.70796966552734,0.010264272739701085,-0.007003880399042588,4.7619047619047615e-06
2020-05-07,AAPL,73.46011352539062,0.010291583253295364,0.011438955754890805,4.365079365079366e-06
2020-05-08,AAPL,75.2085952758789,0.023522937511042074,0.016730795065226244,4.7619047619047615e-06
2020-05-11,AAPL,76.39203643798828,0.015612932329210068,0.0001330693667907644,4.7619047619047615e-06
2020-05-12,AAPL,75.51899719238281,-0.011494212588228855,-0.020713365772047604,5.158730158730158e-06
2020-05-13,AAPL,74.60717010498047,-0.012147626447683437,-0.017616996624280044,5.158730158730158e-06
2020-05-14,AAPL,75.06554412841797,0.006125037002466459,0.01145891780407149,4.7619047619047615e-06
2020-05-15,AAPL,74.62173461914062,-0.005929840043360992,0.003918675203723029,4.7619047619047615e-06
2020-05-18,AAPL,76.37989807128906,0.02328773374375801,0.031015208770073424,5.158730158730158e-06
2020-05-19,AAPL,75.93856048583984,-0.0057949486187224035,-0.010539747711599283,5.158730158730158e-06
2020-05-20,AAPL,77.41541290283203,0.01926129519985803,0.0165139906134157,4.7619047619047615e-06
2020-05-21,AAPL,76.83824920654297,-0.0074833411647222976,-0.007803968309953686,4.7619047619047615e-06
2020-05-22,AAPL,77.33296203613281,0.006417729011653067,0.002350945686812366,4.7619047619047615e-06
2020-05-26,AAPL,76.80914306640625,-0.006796598318242832,0.01221428502146052,5.555555555555557e-06
2020-05-27,AAPL,77.143798828125,0.004347514048223584,0.014718447490314346,5.9523809523809525e-06
2020-05-28,AAPL,77.1777572631836,0.00044009970436820195,-0.0021101393249195488,5.9523809523809525e-06
2020-05-29,AAPL,77.10257720947266,-0.0009745903120910317,0.004800793552307952,5.555555555555557e-06
2020-06-01,AAPL,78.05078887939453,0.012223047417648234,0.003744216478364391,5.555555555555557e-06
2020-06-02,AAPL,78.4121322631836,0.004618909369301858,0.008177307282398658,5.9523809523809525e-06
2020-06-03,AAPL,78.84376525878906,0.00548957573433907,0.01355667081256392,6.349206349206349e-06
2020-06-04,AAPL,78.16476440429688,-0.008649276430362802,-0.003374389083608904,5.9523809523809525e-06
2020-06-05,AAPL,80.39098358154297,0.028083062445127913,0.025874012821635813,5.9523809523809525e-06
2020-06-08,AAPL,80.86627197265625,0.005894801642046792,0.011969656405806002,6.746031746031747e-06
2020-06-09,AAPL,83.41986846923828,0.03108968500808421,-0.007829743419721978,7.5396825396825394e-06
2020-06-10,AAPL,85.56607055664062,0.025402320531474277,-0.005327255735182077,6.746031746031747e-06
2020-06-11,AAPL,81.45800018310547,-0.04920128033030042,-0.06075269299628893,6.746031746031747e-06
2020-06-12,AAPL,82.16123962402344,0.008596101193376423,0.012976286605211731,6.349206349206349e-06
2020-06-15,AAPL,83.17737579345703,0.01229173185652903,0.00827786081817526,7.142857142857143e-06
2020-06-16,AAPL,85.38176727294922,0.026157194736460186,0.018784852866710527,6.746031746031747e-06
2020-06-17,AAPL,85.26293182373047,-0.0013927824193541943,-0.0036067962326294138,6.746031746031747e-06
2020-06-18,AAPL,85.29689025878906,0.00039819970603482594,0.0005940434038017573,6.349206349206349e-06
2020-06-19,AAPL,84.80943298339844,-0.005731222689291682,-0.005665513565673728,5.9523809523809525e-06
2020-06-22,AAPL,87.02838134765625,0.02582751321934129,0.006474093296658384,6.349206349206349e-06
2020-06-23,AAPL,88.88597106933594,0.021120036480485955,0.004298169191483789,6.349206349206349e-06
2020-06-24,AAPL,87.31696319580078,-0.01780957112275704,-0.0261952655956623,5.9523809523809525e-06
2020-06-25,AAPL,88.47614288330078,0.01318819053252052,0.01089982772821816,6.349206349206349e-06
2020-06-26,AAPL,85.75764465332031,-0.031207711184312644,-0.024525204274831163,5.555555555555557e-06
2020-06-29,AAPL,87.73406219482422,0.02278498589188874,0.01457888811353358,5.555555555555557e-06
2020-06-30,AAPL,88.46643829345703,0.008313033325810236,0.015292349435755562,6.349206349206349e-06
2020-07-01,AAPL,88.29911041259766,-0.0018932188094723465,0.005009563975870565,5.555555555555557e-06
2020-07-02,AAPL,88.29911041259766,0.0,0.0045309704768169146,5.555555555555557e-06
2020-07-06,AAPL,90.66114044189452,0.026398791805135855,0.01575693083216329,5.9523809523809525e-06
2020-07-07,AAPL,90.37982177734376,-0.0031077927064205677,-0.010877477869643567,5.9523809523809525e-06
2020-07-08,AAPL,92.48479461669922,0.023023216428558785,0.007796986263430269,5.9523809523809525e-06
2020-07-09,AAPL,92.8824691772461,0.004290673148023485,-0.005659591476194623,5.158730158730158e-06
2020-07-10,AAPL,93.04497528076172,0.00174805979149932,0.010411809774443004,5.158730158730158e-06
2020-07-13,AAPL,92.61573028564452,-0.004623980703097455,-0.009406645216058874,5.555555555555557e-06
2020-07-14,AAPL,94.14838409423828,0.016413091136624324,0.01331730058290395,5.9523809523809525e-06
2020-07-15,AAPL,94.79586791992188,0.006853729111453378,0.009041056936355048,6.349206349206349e-06
2020-07-16,AAPL,93.62939453125,-0.012381442649129775,-0.0034119152141152374,4.365079365079366e-06
2020-07-17,AAPL,93.44024658203124,-0.002022220308449681,0.0028445625875835605,4.365079365079366e-06
2020-07-20,AAPL,95.4094009399414,0.020854957935812345,0.008371797255140334,5.158730158730158e-06
2020-07-21,AAPL,94.09259033203124,-0.013897814942059546,0.0016776293345600682,5.158730158730158e-06
2020-07-22,AAPL,94.35694122314452,0.0028055369766609036,0.005730630594473862,5.158730158730158e-06
2020-07-23,AAPL,90.0621337890625,-0.046585030416460296,-0.012396378412246847,4.7619047619047615e-06
2020-07-24,AAPL,89.83902740478516,-0.002480323052680951,-0.006209640024276134,4.365079365079366e-06
2020-07-27,AAPL,91.9682388305664,0.02342380282875343,0.007367928821482373,4.365079365079366e-06
2020-07-28,AAPL,90.45744323730467,-0.016563787704485328,-0.006494435418646306,4.365079365079366e-06
2020-07-29,AAPL,92.19133758544922,0.01898667407688158,0.012351783351742583,4.365079365079366e-06
2020-07-30,AAPL,93.30686950683594,0.012027559584337873,-0.0037573017634548516,3.5714285714285714e-06
2020-07-31,AAPL,103.07504272460938,0.09956355979548534,0.0076412362421762695,3.5714285714285714e-06
2020-08-03,AAPL,105.67227172851562,0.024885235458617223,0.007155362664358673,3.968253968253968e-06
2020-08-04,AAPL,106.37798309326172,0.006656101128527083,0.003605423026133557,3.5714285714285714e-06
2020-08-05,AAPL,106.76358795166016,0.003618301931493822,0.006409160435517922,3.968253968253968e-06
2020-08-06,AAPL,110.48849487304688,0.034294465129385325,0.006407126020664802,3.968253968253968e-06
2020-08-07,AAPL,107.97642517089844,-0.022998478899275383,0.0006328292699566697,3.968253968253968e-06
2020-08-10,AAPL,109.54586029052734,0.014430359174617241,0.0027384652733919213,4.365079365079366e-06
2020-08-11,AAPL,106.28797912597656,-0.030191082484747743,-0.008001055401377298,4.365079365079366e-06
2020-08-12,AAPL,109.82037353515624,0.03269386865321091,0.013899502293613534,4.365079365079366e-06
2020-08-13,AAPL,111.76393127441406,0.017542827186768733,-0.002049272676156681,3.968253968253968e-06
2020-08-14,AAPL,111.66434478759766,-0.0008914403777934861,-0.00017189739627902921,3.968253968253968e-06
2020-08-17,AAPL,111.37281036376952,-0.002614224429676189,0.002706177507423456,3.968253968253968e-06
2020-08-18,AAPL,112.30084228515624,0.008298136465109048,0.0023007404198168474,3.5714285714285714e-06
2020-08-19,AAPL,112.4417495727539,0.00125394394445736,-0.004414123345182018,4.365079365079366e-06
2020-08-20,AAPL,114.9367904663086,0.021947023158508067,0.0031536547683461333,4.365079365079366e-06
2020-08-21,AAPL,120.85975646972656,0.050248506820822575,0.0034351999829724668,3.968253968253968e-06
2020-08-24,AAPL,122.30526733398438,0.011889274774013026,0.009993615364903508,4.7619047619047615e-06
2020-08-25,AAPL,121.30189514160156,-0.008237671308060924,0.003589899745540117,4.365079365079366e-06
2020-08-26,AAPL,122.95150756835938,0.013507590805695295,0.010144001344841499,4.365079365079366e-06
2020-08-27,AAPL,121.481689453125,-0.01202648289066755,0.0016716460318091384,4.365079365079366e-06
2020-08-28,AAPL,121.2848892211914,-0.0016213127533308762,0.006710002849570254,3.968253968253968e-06
2020-08-31,AAPL,125.3979263305664,0.03334985704246378,-0.002197375175508541,4.365079365079366e-06
2020-09-01,AAPL,130.3928680419922,0.039059863444104524,0.007496831420705943,4.7619047619047615e-06
2020-09-02,AAPL,127.69132232666016,-0.02093614792698033,0.01524905014386973,4.7619047619047615e-06
2020-09-03,AAPL,117.4682388305664,-0.08344781792084974,-0.0357575941421853,4.365079365079366e-06
2020-09-04,AAPL,117.54598999023438,0.0006616719582875893,-0.008166280754275102,4.365079365079366e-06
2020-09-08,AAPL,109.6357650756836,-0.06966601621262275,-0.02814882908646679,5.158730158730158e-06
2020-09-09,AAPL,114.00872802734376,0.03911136214200207,0.019944760662180386,4.7619047619047615e-06
2020-09-10,AAPL,110.2868194580078,-0.03319058519561701,-0.017741245925395586,4.7619047619047615e-06
2020-09-11,AAPL,108.83888244628906,-0.013215775907645647,0.0005329301580873496,4.365079365079366e-06
2020-09-14,AAPL,112.10405731201172,0.029558877103547543,0.012661335025022992,4.365079365079366e-06
2020-09-15,AAPL,112.27897644042967,0.001559112210276783,0.005205785930499657,4.365079365079366e-06
2020-09-16,AAPL,108.9652328491211,-0.029957768655604615,-0.0046296468921518345,4.7619047619047615e-06
2020-09-17,AAPL,107.22572326660156,-0.016092690965059667,-0.008447949528552457,3.5714285714285714e-06
2020-09-18,AAPL,103.82452392578124,-0.03223397154321798,-0.011245576947828505,3.968253968253968e-06
2020-09-21,AAPL,106.97307586669922,0.02987497123054252,-0.011638564027297718,3.968253968253968e-06
2020-09-22,AAPL,108.65423583984376,0.01559351665883465,0.010463016398376152,3.968253968253968e-06
2020-09-23,AAPL,104.09662628173828,-0.042851125384178804,-0.02400733891437413,4.365079365079366e-06
2020-09-24,AAPL,105.16555786132812,0.01021628328310854,0.0029830055546290505,3.968253968253968e-06
2020-09-25,AAPL,109.1109848022461,0.03682972345853219,0.015850439224188495,3.968253968253968e-06
2020-09-28,AAPL,111.71534729003906,0.023588520640418636,0.0159821918538544,4.365079365079366e-06
2020-09-29,AAPL,110.8698959350586,-0.007596688878567108,-0.004824282704443997,3.5714285714285714e-06
2020-09-30,AAPL,112.54134368896484,0.014963248428015406,0.00821984256837961,3.968253968253968e-06
2020-10-01,AAPL,113.4936981201172,0.008426658618661233,0.0052789495642950775,3.5714285714285714e-06
2020-10-02,AAPL,109.83008575439452,-0.03281281561718238,-0.009623812866370861,3.5714285714285714e-06
2020-10-05,AAPL,113.21188354492188,0.030326641979242817,0.017813109002900934,3.968253968253968e-06
2020-10-06,AAPL,109.96614837646484,-0.029088562173293704,-0.014072064387523205,3.968253968253968e-06
2020-10-07,AAPL,111.83196258544922,0.016824834210459622,0.017247163770241564,3.968253968253968e-06
2020-10-08,AAPL,111.72505950927734,-0.0009563831484120434,0.007978212894869286,3.5714285714285714e-06
2020-10-09,AAPL,113.66858673095705,0.017246053073913647,0.008755095180752877,3.968253968253968e-06
2020-10-12,AAPL,120.88890838623048,0.061584930828868636,0.01628253015832422,3.968253968253968e-06
2020-10-13,AAPL,117.68203735351562,-0.026885622562153565,-0.006326891629163268,4.365079365079366e-06
2020-10-14,AAPL,117.7695083618164,0.0007430064819420793,-0.0066451720840594065,4.7619047619047615e-06
2020-10-15,AAPL,117.30305480957033,-0.0039685972549417204,-0.001528923514213078,4.365079365079366e-06
2020-10-16,AAPL,115.66073608398438,-0.014099581112543407,0.00013491045663045577,4.365079365079366e-06
2020-10-19,AAPL,112.7065658569336,-0.025873537966288742,-0.016464663514942676,4.365079365079366e-06
2020-10-20,AAPL,114.19337463378906,0.013105601124175812,0.0047161953200011274,3.968253968253968e-06
2020-10-21,AAPL,113.57144165039062,-0.005461199313318327,-0.0021981140115702774,3.968253968253968e-06
2020-10-22,AAPL,112.48303985595705,-0.009629627316100679,0.0052053540034913415,3.5714285714285714e-06
2020-10-23,AAPL,111.7930908203125,-0.006152694092782128,0.003439838320389479,3.968253968253968e-06
2020-10-26,AAPL,111.80278778076172,8.673648652181943e-05,-0.018764472985322012,4.365079365079366e-06
2020-10-27,AAPL,113.30904388427734,0.013382491467105673,-0.003030205350445511,3.968253968253968e-06
2020-10-28,AAPL,108.06146240234376,-0.047418825736108984,-0.03592554210857772,3.968253968253968e-06
2020-10-29,AAPL,112.06517791748048,0.03638048615383639,0.01187652493999744,3.5714285714285714e-06
2020-10-30,AAPL,105.78751373291016,-0.05764815290993946,-0.012203713445259962,3.5714285714285714e-06
2020-11-02,AAPL,105.70005798339844,-0.0008270533704376338,0.012242950890591667,3.5714285714285714e-06
2020-11-03,AAPL,107.32292938232422,0.01523687951580364,0.01764273768407783,3.968253968253968e-06
2020-11-04,AAPL,111.70564270019533,0.04002490040562289,0.021807525655091704,3.968253968253968e-06
2020-11-05,AAPL,115.6704559326172,0.034878029603296,0.01927326577670128,3.968253968253968e-06
2020-11-06,AAPL,115.53905487060548,-0.0011366407523827784,-0.00028775658537381985,3.968253968253968e-06
2020-11-09,AAPL,113.2319793701172,-0.020169981071984314,0.011631974746344153,4.365079365079366e-06
2020-11-10,AAPL,112.89127349853516,-0.003013455052378615,-0.001400775220867666,3.968253968253968e-06
2020-11-11,AAPL,116.31781005859376,0.029901012649190106,0.007622728362991461,3.968253968253968e-06
2020-11-12,AAPL,116.04525756835938,-0.0023459202704944502,-0.01002865154706935,3.968253968253968e-06
2020-11-13,AAPL,116.09392547607422,0.00041929938573577376,0.013518546706294007,3.5714285714285714e-06
2020-11-16,AAPL,117.10631561279295,0.008682636794638375,0.011580734922832603,3.5714285714285714e-06
2020-11-17,AAPL,116.22047424316406,-0.007593175446054053,-0.004803443784647531,3.5714285714285714e-06
2020-11-18,AAPL,114.89656066894533,-0.011456776051550585,-0.011631210647481315,3.5714285714285714e-06
2020-11-19,AAPL,115.49037170410156,0.005154913466583049,0.003938675690732779,2.7777777777777783e-06
2020-11-20,AAPL,114.2248992919922,-0.011017858832309334,-0.006815737372918576,2.7777777777777783e-06
2020-11-23,AAPL,110.82754516601562,-0.030193959787443887,0.005620108181849693,3.1746031746031746e-06
2020-11-24,AAPL,112.11248016357422,0.011527308512833711,0.016032458814031775,3.5714285714285714e-06
2020-11-25,AAPL,112.94965362548828,0.007439521780349452,-0.0015856747555094064,3.5714285714285714e-06
2020-11-27,AAPL,113.49480438232422,0.004814883215266195,0.0023941110259011363,3.5714285714285714e-06
2020-11-30,AAPL,115.88951110839844,0.020880187247748715,-0.004606140636972006,3.1746031746031746e-06
2020-12-01,AAPL,119.46205139160156,0.030361512607405848,0.011208140661592923,3.5714285714285714e-06
2020-12-02,AAPL,119.8125,0.002929261444208704,0.0017895645286042845,3.5714285714285714e-06
2020-12-03,AAPL,119.67623901367188,-0.0011379324271604872,-0.0006243520802942291,3.1746031746031746e-06
2020-12-04,AAPL,119.00454711914062,-0.005628384911983024,0.00879746371518688,3.5714285714285714e-06
2020-12-07,AAPL,120.46470642089844,0.012195113789897521,-0.001937513438963252,3.1746031746031746e-06
2020-12-08,AAPL,121.07799530029295,0.005078109940318581,0.002783271170170473,3.5714285714285714e-06
2020-12-09,AAPL,118.54702758789062,-0.021125188066995364,-0.00798096494847171,3.1746031746031746e-06
2020-12-10,AAPL,119.96826171875,0.011917482992516985,-0.0012859345277717227,3.1746031746031746e-06
2020-12-11,AAPL,119.16030883789062,-0.006757502489104838,-0.0012657980842328352,3.1746031746031746e-06
2020-12-14,AAPL,118.54702758789062,-0.0051599805034122535,-0.0043687882451469585,3.5714285714285714e-06
2020-12-15,AAPL,124.48507690429688,0.04887610536801668,0.012838482022218645,3.1746031746031746e-06
2020-12-16,AAPL,124.41691589355467,-0.0005476935855745076,0.0017712256203230642,3.5714285714285714e-06
2020-12-17,AAPL,125.28331756591795,0.006939562188923808,0.0057411428089832834,3.1746031746031746e-06
2020-12-18,AAPL,123.2974624633789,-0.015977883326246573,-0.003517296952148704,3.1746031746031746e-06
2020-12-21,AAPL,124.82576751708984,0.012319075337671397,-0.003913928486909485,3.5714285714285714e-06
2020-12-22,AAPL,128.3788604736328,0.028066834532977876,-0.0020752446917703606,3.5714285714285714e-06
2020-12-23,AAPL,127.48330688476562,-0.007000310012831857,0.0007455332718186887,3.5714285714285714e-06
2020-12-24,AAPL,128.4665069580078,0.007682794487077825,0.0035303499794869524,3.5714285714285714e-06
2020-12-28,AAPL,133.0612030029297,0.03514097120905413,0.0086847075384115,4.365079365079366e-06
2020-12-29,AAPL,131.28952026367188,-0.013404232409988434,-0.002229864827278697,3.968253968253968e-06
2020-12-30,AAPL,130.17005920410156,-0.008563219619355609,0.0013406480950792154,3.1746031746031746e-06
2020-12-31,AAPL,129.16738891601562,-0.0077325915821431015,0.006418204711703793,3.5714285714285714e-06
2021-01-04,AAPL,125.9744644165039,-0.025029928666118074,-0.014864762712025787,3.5714285714285714e-06
2021-01-05,AAPL,127.53199768066406,0.012288072262618292,0.007057631383362026,3.5714285714285714e-06
2021-01-06,AAPL,123.2390594482422,-0.034241253485481044,0.005693603382474094,3.5714285714285714e-06
2021-01-07,AAPL,127.44440460205078,0.033554185338979046,0.014738260107752971,3.5714285714285714e-06
2021-01-08,AAPL,128.54437255859375,0.008593929301406228,0.00547683739351537,3.1746031746031746e-06
2021-01-11,AAPL,125.55589294433594,-0.023523134935092456,-0.006576327616621317,3.1746031746031746e-06
2021-01-12,AAPL,125.3806381225586,-0.0013968061925995344,0.000415702030569564,3.5714285714285714e-06
2021-01-13,AAPL,127.41517639160156,0.016096644655050465,0.0022730563867261076,3.5714285714285714e-06
2021-01-14,AAPL,125.48773956298828,-0.015242798921884322,-0.003760513068743101,3.5714285714285714e-06
2021-01-15,AAPL,123.76473236083984,-0.013825617330891974,-0.007216000798278504,3.5714285714285714e-06
2021-01-19,AAPL,124.43641662597656,0.005412431873055373,0.008103457635761657,3.5714285714285714e-06
2021-01-20,AAPL,128.52488708496094,0.0323276837792844,0.013839417376510862,3.1746031746031746e-06
2021-01-21,AAPL,133.2364044189453,0.036002467817575046,0.00031667316131354906,3.5714285714285714e-06
2021-01-22,AAPL,135.37802124023438,0.015945995422756445,-0.0030151526629377105,3.1746031746031746e-06
2021-01-25,AAPL,139.12582397460938,0.027307709490845423,0.0036093175130174657,3.5714285714285714e-06
2021-01-26,AAPL,139.35943603515625,0.001677734148917759,-0.001489943161153501,2.7777777777777783e-06
2021-01-27,AAPL,138.2886199951172,-0.007713515914051119,-0.02601331512610035,3.1746031746031746e-06
2021-01-28,AAPL,133.45057678222656,-0.03561175243582386,0.009713298778760395,2.7777777777777783e-06
2021-01-29,AAPL,128.45675659179688,-0.038138874805352184,-0.019500377654792,2.3809523809523808e-06
2021-02-01,AAPL,130.57888793945312,0.01638522628548014,0.015924300234678626,2.7777777777777783e-06
2021-02-02,AAPL,131.4062957763672,0.006316468558675243,0.013802528814310624,2.7777777777777783e-06
2021-02-03,AAPL,130.3842010498047,-0.007808533406015116,0.0010082606153447803,1.5873015873015873e-06
2021-02-04,AAPL,133.74261474609375,0.02543168284111781,0.010794847643921975,1.5873015873015873e-06
2021-02-05,AAPL,133.32826232910156,-0.0031029422150950265,0.003889919607763825,1.1904761904761904e-06
2021-02-08,AAPL,133.47450256347656,0.001096242380240735,0.007372107476289037,1.984126984126984e-06
2021-02-09,AAPL,132.5971221923828,-0.006595092972075879,-0.0011141454217211749,1.5873015873015873e-06
2021-02-10,AAPL,131.99261474609375,-0.004569402465099808,-0.0003452445223915674,1.984126984126984e-06
2021-02-11,AAPL,131.73916625976562,-0.001922017614900833,0.0016610748145877074,1.984126984126984e-06
2021-02-12,AAPL,131.97317504882812,0.0017747280944225988,0.004699970926162608,1.5873015873015873e-06
2021-02-16,AAPL,129.84788513183594,-0.016235031640692867,-0.0005694345154154666,1.5873015873015873e-06
2021-02-17,AAPL,127.5568389892578,-0.017801589711625817,-0.0003204533489169501,1.5873015873015873e-06
2021-02-18,AAPL,126.4551773071289,-0.00867414546504703,-0.004425614227243303,1.1904761904761904e-06
2021-02-19,AAPL,126.61116790771484,0.0012328041503093324,-0.0018566190956649255,1.5873015873015873e-06
2021-02-22,AAPL,122.83826446533205,-0.030252152883973395,-0.007762892893710863,1.1904761904761904e-06
2021-02-23,AAPL,122.70177459716795,-0.0011117525495525356,0.0012555296115265332,1.5873015873015873e-06
2021-02-24,AAPL,122.20458221435548,-0.004060270809924787,0.011287667670985945,1.1904761904761904e-06
2021-02-25,AAPL,117.95399475097656,-0.03540187024403227,-0.02478339442417185,1.5873015873015873e-06
2021-02-26,AAPL,118.21722412109376,0.002229141047539709,-0.004761532293798778,1.5873015873015873e-06
2021-03-01,AAPL,124.58336639404295,0.05245128690652956,0.02351217322569352,1.984126984126984e-06
2021-03-02,AAPL,121.98036193847656,-0.021115037347837814,-0.008113678739508762,1.5873015873015873e-06
2021-03-03,AAPL,118.99713897705078,-0.024760613446304373,-0.01315233589480116,1.984126984126984e-06
2021-03-04,AAPL,117.11554718017578,-0.015938420417551055,-0.013508038064390469,1.5873015873015873e-06
2021-03-05,AAPL,118.3731918334961,0.010681246292449122,0.019308356338709188,1.5873015873015873e-06
2021-03-08,AAPL,113.440185546875,-0.042566578066387924,-0.005373643224025429,1.984126984126984e-06
2021-03-09,AAPL,118.05146026611328,0.03984493492872402,0.014055400743930569,1.984126984126984e-06
2021-03-10,AAPL,116.96935272216795,-0.009208675410845375,0.006012203770988197,1.5873015873015873e-06
2021-03-11,AAPL,118.8996353149414,0.016367778595022163,0.010341825500657608,1.5873015873015873e-06
2021-03-12,AAPL,117.99298858642578,-0.007654532593067801,0.0010148833275308508,1.5873015873015873e-06
2021-03-15,AAPL,120.87871551513672,0.024162487851150653,0.006470939539413048,1.5873015873015873e-06
2021-03-16,AAPL,122.4190673828125,0.012662445424891425,-0.0015709169785959108,7.936507936507937e-07
2021-03-17,AAPL,121.62939453125,-0.006471465554969259,0.0028752446501592592,7.936507936507937e-07
2021-03-18,AAPL,117.50553131103516,-0.03449326419851528,-0.014870560065947797,3.9682539682539683e-07
2021-03-19,AAPL,116.97908020019533,-0.004490290360661604,-0.0006028856737550234,3.9682539682539683e-07
2021-03-22,AAPL,120.29375457763672,0.027941589132023475,0.007000556898342752,1.1904761904761904e-06
2021-03-23,AAPL,119.4651107788086,-0.006912337502142005,-0.007660118119334028,3.9682539682539683e-07
2021-03-24,AAPL,117.0765609741211,-0.020196280639966153,-0.00548233660034883,7.936507936507937e-07
2021-03-25,AAPL,117.56403350830078,0.004155063079238811,0.005226583432729291,7.936507936507937e-07
2021-03-26,AAPL,118.16847229003906,0.005128186325709516,0.016494418658716575,7.936507936507937e-07
2021-03-29,AAPL,118.34395599365234,0.001483928240799953,-0.0008683896263867381,1.1904761904761904e-06
2021-03-30,AAPL,116.89134979248048,-0.012350396641216708,-0.0031628294096500294,7.936507936507937e-07
2021-03-31,AAPL,119.08489990234376,0.018591814190915826,0.003615953592419885,1.1904761904761904e-06
2021-04-01,AAPL,119.91355895996094,0.006934457922305587,0.011755830427674127,7.936507936507937e-07
2021-04-05,AAPL,122.74079132080078,0.023303602859933326,0.0143349877622439,1.1904761904761904e-06
2021-04-06,AAPL,123.04300689697266,0.0024591997574408895,-0.0009740049407969285,7.936507936507937e-07
2021-04-07,AAPL,124.69061279296876,0.013301627700071999,0.0014741456981068137,7.936507936507937e-07
2021-04-08,AAPL,127.08888244628906,0.01905113192313627,0.004211750940591775,3.9682539682539683e-07
2021-04-09,AAPL,129.66261291503906,0.020049088144276615,0.007690288135687276,7.936507936507937e-07
2021-04-12,AAPL,127.94679260253906,-0.013321296888708516,-0.0001960980747395339,7.936507936507937e-07
2021-04-13,AAPL,131.05670166015625,0.024015571947712866,0.0032890718770625686,1.1904761904761904e-06
2021-04-14,AAPL,128.71697998046875,-0.01801402617496829,-0.004096104320730151,7.936507936507937e-07
2021-04-15,AAPL,131.1249542236328,0.018534677131941697,0.011033101401119478,7.936507936507937e-07
2021-04-16,AAPL,130.7935333251953,-0.0025307192204894993,0.0036023233905179666,7.936507936507937e-07
2021-04-19,AAPL,131.4564666748047,0.00505574651430662,-0.005320689893757947,7.936507936507937e-07
2021-04-20,AAPL,129.7698516845703,-0.012913235066921384,-0.006825561005077803,1.1904761904761904e-06
2021-04-21,AAPL,130.15003967285156,0.00292542642609518,0.009263020919853236,1.1904761904761904e-06
2021-04-22,AAPL,128.6292266845703,-0.01175388212882976,-0.009253337860554323,1.1904761904761904e-06
2021-04-23,AAPL,130.9495086669922,0.017877764745188925,0.01086940989553096,1.1904761904761904e-06
2021-04-26,AAPL,131.33944702148438,0.002973351590423166,0.001780684564582624,1.1904761904761904e-06
2021-04-27,AAPL,131.01771545410156,-0.0024526239392487874,-0.0002149189814442344,3.9682539682539683e-07
2021-04-28,AAPL,130.22805786132812,-0.006045341807165566,-0.0008458975873960478,3.9682539682539683e-07
2021-04-29,AAPL,130.1305694580078,-0.0007488778757221052,0.0067400415367024095,3.9682539682539683e-07
2021-04-30,AAPL,128.16127014160156,-0.015248932985274351,-0.0072207134171198275,3.9682539682539683e-07
2021-05-03,AAPL,129.2141571044922,0.008181766593795511,0.002744321649512167,1.5873015873015873e-06
2021-05-04,AAPL,124.64185333251952,-0.03602670896159675,-0.0067007374898472305,7.936507936507937e-07
2021-05-05,AAPL,124.88558959960938,0.0019535834755795,0.0007032164471135163,7.936507936507937e-07
2021-05-06,AAPL,126.48445129394533,0.012721350968839733,0.008132299498632055,7.936507936507937e-07
2021-05-07,AAPL,127.15829467773438,0.0053133391732672385,0.007346291419186351,7.936507936507937e-07
2021-05-10,AAPL,123.87700653076172,-0.026143534566531547,-0.010490480503138024,7.936507936507937e-07
2021-05-11,AAPL,122.9590301513672,-0.007437978861359611,-0.008711750141781542,3.9682539682539683e-07
2021-05-12,AAPL,119.8926239013672,-0.025254670299077502,-0.021682782358302413,7.936507936507937e-07
2021-05-13,AAPL,122.04106903076172,0.017761078098428473,0.012099644578094055,7.936507936507937e-07
2021-05-14,AAPL,124.4629364013672,0.019650352510725874,0.014807778563623631,3.9682539682539683e-07
2021-05-17,AAPL,123.3105926513672,-0.009301655934507224,-0.002533258183961915,7.936507936507937e-07
2021-05-18,AAPL,121.92388916015624,-0.011309325352462778,-0.0085537723840327,7.936507936507937e-07
2021-05-19,AAPL,121.76761627197266,-0.001282547041005203,-0.002947751811378411,3.9682539682539683e-07
2021-05-20,AAPL,124.32622528076172,0.020794516349788947,0.01049942933450842,3.9682539682539683e-07
2021-05-21,AAPL,122.4902801513672,-0.014877278884225567,-0.0007841880752528091,3.9682539682539683e-07
2021-05-24,AAPL,124.12112426757812,0.013226216313836418,0.009862497481216075,7.936507936507937e-07
2021-05-25,AAPL,123.92584228515624,-0.0015745568307613952,-0.002127545400828599,7.936507936507937e-07
2021-05-26,AAPL,123.87700653076172,-0.00039415006938060685,0.0018750575506104544,7.936507936507937e-07
2021-05-27,AAPL,122.3437957763672,-0.012454110760329894,0.001164636089862995,7.936507936507937e-07
2021-05-28,AAPL,121.68951416015624,-0.005362244884767719,0.000768586452887337,3.9682539682539683e-07
2021-06-01,AAPL,121.36724090576172,-0.0026518369601835796,-0.0004924547586291649,7.936507936507937e-07
2021-06-02,AAPL,122.1289520263672,0.00625647239981897,0.0014458890369002922,7.936507936507937e-07
2021-06-03,AAPL,120.6445770263672,-0.012228627259723934,-0.003635303056049319,7.936507936507937e-07
2021-06-04,AAPL,122.9394989013672,0.018843512427530414,0.008795303383016323,7.936507936507937e-07
2021-06-07,AAPL,122.94925689697266,7.936918936287462e-05,-0.0007970562694215079,7.936507936507937e-07
2021-06-08,AAPL,123.76956939697266,0.006649800788706529,0.00017500954944121158,7.936507936507937e-07
2021-06-09,AAPL,124.15044403076172,0.0030725630267992477,-0.0018255325906156837,1.1904761904761904e-06
2021-06-10,AAPL,123.15433502197266,-0.008055763414683089,0.004641454776462911,1.1904761904761904e-06
2021-06-11,AAPL,124.36529541015624,0.009784840481644234,0.0019465389328083601,1.1904761904761904e-06
2021-06-14,AAPL,127.42194366455078,0.024280804989498573,0.0018135563851361702,1.1904761904761904e-06
2021-06-15,AAPL,126.60163879394533,-0.006458516284776833,-0.00201371995427588,1.1904761904761904e-06
2021-06-16,AAPL,127.0996551513672,0.003926010698335842,-0.005404703747026491,1.5873015873015873e-06
2021-06-17,AAPL,128.70118713378906,0.012521873613758875,-0.00043581054367264766,1.5873015873015873e-06
2021-06-18,AAPL,127.40239715576172,-0.010142779657968842,-0.013211355687284158,1.984126984126984e-06
2021-06-21,AAPL,129.1992645263672,0.014005339871585237,0.013905163512319857,1.984126984126984e-06
2021-06-22,AAPL,130.83990478515625,0.012618576138310895,0.005111406378990611,1.5873015873015873e-06
2021-06-23,AAPL,130.56646728515625,-0.0020920499952872336,-0.0010838705186495853,1.984126984126984e-06
2021-06-24,AAPL,130.28326416015625,-0.0021713899010322745,0.005794429545916893,1.984126984126984e-06
2021-06-25,AAPL,129.9903106689453,-0.0022511206918810925,0.003325063164687565,2.3809523809523808e-06
2021-06-28,AAPL,131.6211700439453,0.012467958186871252,0.0023122888604717494,1.984126984126984e-06
2021-06-29,AAPL,133.1348114013672,0.01143436186657307,0.0002772977426878152,1.5873015873015873e-06
2021-06-30,AAPL,133.7500457763672,0.0046104936137942795,0.0013272784229071918,1.984126984126984e-06
2021-07-01,AAPL,134.0527801513672,0.002260876097218227,0.005208041432254744,1.984126984126984e-06
2021-07-02,AAPL,136.6797637939453,0.019407094950725814,0.007472095894691671,1.984126984126984e-06
2021-07-06,AAPL,138.6914520263672,0.014610997118509533,-0.0020239027700217787,1.984126984126984e-06
2021-07-07,AAPL,141.1816864013672,0.017795920744652464,0.0033533465536629346,1.984126984126984e-06
2021-07-08,AAPL,139.8828582763672,-0.009242271179538264,-0.008597881009556396,2.3809523809523808e-06
2021-07-09,AAPL,141.7090301513672,0.01297052615559974,0.011214825902413766,2.3809523809523808e-06
2021-07-12,AAPL,141.1133575439453,-0.004212350323973415,0.0034452326955940497,1.984126984126984e-06
2021-07-13,AAPL,142.2266082763672,0.007858096952660354,-0.0035230111811655838,1.984126984126984e-06
2021-07-14,AAPL,145.6543426513672,0.023814680079193025,0.0011642565654693257,2.3809523809523808e-06
2021-07-15,AAPL,145.0000762939453,-0.00450203003874133,-0.0032675735627459117,1.984126984126984e-06
2021-07-16,AAPL,142.95901489257812,-0.014176288548728948,-0.007567415006813217,1.984126984126984e-06
2021-07-19,AAPL,139.1114044189453,-0.0272828972723478,-0.015996781399983978,1.984126984126984e-06
2021-07-20,AAPL,142.72462463378906,0.02564198908614214,0.0150488060047999,1.984126984126984e-06
2021-07-21,AAPL,141.9922637939453,-0.005144496057816188,0.008208041662144044,1.984126984126984e-06
2021-07-22,AAPL,143.3594512939453,0.009582545956780965,0.0020146392092429753,1.984126984126984e-06
2021-07-23,AAPL,145.07818603515625,0.011917689382878686,0.010094332386254415,1.984126984126984e-06
2021-07-26,AAPL,145.49813842773438,0.002890481086110757,0.0023793669227295928,1.984126984126984e-06
2021-07-27,AAPL,143.33013916015625,-0.01501265737655211,-0.004723583382178003,1.984126984126984e-06
2021-07-28,AAPL,141.5820770263672,-0.012271036266221821,-0.000186279231552706,1.984126984126984e-06
2021-07-29,AAPL,142.2266082763672,0.004542019969303121,0.004197331845272641,2.3809523809523808e-06
2021-07-30,AAPL,142.4414520263672,0.001509433763401672,-0.005420713608261166,2.3809523809523808e-06
2021-08-02,AAPL,142.1094207763672,-0.0023337225953563977,-0.001844505670060361,1.984126984126984e-06
2021-08-03,AAPL,143.90631103515625,0.012565140307800161,0.008169961338918062,1.984126984126984e-06
2021-08-04,AAPL,143.50592041015625,-0.002786178458716945,-0.004643150661295458,1.984126984126984e-06
2021-08-05,AAPL,143.61331176757812,0.0007480610867848198,0.005987485990419113,1.984126984126984e-06
2021-08-06,AAPL,142.92872619628906,-0.004778264848541956,0.0016738645485288822,2.3809523809523808e-06
2021-08-09,AAPL,142.87982177734375,-0.00034221803210101996,-0.0009403502649549345,2.3809523809523808e-06
2021-08-10,AAPL,142.40060424804688,-0.0033596274845861434,0.0009921869538634502,1.984126984126984e-06
2021-08-11,AAPL,142.65487670898438,0.0017840213247184251,0.0012749307180154837,1.984126984126984e-06
2021-08-12,AAPL,145.61831665039062,0.02056066541202042,0.00413780773547866,2.3809523809523808e-06
2021-08-13,AAPL,145.82371520996094,0.0014095330880454354,0.0016060163209228441,2.3809523809523808e-06
2021-08-16,AAPL,147.79930114746094,0.013456818028030537,0.0026174222619943593,2.3809523809523808e-06
2021-08-17,AAPL,146.8897247314453,-0.006173146772553568,-0.007085743507137991,2.7777777777777783e-06
2021-08-18,AAPL,143.1439208984375,-0.025831569375975617,-0.01080665284525433,2.7777777777777783e-06
2021-08-19,AAPL,143.47642517089844,0.002320173192045422,0.001255903256156918,2.3809523809523808e-06
2021-08-20,AAPL,144.93368530273438,0.01010555788758397,0.00810860389074176,1.984126984126984e-06
2021-08-23,AAPL,146.42030334472656,0.010204980892422806,0.008487667984412181,1.984126984126984e-06
2021-08-24,AAPL,146.33226013183594,-0.0006014855309853848,0.0014946188019620721,1.984126984126984e-06
2021-08-25,AAPL,145.09996032714844,-0.008456903956365301,0.00221765740325088,2.3809523809523808e-06
2021-08-26,AAPL,144.29794311523438,-0.005542675020242828,-0.0058419498276026565,1.984126984126984e-06
2021-08-27,AAPL,145.3346710205078,0.007158947455561922,0.008769071540452218,1.984126984126984e-06
2021-08-30,AAPL,149.75535583496094,0.029963842622916636,0.0042973241068746,1.984126984126984e-06
2021-08-31,AAPL,148.49368286132812,-0.0084605838474699,-0.0013500269158932096,1.5873015873015873e-06
2021-09-01,AAPL,149.1587371826172,0.004468671397986012,0.00031164006095334113,1.984126984126984e-06
2021-09-02,AAPL,150.27369689941406,0.007447188366480791,0.002838605754404257,1.984126984126984e-06
2021-09-03,AAPL,150.90943908691406,0.004221638303971012,-0.0003350872611813474,1.984126984126984e-06
2021-09-07,AAPL,153.24691772460938,0.015370546135202093,-0.0034013524523203464,1.984126984126984e-06
2021-09-08,AAPL,151.7015838623047,-0.010135134833727629,-0.001319436813816666,1.984126984126984e-06
2021-09-09,AAPL,150.68450927734375,-0.006727018493820241,-0.004616247150002522,1.5873015873015873e-06
2021-09-10,AAPL,145.69656372070312,-0.033662180257734056,-0.0077525522862761,1.984126984126984e-06
2021-09-13,AAPL,146.26377868652344,0.0038855666134433326,0.002273900346369644,2.3809523809523808e-06
2021-09-14,AAPL,144.865234375,-0.00960780277504523,-0.005763213966258604,1.5873015873015873e-06
2021-09-15,AAPL,145.7552490234375,0.006124946324732639,0.008438294222079725,1.5873015873015873e-06
2021-09-16,AAPL,145.52047729492188,-0.0016120243339417248,-0.0015523447127638308,1.5873015873015873e-06
2021-09-17,AAPL,142.8504638671875,-0.01851843822692477,-0.0091526302757993,1.5873015873015873e-06
2021-09-20,AAPL,139.79908752441406,-0.021592073132827516,-0.017123077726381844,1.5873015873015873e-06
2021-09-21,AAPL,140.2782440185547,0.003421604733043163,-0.0008126886585469564,1.1904761904761904e-06
2021-09-22,AAPL,142.64511108398438,0.016731897461143348,0.009474585224220084,1.1904761904761904e-06
2021-09-23,AAPL,143.6035614013672,0.006696652186220507,0.012061680369935969,1.1904761904761904e-06
2021-09-24,AAPL,143.6915740966797,0.0006126988395625958,0.0014599428113642636,1.1904761904761904e-06
2021-09-27,AAPL,142.17564392089844,-0.010605933736108065,-0.002780243920187674,1.5873015873015873e-06
2021-09-28,AAPL,138.7916717529297,-0.024089177762738088,-0.020574317739894057,1.5873015873015873e-06
2021-09-29,AAPL,139.69149780273438,0.006462359522765034,0.0015679543362838073,1.5873015873015873e-06
2021-09-30,AAPL,138.3907012939453,-0.009355550271311614,-0.011981202945014901,1.5873015873015873e-06
2021-10-01,AAPL,139.51539611816406,0.00809410786601189,0.011425952113334161,1.5873015873015873e-06
2021-10-04,AAPL,136.08251953125,-0.02491349861988704,-0.013070952048643704,1.5873015873015873e-06
2021-10-05,AAPL,138.0092315673828,0.014059115345565617,0.010469517498601526,1.5873015873015873e-06
2021-10-06,AAPL,138.87969970703125,0.006287510326319873,0.004094399349624824,1.5873015873015873e-06
2021-10-07,AAPL,140.14134216308594,0.00904341153646553,0.008264039225065405,1.984126984126984e-06
2021-10-08,AAPL,139.75991821289062,-0.0027254195696121667,-0.0019155566024214522,1.984126984126984e-06
2021-10-11,AAPL,139.67190551757812,-0.0006299404058419677,-0.006889441644339833,1.984126984126984e-06
2021-10-12,AAPL,138.4004669189453,-0.009144723353275212,-0.0024197056865549256,2.3809523809523808e-06
2021-10-13,AAPL,137.8136749267578,-0.0042488257192218855,0.0030179558702319183,1.984126984126984e-06
2021-10-14,AAPL,140.6010284423828,0.02002370286779579,0.016919162285711567,1.984126984126984e-06
2021-10-15,AAPL,141.65728759765625,0.007484378853378376,0.007432520637190081,1.984126984126984e-06
2021-10-18,AAPL,143.32969665527344,0.01173687465347649,0.0033690878018038262,2.3809523809523808e-06
2021-10-19,AAPL,145.49111938476562,0.014967502067467827,0.007366142784235753,1.984126984126984e-06
2021-10-20,AAPL,145.98016357421875,0.003355696955139973,0.003657333598560689,1.984126984126984e-06
2021-10-21,AAPL,146.19532775878906,0.0014728423830782757,0.002991393168360022,2.3809523809523808e-06
2021-10-22,AAPL,145.42269897460938,-0.005298922022710067,-0.0010731292246643565,2.3809523809523808e-06
2021-10-25,AAPL,145.3738250732422,-0.00033613814324220704,0.004736959440853509,2.3809523809523808e-06
2021-10-26,AAPL,146.03887939453125,0.004564354715498885,0.0018181414322441137,2.3809523809523808e-06
2021-10-27,AAPL,145.57920837402344,-0.00315255754355332,-0.0050643703711055294,2.3809523809523808e-06
2021-10-28,AAPL,149.2174530029297,0.024684332223001888,0.009781288424184026,2.3809523809523808e-06
2021-10-29,AAPL,146.50828552246094,-0.018322674834614413,0.0019474372317175562,1.984126984126984e-06
2021-11-01,AAPL,145.686767578125,-0.0056230938906140235,0.0017984589459023885,1.984126984126984e-06
2021-11-02,AAPL,146.72344970703125,0.007090630977061289,0.003673607120388547,1.984126984126984e-06
2021-11-03,AAPL,148.16116333007812,0.00975110230530028,0.00644049461289024,1.984126984126984e-06
2021-11-04,AAPL,147.64280700683594,-0.0035047322268119806,0.004173222342817036,1.5873015873015873e-06
2021-11-05,AAPL,148.17173767089844,0.0035761002105160773,0.003725850045284445,1.984126984126984e-06
2021-11-08,AAPL,147.3489990234375,-0.005568074730105731,0.0008873940607025194,2.3809523809523808e-06
2021-11-09,AAPL,147.71136474609375,0.0024562154008489477,-0.0035049109264001276,1.5873015873015873e-06
2021-11-10,AAPL,144.88079833984375,-0.01934880745907691,-0.008259842163861058,1.984126984126984e-06
2021-11-11,AAPL,144.83180236816406,-0.0003382384613376992,0.0005507883329889288,1.984126984126984e-06
2021-11-12,AAPL,146.9082489013672,0.014235149327070876,0.007196697564130407,1.984126984126984e-06
2021-11-15,AAPL,146.91802978515625,6.657596343252291e-05,-1.0739878017001878e-05,1.984126984126984e-06
2021-11-16,AAPL,147.89749145507812,0.006644597743408935,0.0038577790571266367,1.984126984126984e-06
2021-11-17,AAPL,150.33628845214844,0.016355299266137012,-0.0026050154828958787,1.984126984126984e-06
2021-11-18,AAPL,154.62631225585938,0.02813660962480656,0.0033790647401719144,1.984126984126984e-06
2021-11-19,AAPL,157.25125122070312,0.01683353506149675,-0.001399644604988097,1.984126984126984e-06
2021-11-22,AAPL,157.7115936279297,0.002923155810608566,-0.003202258316960725,1.984126984126984e-06
2021-11-23,AAPL,158.09361267089844,0.0024193345878077317,0.001655761383195201,2.3809523809523808e-06
2021-11-24,AAPL,158.61268615722656,0.0032779515471231652,0.0022912237766672798,2.3809523809523808e-06
2021-11-26,AAPL,153.58811950683594,-0.03219082362140961,-0.022987011159321162,2.3809523809523808e-06
2021-11-29,AAPL,156.9476318359375,0.021637723759854587,0.013113836082824229,2.3809523809523808e-06
2021-11-30,AAPL,161.90367126464844,0.031089342030265123,-0.019143381187850562,1.984126984126984e-06
2021-12-01,AAPL,161.38455200195312,-0.0032114977998314444,-0.011885541457955926,2.3809523809523808e-06
2021-12-02,AAPL,160.39527893066406,-0.006148776853072352,0.014094638396057768,1.984126984126984e-06
2021-12-03,AAPL,158.51473999023438,-0.011793676121438217,-0.00848445514173865,2.3809523809523808e-06
2021-12-06,AAPL,161.92323303222656,0.021274766971775612,0.011662599309686139,2.3809523809523808e-06
2021-12-07,AAPL,167.66282653808594,0.034832625068976546,0.020495603186252546,2.3809523809523808e-06
2021-12-08,AAPL,171.4827117919922,0.022527477829176506,0.003080535586585806,2.7777777777777783e-06
2021-12-09,AAPL,170.97337341308594,-0.002974622303291182,-0.007206988232523656,2.3809523809523808e-06
2021-12-10,AAPL,175.76295471191406,0.02762840565124575,0.009503769118209724,2.3809523809523808e-06
2021-12-13,AAPL,172.12913513183594,-0.020891258229994925,-0.009178158342793815,1.984126984126984e-06
2021-12-14,AAPL,170.74810791015625,-0.00805556342885726,-0.0074987228546236715,1.984126984126984e-06
2021-12-15,AAPL,175.61602783203125,0.028110534369372393,0.016216267351890877,2.3809523809523808e-06
2021-12-16,AAPL,168.72061157226562,-0.0400557907653201,-0.008781863311112446,1.984126984126984e-06
2021-12-17,AAPL,167.6236572265625,-0.006522829950332218,-0.01034096458405368,1.984126984126984e-06
2021-12-20,AAPL,166.26219177246094,-0.00815532017311721,-0.01145339832325659,2.7777777777777783e-06
2021-12-21,AAPL,169.4356689453125,0.018907309716361047,0.017621755385195486,2.7777777777777783e-06
2021-12-22,AAPL,172.03118896484375,0.01520247103268139,0.010128728029127596,3.1746031746031746e-06
2021-12-23,AAPL,172.65805053710938,0.003637260416185552,0.006204412685251626,3.1746031746031746e-06
2021-12-27,AAPL,176.62486267089844,0.022715011504397874,0.013744051573605864,2.3809523809523808e-06
2021-12-28,AAPL,175.606201171875,-0.00578406871835816,-0.0010106653988873737,2.3809523809523808e-06
2021-12-29,AAPL,175.69436645507812,0.0005019364793500013,0.0014009134018576786,1.984126984126984e-06
2021-12-30,AAPL,174.5386199951172,-0.006599896068611809,-0.002994233841904309,1.984126984126984e-06
2021-12-31,AAPL,173.9215545654297,-0.0035416734522181544,-0.0026296343734744394,2.3809523809523808e-06
2022-01-03,AAPL,178.27027893066406,0.024696457888761736,0.006353824170388397,3.5714285714285714e-06
2022-01-04,AAPL,176.00779724121094,-0.012772523051693834,-0.0006298202522032699,3.1746031746031746e-06
2022-01-05,AAPL,171.3259735107422,-0.026960276862275295,-0.019583264304501073,3.5714285714285714e-06
2022-01-06,AAPL,168.4660186767578,-0.016833959821193917,-0.0009642337401809882,3.968253968253968e-06
2022-01-07,AAPL,168.6324920654297,0.0009876839968146547,-0.004058441082336512,3.968253968253968e-06
2022-01-10,AAPL,168.65208435058594,0.00011617658528289824,-0.0014420705375388979,5.158730158730158e-06
2022-01-11,AAPL,171.4827117919922,0.0166445351848109,0.009118286452399373,4.7619047619047615e-06
2022-01-12,AAPL,171.92349243164062,0.0025671107644026137,0.0028137920146670695,4.7619047619047615e-06
2022-01-13,AAPL,168.65208435058594,-0.019211645949213416,-0.014346029234400533,4.7619047619047615e-06
2022-01-14,AAPL,169.5140380859375,0.005097823494740971,0.0008196442695905652,5.158730158730158e-06
2022-01-18,AAPL,166.3112030029297,-0.019074993803925036,-0.0185591053980085,6.746031746031747e-06
2022-01-19,AAPL,162.81454467773438,-0.02124895980303426,-0.009736790941460195,6.746031746031747e-06
2022-01-20,AAPL,161.12991333007812,-0.010400835652958391,-0.011098742304330734,7.142857142857143e-06
2022-01-21,AAPL,159.07301330566406,-0.012847654698162358,-0.019095995324635427,6.746031746031747e-06
2022-01-24,AAPL,158.2992706298828,-0.004875940640754705,0.0027679047582695165,7.936507936507936e-06
2022-01-25,AAPL,156.49710083007812,-0.011449874597046425,-0.012246590556866267,7.936507936507936e-06
2022-01-26,AAPL,156.408935546875,-0.0005635256293366201,-0.0014977569258856588,7.5396825396825394e-06
2022-01-27,AAPL,155.94859313964844,-0.0029475373457414295,-0.005398635199970923,7.936507936507936e-06
2022-01-28,AAPL,166.8302764892578,0.06745056539147586,0.024055967914736694,7.5396825396825394e-06
2022-01-31,AAPL,171.18885803222656,0.02579039282469087,0.018709826222984446,9.523809523809523e-06
2022-02-01,AAPL,171.0223846435547,-0.0009729277185753234,0.006839560348317067,7.936507936507936e-06
2022-02-02,AAPL,172.2270965576172,0.0070194824854718126,0.009378400448324454,7.936507936507936e-06
2022-02-03,AAPL,169.34750366210938,-0.01686109631608337,-0.024693471720120656,8.333333333333332e-06
2022-02-04,AAPL,169.06314086914062,-0.001680578696280965,0.005143678439863626,9.126984126984127e-06
2022-02-07,AAPL,168.34718322753906,-0.004243845934855328,-0.003708580927828488,1.1111111111111113e-05
2022-02-08,AAPL,171.45599365234375,0.018298223078113154,0.00836611346663433,1.0714285714285714e-05
2022-02-09,AAPL,172.87802124023438,0.008259629376011433,0.014412842079264784,1.0714285714285714e-05
2022-02-10,AAPL,168.7982940673828,-0.023881790401178417,-0.01828182448505601,1.6269841269841268e-05
2022-02-11,AAPL,165.3854522705078,-0.020425651987256033,-0.019151682638086528,1.4682539682539683e-05
2022-02-14,AAPL,165.62083435058594,0.0014222214457422714,-0.0038479907556283146,1.785714285714286e-05
2022-02-15,AAPL,169.4553680419922,0.022888531427054066,0.015643717646064172,1.6269841269841268e-05
2022-02-16,AAPL,169.22000122070312,-0.0013899260503853275,0.0008808197202838003,1.5476190476190476e-05
2022-02-17,AAPL,165.62083435058594,-0.02149860537666879,-0.021400504136936647,1.4682539682539683e-05
2022-02-18,AAPL,164.07135009765625,-0.009399650549962665,-0.007191961663866342,1.3888888888888888e-05
2022-02-22,AAPL,161.1488800048828,-0.017972736562373415,-0.010194735435016016,1.5476190476190476e-05
2022-02-23,AAPL,156.9808807373047,-0.026204639031662053,-0.018583735748788438,1.4285714285714285e-05
2022-02-24,AAPL,159.5993194580078,0.016542401769654554,0.014846105252724002,1.3095238095238094e-05
2022-02-25,AAPL,161.6686248779297,0.012882293883956477,0.022126080551265786,1.3095238095238094e-05
2022-02-28,AAPL,161.93338012695312,0.0016363020253388017,-0.0024455914631261143,1.4682539682539683e-05
2022-03-01,AAPL,160.0504608154297,-0.011695871259928872,-0.015594467786613053,1.2698412698412699e-05
2022-03-02,AAPL,163.3456268310547,0.020379220308361833,0.018471046780652183,1.3095238095238094e-05
2022-03-03,AAPL,163.02198791503906,-0.0019832790232617264,-0.005268520744245652,1.4682539682539683e-05
2022-03-04,AAPL,160.0210418701172,-0.018579768618358458,-0.007965684543001903,1.3095238095238094e-05
2022-03-07,AAPL,156.22572326660156,-0.02400341282373321,-0.029962586814416495,1.5079365079365079e-05
2022-03-08,AAPL,154.40162658691406,-0.011744733026898078,-0.007260043975698096,1.4285714285714285e-05
2022-03-09,AAPL,159.80523681640625,0.0343986314370626,0.025373598122141117,1.5079365079365079e-05
2022-03-10,AAPL,155.46080017089844,-0.027562192955182994,-0.004301049920247209,1.5079365079365079e-05
2022-03-11,AAPL,151.74391174316406,-0.024199302080276007,-0.013046278933238144,1.5476190476190476e-05
2022-03-14,AAPL,147.7132110595703,-0.026921678064877184,-0.007448675095533314,1.785714285714286e-05
2022-03-15,AAPL,152.09695434570312,0.029245544277892676,0.021182629724144964,1.8253968253968254e-05
2022-03-16,AAPL,156.5101318359375,0.028602573011245365,0.022136921648393443,1.7063492063492063e-05
2022-03-17,AAPL,157.520263671875,0.006433360173665416,0.012272205068700267,1.5873015873015872e-05
2022-03-18,AAPL,160.81539916992188,0.02070300991764428,0.011594814411888112,1.6269841269841268e-05
2022-03-21,AAPL,162.1884002685547,0.008501505991880511,-0.0004347548543014596,2.1825396825396827e-05
2022-03-22,AAPL,165.56199645996094,0.02058710150464531,0.011240699554074212,2.023809523809524e-05
2022-03-23,AAPL,166.92515563964844,0.00819981649795582,-0.012348630252495208,1.984126984126984e-05
2022-03-24,AAPL,170.71066284179688,0.02242455110171644,0.014242012281618024,1.984126984126984e-05
2022-03-25,AAPL,171.34814453125,0.003727326493307708,0.005053380704237665,2.1031746031746032e-05
2022-03-28,AAPL,172.21115112304688,0.005023926977913497,0.007119551020042568,2.380952380952381e-05
2022-03-29,AAPL,175.50631713867188,0.018953690641142593,0.01218204410139109,2.2222222222222227e-05
2022-03-30,AAPL,174.33929443359375,-0.006671668846295578,-0.006313588999088777,2.1825396825396827e-05
2022-03-31,AAPL,171.24026489257812,-0.017935740320110884,-0.015776335226881762,2.023809523809524e-05
2022-04-01,AAPL,170.946044921875,-0.0017196482429003021,0.0034044209614630277,2.0634920634920633e-05
2022-04-04,AAPL,174.9963836669922,0.023417329008996794,0.008058382532133647,2.6587301587301588e-05
2022-04-05,AAPL,171.68157958984375,-0.019123829330277058,-0.01263115907400537,2.5793650793650796e-05
2022-04-06,AAPL,168.51388549804688,-0.018623326705888614,-0.009764433912479721,2.6587301587301588e-05
2022-04-07,AAPL,168.81793212890625,0.0018026565968982534,0.004244365552037262,2.6984126984126987e-05
2022-04-08,AAPL,166.8074493408203,-0.011980660266610214,-0.0026545466755523947,2.738095238095238e-05
2022-04-11,AAPL,162.55120849609375,-0.025847067910329244,-0.017021334584696127,3.095238095238095e-05
2022-04-12,AAPL,164.4243927001953,0.011457764370768906,-0.0034233005304522353,2.9365079365079366e-05
2022-04-13,AAPL,167.1114959716797,0.016210384488420906,0.011112603268901934,2.9761904761904762e-05
2022-04-14,AAPL,162.10011291503906,-0.030447104875116905,-0.012218480383508163,3.095238095238095e-05
2022-04-18,AAPL,161.88436889648438,-0.001331817186044228,-0.0002048892724065068,3.2539682539682536e-05
2022-04-19,AAPL,164.16937255859375,0.014016346266844133,0.01593004474938665,3.2539682539682536e-05
2022-04-20,AAPL,164.002685546875,-0.0010158514226681513,-0.0006186664061825758,3.2539682539682536e-05
2022-04-21,AAPL,163.2082977294922,-0.004855517807738305,-0.014862855551311067,3.2539682539682536e-05
2022-04-22,AAPL,158.66766357421875,-0.0282154365938471,-0.028132076377366966,3.2539682539682536e-05
2022-04-25,AAPL,159.73663330078125,0.006714568573965626,0.0056817651441118085,3.690476190476191e-05
2022-04-26,AAPL,153.7740020751953,-0.038042411587583244,-0.028550008928597752,3.333333333333333e-05
2022-04-27,AAPL,153.54840087890625,-0.0014681730628467757,0.0020958490249645954,3.2539682539682536e-05
2022-04-28,AAPL,160.48194885253906,0.04416563553866995,0.024445655340832175,3.214285714285715e-05
2022-04-29,AAPL,154.60752868652344,-0.0372916352259761,-0.03695915978469415,3.2936507936507936e-05
2022-05-02,AAPL,154.91159057617188,0.0019647379986365596,0.005659199293818601,3.571428571428572e-05
2022-05-03,AAPL,156.40223693847656,0.009576559875381472,0.004825465075359521,3.571428571428572e-05
2022-05-04,AAPL,162.81605529785156,0.04018993778689369,0.029425221557325833,3.4920634920634925e-05
2022-05-05,AAPL,153.74456787109375,-0.05732849332874339,-0.03630067756409906,3.333333333333333e-05
2022-05-06,AAPL,154.4713592529297,0.004716127006908068,-0.00569038441395277,3.333333333333333e-05
2022-05-09,AAPL,149.34454345703125,-0.033752693427618614,-0.03256151953960419,3.650793650793651e-05
2022-05-10,AAPL,151.75076293945312,0.015983448812518345,0.002454881760409255,3.531746031746032e-05
2022-05-11,AAPL,143.8838348388672,-0.053233186026000606,-0.016600232095697796,3.571428571428572e-05
2022-05-12,AAPL,140.01419067382812,-0.027262492080123924,-0.0012968049941124407,3.76984126984127e-05
2022-05-13,AAPL,144.48294067382812,0.03141766353412724,0.023589267956869442,4.0079365079365075e-05
2022-05-16,AAPL,142.94097900390625,-0.010729632139300792,-0.003954208517722458,4.2460317460317464e-05
2022-05-17,AAPL,146.57492065429688,0.025104890695099566,0.01996891958146264,4.2063492063492065e-05
2022-05-18,AAPL,138.30528259277344,-0.05807326695548482,-0.041233809291248875,4.047619047619048e-05
2022-05-19,AAPL,134.89723205566406,-0.02495019004994058,-0.005850864777347809,4.1269841269841266e-05
2022-05-20,AAPL,135.13296508789062,0.0017459757805227893,0.0001461310919903067,4.0079365079365075e-05
2022-05-23,AAPL,140.5543975830078,0.0393353649581319,0.018384995412060758,4.2460317460317464e-05
2022-05-24,AAPL,137.85348510742188,-0.019403166219460328,-0.008153950903558081,4.166666666666667e-05
2022-05-25,AAPL,138.01063537597656,0.001139331097344073,0.009406385648931585,4.166666666666667e-05
2022-05-26,AAPL,141.21240234375,0.022934406368045248,0.019688166007720866,4.2063492063492065e-05
2022-05-27,AAPL,146.96775817871094,0.03994807410678913,0.024441130195822013,4.2063492063492065e-05
2022-05-31,AAPL,146.1820068359375,-0.005360763120260104,-0.006294135193666945,4.484126984126984e-05
2022-06-01,AAPL,146.05438232421875,-0.0008734334570660999,-0.007510905041155451,4.444444444444445e-05
2022-06-02,AAPL,148.50973510742188,0.016671478345979675,0.018263225415545106,4.484126984126984e-05
2022-06-03,AAPL,142.7838134765625,-0.039318819896661396,-0.016482405609817057,4.642857142857142e-05
2022-06-06,AAPL,143.5302276611328,0.005213966262851483,0.003132489407036025,4.880952380952381e-05
2022-06-07,AAPL,146.05438232421875,0.017433375287830358,0.00947833153171984,4.9206349206349204e-05
2022-06-08,AAPL,145.31776428222656,-0.005056211582960474,-0.010852623040155319,4.96031746031746e-05
2022-06-09,AAPL,140.09278869628906,-0.03661784297194268,-0.02408645766515553,5e-05
2022-06-10,AAPL,134.68115234375,-0.03939482905491779,-0.029542414811409477,5.3174603174603176e-05
2022-06-13,AAPL,129.52493286132812,-0.03903675606172823,-0.03953993199003993,6.706349206349206e-05
2022-06-14,AAPL,130.3892059326172,0.006650475120580838,-0.003780818039489633,7.063492063492064e-05
2022-06-15,AAPL,133.01148986816406,0.019911645000527136,0.014487058836534478,6.706349206349206e-05
2022-06-16,AAPL,127.7374038696289,-0.04045889010036948,-0.033052207113840666,6.111111111111111e-05
2022-06-17,AAPL,129.2106475830078,0.011467375209856426,0.0021984473410133873,6.26984126984127e-05
2022-06-21,AAPL,133.44366455078125,0.03223540080845212,0.024182474960671992,6.587301587301587e-05
2022-06-22,AAPL,132.93296813964844,-0.00383439817290816,-0.0013024200953574458,6.230158730158731e-05
2022-06-23,AAPL,135.80076599121094,0.021343853470398157,0.00948707248555652,6.30952380952381e-05
2022-06-24,AAPL,139.13026428222656,0.024221791694441833,0.030105539729901033,6.587301587301587e-05
2022-06-27,AAPL,139.13026428222656,0.0,-0.0029774998903406716,6.944444444444444e-05
2022-06-28,AAPL,134.9856414794922,-0.030242234015723568,-0.0203486731494949,6.944444444444444e-05
2022-06-29,AAPL,136.74368286132812,0.012939832066049092,-0.0007119988201726959,6.865079365079365e-05
2022-06-30,AAPL,134.27847290039062,-0.018192445891883385,-0.008797866246367652,6.587301587301587e-05
2022-07-01,AAPL,136.44898986816406,0.016035044637150875,0.010498511296639174,6.587301587301587e-05
2022-07-05,AAPL,139.03204345703125,0.01875359084892452,0.0015828751061934918,7.380952380952382e-05
2022-07-06,AAPL,140.36773681640625,0.009561235398971144,0.003566795705066178,7.341269841269842e-05
2022-07-07,AAPL,143.73651123046875,0.023716169926300934,0.014853723180930391,7.500000000000001e-05
2022-07-08,AAPL,144.41419982910156,0.004703718034404088,-0.00083061639612735,7.579365079365079e-05
2022-07-11,AAPL,142.28294372558594,-0.014867921859038407,-0.011594417660525545,8.452380952380952e-05
2022-07-12,AAPL,143.25527954101562,0.006810573818792214,-0.00928686849749371,8.571428571428571e-05
2022-07-13,AAPL,142.8918914794922,-0.0025398696452383174,-0.00446686411181668,9.246031746031747e-05
2022-07-14,AAPL,145.81863403320312,0.02027527614335911,-0.003003138812764307,9.246031746031747e-05
2022-07-15,AAPL,147.48829650878906,0.01138521008022369,0.01901923165863364,9.087301587301587e-05
2022-07-18,AAPL,144.4436798095703,-0.020859154455366957,-0.008398742485835936,9.682539682539682e-05
2022-07-19,AAPL,148.30349731445312,0.02637115909276404,0.02725351764373082,9.761904761904762e-05
2022-07-20,AAPL,150.30703735351562,0.01341928614271343,0.0058784939410571665,9.682539682539682e-05
2022-07-21,AAPL,152.57582092285156,0.014981541161801766,0.00981306668950467,9.523809523809524e-05
2022-07-22,AAPL,151.33828735351562,-0.008144014217009183,-0.009376287293813849,9.563492063492063e-05
2022-07-25,AAPL,150.21864318847656,-0.007425790599524047,0.001314302973305868,0.00010119047619047618
2022-07-26,AAPL,148.89276123046875,-0.008865530519220635,-0.011610342599263359,9.841269841269841e-05
2022-07-27,AAPL,153.9900665283203,0.03366177373549109,0.025820048778629066,9.404761904761906e-05
2022-07-28,AAPL,154.5400848388672,0.0035654142116766474,0.012060319791912806,9.325396825396825e-05
2022-07-29,AAPL,159.60792541503906,0.032266830289719065,0.014107775781753557,9.285714285714285e-05
2022-08-01,AAPL,158.6257781982422,-0.00617250985015607,-0.002827076544916728,9.841269841269841e-05
2022-08-02,AAPL,157.15257263183594,-0.009330698262635644,-0.00668468837887098,9.841269841269841e-05
2022-08-03,AAPL,163.1632843017578,0.03753430991948477,0.015517456270090707,9.682539682539682e-05
2022-08-04,AAPL,162.84898376464844,-0.0019281521910097738,-0.0007776424495837734,9.563492063492063e-05
2022-08-05,AAPL,162.62278747558594,-0.0013899597167394636,-0.0016270690189191196,9.841269841269841e-05
2022-08-08,AAPL,162.1507110595703,-0.002907113730749793,-0.0012383171221209141,0.00010198412698412697
2022-08-09,AAPL,162.19989013671875,0.00030324640894096737,-0.004257744235926498,0.00010238095238095239
2022-08-10,AAPL,166.4486083984375,0.025857139159195703,0.021067158460407496,0.00010158730158730159
2022-08-11,AAPL,165.71102905273438,-0.004441120924082087,-0.0007057229222018175,0.0001
2022-08-12,AAPL,169.26150512695312,0.021199404014452694,0.017174046951492668,0.0001003968253968254
2022-08-15,AAPL,170.33348083496094,0.006313280895435414,0.003961684056233163,0.00010436507936507936
2022-08-16,AAPL,170.17611694335938,-0.0009242846829066212,0.0018739228259478625,0.00010357142857142856
2022-08-17,AAPL,171.67103576660156,0.008746179928347465,-0.007264114867648021,0.00010277777777777778
2022-08-18,AAPL,171.27764892578125,-0.002294145048023106,0.0022669896063847975,0.00010357142857142856
2022-08-19,AAPL,168.6910400390625,-0.015217041351516265,-0.012983928713038868,0.00010476190476190476
2022-08-22,AAPL,164.8061981201172,-0.023298649619493784,-0.021632366466494565,0.00010873015873015873
2022-08-23,AAPL,164.47177124023438,-0.002031274643254803,-0.002240370434437464,0.00010753968253968253
2022-08-24,AAPL,164.76683044433594,0.0017923735648505703,0.002911916698724165,0.00010833333333333334
2022-08-25,AAPL,167.22561645507812,0.01481257173687105,0.013993241836107048,0.0001103174603174603
2022-08-26,AAPL,160.92132568359375,-0.038428312178034336,-0.03426857631703952,0.0001103174603174603
2022-08-29,AAPL,158.71827697753906,-0.013784797459367072,-0.0066886751973248065,0.00011468253968253969
2022-08-30,AAPL,156.28900146484375,-0.015423920897093909,-0.011089416492117008,0.00011428571428571428
2022-08-31,AAPL,154.6268768310547,-0.010691898251820204,-0.007847738208153028,0.00011388888888888889
2022-09-01,AAPL,155.3546905517578,0.004695860236285874,0.0029917522671948716,0.00011428571428571428
2022-09-02,AAPL,153.2401123046875,-0.013704776128591365,-0.010794552570724387,0.0001130952380952381
2022-09-06,AAPL,151.9812774658203,-0.008248714007453424,-0.004103464690895143,0.00011746031746031746
2022-09-07,AAPL,153.38768005371094,0.00921123445793976,0.018174848666169877,0.00011825396825396825
2022-09-08,AAPL,151.91241455078125,-0.009664438443588675,0.006588966880442448,0.00011785714285714286
2022-09-09,AAPL,154.77442932128906,0.01866462754100206,0.01515601498121106,0.00011825396825396825
2022-09-12,AAPL,160.7344512939453,0.037784870181747136,0.010528651483995635,0.0001226190476190476
2022-09-13,AAPL,151.3026123046875,-0.060471746056264264,-0.04419916303197406,0.00012658730158730157
2022-09-14,AAPL,152.74838256835938,0.009510122871601131,0.003381289078844715,0.00012460317460317462
2022-09-15,AAPL,149.85687255859375,-0.01911135361391953,-0.011382272168149512,0.0001238095238095238
2022-09-16,AAPL,148.21441650390625,-0.011020670146067847,-0.007208049775663175,0.00012301587301587303
2022-09-19,AAPL,151.9320831298828,0.024773613992724392,0.006833697724705768,0.00013055555555555555
2022-09-20,AAPL,154.31214904785156,0.015543893329934864,-0.011336114736600402,0.00012936507936507936
2022-09-21,AAPL,151.1846160888672,-0.020475779682790237,-0.01726467409850635,0.00012738095238095236
2022-09-22,AAPL,150.22079467773438,-0.00639553678838069,-0.008463293830453985,0.00012658730158730157
2022-09-23,AAPL,147.94888305664062,-0.01523934698399704,-0.017382828767330778,0.0001238095238095238
2022-09-26,AAPL,148.2832794189453,0.002257665079621701,-0.010394360890280502,0.00013095238095238096
2022-09-27,AAPL,149.25692749023438,0.006544672108248925,-0.0021226109548247284,0.00012936507936507936
2022-09-28,AAPL,147.36859130859375,-0.012732294236004384,0.019481144181152356,0.00013055555555555555
2022-09-29,AAPL,140.12998962402344,-0.05036638316774045,-0.0213527948230975,0.00012936507936507936
2022-09-30,AAPL,135.9205780029297,-0.03049975925910111,-0.0151813515462093,0.00012777777777777776
2022-10-03,AAPL,140.1005096435547,0.030289361171423036,0.02555457753093017,0.00013253968253968253
2022-10-04,AAPL,143.6903076171875,0.025300251028959997,0.030125341416799834,0.00013174603174603174
2022-10-05,AAPL,143.98533630371094,0.0020511210885763177,-0.0020199875589381176,0.00013214285714285715
2022-10-06,AAPL,143.03134155273438,-0.0066476852238770805,-0.010297922911395202,0.00013174603174603174
2022-10-07,AAPL,137.77940368652344,-0.03740989579893694,-0.028403196531478058,0.00013134920634920634
2022-10-10,AAPL,138.10397338867188,0.002352949679928235,-0.007520673133652772,0.00013134920634920634
2022-10-11,AAPL,136.687744140625,-0.010307747265800324,-0.006540518412323781,0.00014007936507936508
2022-10-12,AAPL,136.05825805664062,-0.0046159224817533965,-0.0032961996501662937,0.00014126984126984127
2022-10-13,AAPL,140.631591796875,0.0330604847839057,0.025634259307631132,0.00014444444444444446
2022-10-14,AAPL,136.0976104736328,-0.03277129449395189,-0.023947120744528417,0.00014484126984126984
2022-10-17,AAPL,140.06114196777344,0.02870670324634389,0.026135524557561848,0.00015158730158730158
2022-10-18,AAPL,141.3790740966797,0.009365696068565897,0.011362768207087462,0.00015436507936507937
2022-10-19,AAPL,141.48721313476562,0.000764594780187864,-0.006694455239684375,0.00015515873015873016
2022-10-20,AAPL,141.02499389648438,-0.003272210114864158,-0.007982686738766696,0.00015515873015873016
2022-10-21,AAPL,144.8409881591797,0.026699370946881105,0.023447759860447268,0.00015476190476190475
2022-10-24,AAPL,146.9850311279297,0.014694245238853756,0.011811940205111494,0.00015873015873015873
2022-10-25,AAPL,149.82737731933594,0.019153060993693582,0.01613577001587496,0.00015753968253968254
2022-10-26,AAPL,146.88670349121094,-0.019822248457506846,-0.007415140398989885,0.00015634920634920635
2022-10-27,AAPL,142.4117431640625,-0.03093910345078607,-0.006101185053184453,0.00015674603174603175
2022-10-28,AAPL,153.1713104248047,0.0728345093844092,0.024328036770856338,0.00015833333333333335
2022-10-31,AAPL,150.8109130859375,-0.015530150102607373,-0.007482327030336412,0.0001611111111111111
2022-11-01,AAPL,148.1652374267578,-0.01769870082359423,-0.0041096637203590055,0.0001611111111111111
2022-11-02,AAPL,142.637939453125,-0.0380185924108864,-0.025319843737482882,0.0001603174603174603
2022-11-03,AAPL,136.58935546875,-0.04333050839056628,-0.010642422531956597,0.0001611111111111111
2022-11-04,AAPL,136.32339477539062,-0.0019490535148390647,0.013526823285563951,0.0001595238095238095
2022-11-07,AAPL,136.85536193847656,0.00389465009581796,0.00956806167935914,0.0001634920634920635
2022-11-08,AAPL,137.4267578125,0.0041664888775374736,0.005582282828760321,0.00016269841269841268
2022-11-09,AAPL,132.86553955078125,-0.033753468718021,-0.020996784712303443,0.00016309523809523812
2022-11-10,AAPL,144.68719482421875,0.08523649905731219,0.05395251566479769,0.0001623015873015873
2022-11-11,AAPL,147.47515869140625,0.019085610872817835,0.009198312304769028,0.0001623015873015873
2022-11-14,AAPL,146.07627868652344,-0.009530803912550163,-0.008975940544918012,0.00016507936507936506
2022-11-15,AAPL,147.81008911132812,0.011799326068999577,0.008675376414669186,0.00016428571428571428
2022-11-16,AAPL,146.5786590576172,-0.008366061840198582,-0.008286283111873759,0.00016428571428571428
2022-11-17,AAPL,148.48001098632812,0.012888136768726563,-0.0030941046442292835,0.00016388888888888887
2022-11-18,AAPL,149.04151916503906,0.0037745762136650075,0.00474729564815821,0.00016468253968253969
2022-11-21,AAPL,145.81027221679688,-0.021918647988901478,-0.003891249800275618,0.00016785714285714288
2022-11-22,AAPL,147.94801330566406,0.014554679354522294,0.01348860626982839,0.00016706349206349207
2022-11-23,AAPL,148.82481384277344,0.005908917583050841,0.0058972660417383116,0.00016706349206349207
2022-11-25,AAPL,145.90879821777344,-0.019788111412570582,-0.0002830842622024787,0.00016746031746031745
2022-11-28,AAPL,142.0766143798828,-0.02661530679010034,-0.015564696794064813,0.0001706349206349206
2022-11-29,AAPL,139.07191467285156,-0.021375278902318853,-0.0015931337016243704,0.00016944444444444442
2022-11-30,AAPL,145.8299560546875,0.04745008729204755,0.030478643521294944,0.00016944444444444442
2022-12-01,AAPL,146.1058349609375,0.00188999771088218,-0.0008680098296065889,0.00016746031746031745
2022-12-02,AAPL,145.61325073242188,-0.003377116690885163,-0.001195374663761461,0.00016746031746031745
2022-12-05,AAPL,144.4508056640625,-0.008015135042800305,-0.01805624963097222,0.00016944444444444442
2022-12-06,AAPL,140.78607177734375,-0.025697487561527566,-0.014503869422986057,0.00016944444444444442
2022-12-07,AAPL,138.84536743164062,-0.0138806674327615,-0.001864107253381664,0.0001666666666666667
2022-12-08,AAPL,140.52993774414062,0.012059696742783572,0.007493634413933237,0.00016547619047619047
2022-12-09,AAPL,140.0472412109375,-0.003440743193794524,-0.0073767194642132125,0.0001662698412698413
2022-12-12,AAPL,142.34259033203125,0.016256956996097263,0.01417830729965003,0.00017023809523809523
2022-12-13,AAPL,143.3080291748047,0.006759603886218918,0.007263223255457212,0.00016904761904761904
2022-12-14,AAPL,141.0816192626953,-0.015657780871017973,-0.006071116623835963,0.00016785714285714288
2022-12-15,AAPL,134.47134399414062,-0.04798746238581419,-0.02523747790182607,0.00016746031746031745
2022-12-16,AAPL,132.5109100341797,-0.014686138619499049,-0.011200239946011676,0.0001666666666666667
2022-12-19,AAPL,130.4027099609375,-0.016037550731494852,-0.0090483289411038,0.00016984126984126986
2022-12-20,AAPL,130.33377075195312,-0.00052880372092432,0.001036800697890769,0.00016865079365079366
2022-12-21,AAPL,133.43692016601562,0.023530230588715017,0.014758548669054294,0.00016746031746031745
2022-12-22,AAPL,130.2648162841797,-0.024059431227651203,-0.014557142498145655,0.00016825396825396826
2022-12-23,AAPL,129.90029907226562,-0.002802200824967547,0.005850952271915072,0.00016785714285714288
2022-12-27,AAPL,128.09747314453125,-0.013975742940365599,-0.004057844034659477,0.00017261904761904762
2022-12-28,AAPL,124.16678619384766,-0.03116577127439224,-0.012093470442948605,0.00017261904761904762
2022-12-29,AAPL,127.6837387084961,0.027930703351525015,0.01731063431499432,0.00017222222222222224
2022-12-30,AAPL,127.99897003173828,0.0024658021226173616,-0.002543975646110833,0.0001706349206349206
2023-01-03,AAPL,123.21119689941406,-0.038122286366656905,-0.004008572481273608,0.00017460317460317462
2023-01-04,AAPL,124.4820327758789,0.010261459543620224,0.007510694562138916,0.000175
2023-01-05,AAPL,123.16194152832033,-0.01066130322840099,-0.011713869136457158,0.00017896825396825398
2023-01-06,AAPL,127.69356536865234,0.03613328590436643,0.02258383558903089,0.00017896825396825398
2023-01-09,AAPL,128.21568298339844,0.004080496055267949,-0.0007679273259905782,0.00018055555555555555
2023-01-10,AAPL,128.78709411621094,0.004446738520311323,0.006953997970593733,0.00018134920634920636
2023-01-11,AAPL,131.50607299804688,0.020892425357387334,0.012767571192293676,0.00018134920634920636
2023-01-12,AAPL,131.42727661132812,-0.0005993639771804621,0.0034100849120427303,0.00017857142857142857
2023-01-13,AAPL,132.75718688964844,0.010068128116122888,0.003988892144656051,0.00017896825396825398
2023-01-17,AAPL,133.919677734375,0.008718403149223874,-0.002032555430996314,0.00018095238095238093
2023-01-18,AAPL,133.2005157470703,-0.0053845702604649335,-0.01568496697774467,0.00018015873015873017
2023-01-19,AAPL,133.25961303710938,0.0004435732375998829,-0.007667671901812428,0.00018055555555555555
2023-01-20,AAPL,135.82098388671875,0.01903852039689141,0.01874167355235196,0.00018134920634920636
2023-01-23,AAPL,139.01280212402344,0.02322830679299176,0.011811315951328555,0.00018174603174603174
2023-01-24,AAPL,140.41172790527344,0.01001298969066406,-0.0007117563642918193,0.00018134920634920636
2023-01-25,AAPL,139.75167846679688,-0.00471189773299592,-0.00018174157346566321,0.00018095238095238093
2023-01-26,AAPL,141.8204803466797,0.014694912427666072,0.010947708029114303,0.00018055555555555555
2023-01-27,AAPL,143.7611846923828,0.013591448319781053,0.002491734021703855,0.00018134920634920636
2023-01-30,AAPL,140.87472534179688,-0.020282460507293144,-0.013053569315292663,0.00018214285714285712
2023-01-31,AAPL,142.14553833007812,0.008980427849947422,0.014536304416419527,0.00018174603174603174
2023-02-01,AAPL,143.26861572265625,0.00786984929138207,0.01039805629688473,0.00018015873015873017
2023-02-02,AAPL,148.57852172851562,0.03639228450351374,0.014592384626854379,0.00017976190476190476
2023-02-03,AAPL,152.20382690429688,0.024107004685389885,-0.010408592637285455,0.00018134920634920636
2023-02-06,AAPL,149.47496032714844,-0.018091699677028575,-0.006159393193939262,0.00018214285714285712
2023-02-07,AAPL,152.35157775878906,0.019061972171434148,0.012790364037397075,0.00018214285714285712
2023-02-08,AAPL,149.6621551513672,-0.01781040665871129,-0.011142573012411353,0.00018214285714285712
2023-02-09,AAPL,148.62774658203125,-0.006935620078450213,-0.008869009831037385,0.00018412698412698412
2023-02-10,AAPL,148.99281311035156,0.0024532358368631016,0.0021928557092171274,0.00018492063492063493
2023-02-13,AAPL,151.79489135742188,0.018632139999863837,0.011383569951155146,0.0001857142857142857
2023-02-14,AAPL,151.15357971191406,-0.004233806503194425,-0.0002804538554937624,0.0001853174603174603
2023-02-15,AAPL,153.25509643554688,0.013807425840132592,0.002769337533076689,0.00018492063492063493
2023-02-16,AAPL,151.65676879882812,-0.01048396247403905,-0.013884689204881605,0.0001865079365079365
2023-02-17,AAPL,150.51223754882812,-0.007575473986166415,-0.0027712421722827342,0.0001865079365079365
2023-02-21,AAPL,146.49659729003906,-0.027042192001811814,-0.020244783973471698,0.0001873015873015873
2023-02-22,AAPL,146.9208984375,0.0028921345822433653,-0.0015747954856433837,0.0001869047619047619
2023-02-23,AAPL,147.40432739257812,0.003285001402428657,0.005315278263237728,0.0001869047619047619
2023-02-24,AAPL,144.75025939941406,-0.01816942898017855,-0.010593464619774184,0.0001873015873015873
2023-02-27,AAPL,145.94410705566406,0.008213811522261158,0.0030682925395522777,0.00018809523809523813
2023-02-28,AAPL,145.44093322753906,-0.003453673035408131,-0.0030406198309477117,0.0001873015873015873
2023-03-01,AAPL,143.3689422607422,-0.014348723447511959,-0.004736464203492832,0.0001876984126984127
2023-03-02,AAPL,143.96092224121094,0.0041205658806130994,0.0075535937311959735,0.00018809523809523813
2023-03-03,AAPL,149.01254272460938,0.03448859233969717,0.01601874917648306,0.00018809523809523813
2023-03-06,AAPL,151.77516174316406,0.01836974493080607,0.0006869307788483012,0.00018888888888888888
2023-03-07,AAPL,149.57493591308594,-0.014602715877236418,-0.015445590479262547,0.00019325396825396824
2023-03-08,AAPL,150.8279571533203,0.008342319838291336,0.0014137941356032722,0.00019404761904761905
2023-03-09,AAPL,148.5784149169922,-0.015026965199940099,-0.018631857945482354,0.00019325396825396824
2023-03-10,AAPL,146.516357421875,-0.013975788473271505,-0.01458396943606664,0.00019166666666666667
2023-03-13,AAPL,148.4600372314453,0.013178735492704725,-0.001510901840738768,0.0001865079365079365
2023-03-14,AAPL,150.55169677734375,0.013990712914211379,0.016342388235363665,0.0001869047619047619
2023-03-15,AAPL,150.94639587402344,0.0026182541898619864,-0.007005363929353597,0.00018214285714285712
2023-03-16,AAPL,153.76817321777344,0.018521319914181156,0.017409576249031722,0.00018134920634920636
2023-03-17,AAPL,152.9295196533203,-0.0054689400947013885,-0.011080621273953702,0.00017301587301587302
2023-03-20,AAPL,155.29745483398438,0.015365181917236256,0.008878869635940853,0.00018452380952380955
2023-03-21,AAPL,157.15235900878906,0.011873433008181581,0.012898647518559103,0.00018333333333333334
2023-03-22,AAPL,155.72174072265625,-0.009145073100303049,-0.016600248639842885,0.00018373015873015874
2023-03-23,AAPL,156.80703735351562,0.006945286767884417,0.0029800838691824228,0.00018134920634920636
2023-03-24,AAPL,158.109375,0.008271052379811622,0.005623963084303207,0.00018134920634920636
2023-03-27,AAPL,156.1656951904297,-0.012369448144728274,0.0016455995637670831,0.0001884920634920635
2023-03-28,AAPL,155.54412841796875,-0.003988116826760569,-0.0015750832883878866,0.00018412698412698412
2023-03-29,AAPL,158.62246704101562,0.01959748228791133,0.014136870775046802,0.00018412698412698412
2023-03-30,AAPL,160.19122314453125,0.009841288583792393,0.005698999199482652,0.00019047619047619048
2023-03-31,AAPL,162.69728088378906,0.015523055361371628,0.014333327782036555,0.0001857142857142857
2023-04-03,AAPL,163.9503173828125,0.007672137508359166,0.003692022565802823,0.00018928571428571426
2023-04-04,AAPL,163.41754150390625,-0.003254909330986751,-0.005813839745162529,0.00018809523809523813
2023-04-05,AAPL,161.57249450683594,-0.011354605468630197,-0.002495481657121423,0.0001873015873015873
2023-04-06,AAPL,162.4604949951172,0.005480940151546953,0.0035727731328032467,0.00018928571428571426
2023-04-10,AAPL,159.86561584472656,-0.0161013031430386,0.0009958070170100843,0.00019603174603174606
2023-04-11,AAPL,158.65203857421875,-0.007620193895695866,-4.135333298352082e-05,0.00019404761904761905
2023-04-12,AAPL,157.96139526367188,-0.004362698054850818,-0.0041434563234613855,0.00019325396825396824
2023-04-13,AAPL,163.3484649658203,0.03353507139499845,0.013175510497831548,0.00019642857142857144
2023-04-14,AAPL,163.00314331054688,-0.0021162560587662345,-0.0020715175845779886,0.00019761904761904763
2023-04-17,AAPL,163.0228729248047,0.00012103091961619037,0.0033007035826147536,0.0002007936507936508
2023-04-18,AAPL,164.2462921142578,0.007476566808849591,0.0008548548034659753,0.0002
2023-04-19,AAPL,165.39080810546875,0.006944124854721059,-8.426554793962826e-05,0.0001988095238095238
2023-04-20,AAPL,164.4239044189453,-0.005863331257672975,-0.005970335188311131,0.0001972222222222222
2023-04-21,AAPL,162.815673828125,-0.00982915054044327,0.0009027812573008861,0.00019761904761904763
2023-04-24,AAPL,163.12155151367188,0.0018769121877478,0.0008512167782723126,0.0002
2023-04-25,AAPL,161.5823974609375,-0.009480424156476786,-0.01593718381857645,0.0001972222222222222
2023-04-26,AAPL,161.57249450683594,-6.128921053526366e-05,-0.0038485835033448754,0.0001984126984126984
2023-04-27,AAPL,166.16038513183594,0.027999573061994555,0.019377193402696356,0.00019960317460317463
2023-04-28,AAPL,167.4134521484375,0.007513016733989531,0.008219331313243467,0.00019642857142857144
2023-05-01,AAPL,167.3246307373047,-0.0005306920112088075,-0.0003861810485107871,0.00020238095238095236
2023-05-02,AAPL,166.2886505126953,-0.006210685322623676,-0.011653906680571788,0.00020158730158730158
2023-05-03,AAPL,165.2132110595703,-0.006488308818877164,-0.007022908054892971,0.00020198412698412699
2023-05-04,AAPL,163.5753936767578,-0.00996282052586188,-0.007244913455062742,0.00020238095238095236
2023-05-05,AAPL,171.25149536132812,0.04585920168333369,0.018306166381879797,0.00020238095238095236
2023-05-08,AAPL,171.18240356445312,-0.00040353363396154003,0.0004520264848820656,0.0002043650793650794
2023-05-09,AAPL,169.47552490234375,-0.010021154969161119,-0.004589938949059595,0.00020357142857142856
2023-05-10,AAPL,171.24160766601562,0.010366949073608906,0.004473942241914432,0.00020158730158730158
2023-05-11,AAPL,171.4290313720703,0.001093900109273151,-0.0016980648897067581,0.0002
2023-05-12,AAPL,170.50033569335938,-0.005432104123281287,-0.0015845615894390477,0.00020158730158730158
2023-05-15,AAPL,170.00636291503906,-0.002901400335829336,0.002953797680316935,0.0002007936507936508
2023-05-16,AAPL,170.00636291503906,0.0,-0.006398107681917463,0.0002011904761904762
2023-05-17,AAPL,170.61891174316406,0.003596617949445002,0.011820688622071574,0.00020238095238095236
2023-05-18,AAPL,172.95062255859375,0.01357365181038995,0.009400723063727155,0.00020396825396825393
2023-05-19,AAPL,173.0592803955078,0.0006280620268851851,-0.0014469138806754414,0.00020317460317460318
2023-05-22,AAPL,172.1107940673828,-0.005495776057090636,0.00015502267980239146,0.00020793650793650794
2023-05-23,AAPL,169.50244140625,-0.015271090697970877,-0.011285468768284297,0.00020555555555555556
2023-05-24,AAPL,169.77908325195312,0.0016307513784554184,-0.007345512678305211,0.00020674603174603175
2023-05-25,AAPL,170.91531372070312,0.006670110758811777,0.008719456079011883,0.00020674603174603175
2023-05-26,AAPL,173.32603454589844,0.01400622120099505,0.012964680931640788,0.00020476190476190477
2023-05-30,AAPL,175.17361450195312,0.010603151371112729,1.660313066576836e-05,0.0002095238095238095
2023-05-31,AAPL,175.1241912841797,-0.00028217829107130606,-0.006127358186214099,0.00020873015873015873
2023-06-01,AAPL,177.93016052246094,0.015895729972926466,0.009806215085853812,0.00020793650793650794
2023-06-02,AAPL,178.77984619140625,0.004764022651368218,0.014429812390107408,0.00020753968253968256
2023-06-05,AAPL,177.42626953125,-0.007599999638517816,-0.002005591490657713,0.00020634920634920637
2023-06-06,AAPL,177.06069946289062,-0.0020625310938358274,0.002351130233850576,0.00020555555555555556
2023-06-07,AAPL,175.68739318847656,-0.0077863679002855134,-0.003819293926420617,0.00020476190476190477
2023-06-08,AAPL,178.4044189453125,0.01534674900853879,0.00616957160752325,0.00020317460317460318
2023-06-09,AAPL,178.78973388671875,0.00215745463809433,0.0011474010230505239,0.0002027777777777778
2023-06-12,AAPL,181.5857696533203,0.015517657806884974,0.00927797498175416,0.00020396825396825393
2023-06-13,AAPL,181.11151123046875,-0.0026151764468127147,0.006908570725908898,0.0002027777777777778
2023-06-14,AAPL,181.74383544921875,0.003485272379821119,0.0008190899801265841,0.00020238095238095236
2023-06-15,AAPL,183.77914428710935,0.011136535791233786,0.012104580493589997,0.0002011904761904762
2023-06-16,AAPL,182.7022247314453,-0.005877093606697132,-0.0036783764677510893,0.00020198412698412699
2023-06-20,AAPL,182.7911529541016,0.00048662016791786744,-0.004746353835236048,0.00020396825396825393
2023-06-21,AAPL,181.75372314453125,-0.005691659261808275,-0.005259086366925201,0.0002043650793650794
2023-06-22,AAPL,184.7572784423828,0.01639035404156611,0.0037039303873345254,0.0002043650793650794
2023-06-23,AAPL,184.44114685058597,-0.0017125298885413975,-0.007688288056502158,0.0002043650793650794
2023-06-26,AAPL,183.04803466796875,-0.007581822410822798,-0.004496934363132171,0.00020793650793650794
2023-06-27,AAPL,185.8045654296875,0.014946794897181757,0.01139073352418076,0.00020595238095238096
2023-06-28,AAPL,186.9803009033203,0.0063078707226686456,-0.0003541393883898215,0.00020555555555555556
2023-06-29,AAPL,187.3162078857422,0.0017948715241156504,0.00446356811449,0.00020634920634920637
2023-06-30,AAPL,191.6436920166016,0.022839737138288397,0.0121943502618858,0.00020515873015873015
2023-07-03,AAPL,190.15182495117188,-0.007815045447595589,0.0011699930926736418,0.00020674603174603175
2023-07-05,AAPL,189.0353546142578,-0.005888772740533289,-0.0019702580976127164,0.00020674603174603175
2023-07-06,AAPL,189.5095977783203,0.0025056121296924256,-0.007954061175894762,0.00020753968253968256
2023-07-07,AAPL,188.39312744140625,-0.0059087882185175165,-0.002869212795733482,0.00020714285714285713
2023-07-10,AAPL,186.3479766845703,-0.010915114670741929,0.002402138610626312,0.00020833333333333332
2023-07-11,AAPL,185.8243408203125,-0.0028139449666391854,0.006719583998254874,0.00020833333333333332
2023-07-12,AAPL,187.4940490722656,0.008945283334821372,0.007383905235389679,0.00020793650793650794
2023-07-13,AAPL,188.2548065185547,0.004049292363590047,0.008434482989627111,0.00020793650793650794
2023-07-14,AAPL,188.4030303955078,0.0007870479256126497,-0.001024932196907484,0.00020833333333333332
2023-07-17,AAPL,191.6634521484375,0.017157533674394595,0.0038479695744204137,0.00020873015873015873
2023-07-18,AAPL,191.4065704345703,-0.0013411738702000069,0.007092066941428338,0.00020833333333333332
2023-07-19,AAPL,192.76014709472656,0.007046848150670187,0.002355134827233639,0.00020873015873015873
2023-07-20,AAPL,190.81375122070312,-0.010148827065111592,-0.006779827396257691,0.00020873015873015873
2023-07-21,AAPL,189.6380157470703,-0.0061807530869234266,0.0003240420146130911,0.0002091269841269841
2023-07-24,AAPL,190.43832397460935,0.004211308764558827,0.004026038496874852,0.0002095238095238095
2023-07-25,AAPL,191.29788208007807,0.0045034217061198385,0.0028107195758387046,0.0002095238095238095
2023-07-26,AAPL,192.16732788085935,0.004534686683910323,-0.00015545097867591856,0.0002095238095238095
2023-07-27,AAPL,190.9026641845703,-0.006602805320769131,-0.006445393055197076,0.0002095238095238095
2023-07-28,AAPL,193.48138427734372,0.013417616005368125,0.009829375810433848,0.0002095238095238095
2023-07-31,AAPL,194.0939483642578,0.003161009204582631,0.0014676354365687912,0.0002095238095238095
2023-08-01,AAPL,193.26402282714844,-0.004285063784617431,-0.0026686453076827116,0.0002091269841269841
2023-08-02,AAPL,190.2703399658203,-0.015611345171299317,-0.013936200638336184,0.0002091269841269841
2023-08-03,AAPL,188.87728881835935,-0.007348364121243744,-0.0025512254502915274,0.0002091269841269841
2023-08-04,AAPL,179.80734252929688,-0.049211580276385655,-0.0053141693739379705,0.0002095238095238095
2023-08-07,AAPL,176.7050323486328,-0.017404099868939978,0.008983618964856572,0.00020992063492063494
2023-08-08,AAPL,177.64364624023438,0.00529769768335896,-0.004227205100058866,0.00021031746031746032
2023-08-09,AAPL,176.05296325683594,-0.00899467885803789,-0.007063619102045116,0.0002095238095238095
2023-08-10,AAPL,175.83555603027344,-0.0012356598315022707,0.00025068252108086326,0.0002095238095238095
2023-08-11,AAPL,175.89491271972656,0.0003375123584120816,-0.0010702648992294865,0.0002095238095238095
2023-08-14,AAPL,177.54713439941406,0.009349389685493903,0.005734004879419051,0.00020992063492063494
2023-08-15,AAPL,175.55853271484375,-0.011263612533313193,-0.011618139396096483,0.00020992063492063494
2023-08-16,AAPL,174.6879119873047,-0.004971485271994453,-0.007584081792624527,0.00020992063492063494
2023-08-17,AAPL,172.1453094482422,-0.014662079245883718,-0.0077428113775290805,0.00020992063492063494
2023-08-18,AAPL,172.63009643554688,0.0028121919285609667,-0.00014871788395720285,0.0002095238095238095
2023-08-21,AAPL,173.96571350097656,0.007707096498935626,0.006855634859799785,0.00021031746031746032
2023-08-22,AAPL,175.34091186523438,0.007873915748571901,-0.0027813310465456837,0.00021031746031746032
2023-08-23,AAPL,179.18943786621094,0.02171141162357385,0.010984330710791359,0.00021031746031746032
2023-08-24,AAPL,174.4999542236328,-0.02651907901134256,-0.01354935398400801,0.0002107142857142857
2023-08-25,AAPL,176.70620727539062,0.012564028287935914,0.006695501060295156,0.0002119047619047619
2023-08-28,AAPL,178.26934814453125,0.008807090792550053,0.006245078594196461,0.0002119047619047619
2023-08-29,AAPL,182.15745544433597,0.021575854468919988,0.014404068712056505,0.00021150793650793651
2023-08-30,AAPL,185.6498107910156,0.018990708589070017,0.003825854181192944,0.00021111111111111113
2023-08-31,AAPL,185.8675079345703,0.0011719355060889846,-0.0015982129743398576,0.00021111111111111113
2023-09-01,AAPL,187.4405517578125,0.00842764088724853,0.001797512765518541,0.00021031746031746032
2023-09-05,AAPL,187.677978515625,0.0012658760917231044,-0.004202997821381205,0.00021111111111111113
2023-09-06,AAPL,180.9603576660156,-0.03644962507924654,-0.006996014491432261,0.0002107142857142857
2023-09-07,AAPL,175.66737365722656,-0.02968570437863879,-0.003216433115732967,0.00021031746031746032
2023-09-08,AAPL,176.28074645996094,0.003485589998526622,0.0014256060622570594,0.0002107142857142857
2023-09-11,AAPL,177.44818115234375,0.00660075464575169,0.006700951498135517,0.00021111111111111113
2023-09-12,AAPL,174.42080688476562,-0.017207819233171766,-0.005712169023003997,0.00021111111111111113
2023-09-13,AAPL,172.35308837890625,-0.011925597860355826,0.0012408621175346041,0.0002107142857142857
2023-09-14,AAPL,173.86680603027344,0.008744311468401652,0.00839458553366625,0.0002107142857142857
2023-09-15,AAPL,173.14456176757812,-0.004162660780733284,-0.012234145842493929,0.00021111111111111113
2023-09-18,AAPL,176.072998046875,0.016771807960528868,0.0007210276941755188,0.0002107142857142857
2023-09-19,AAPL,177.1613006591797,0.006161950070116619,-0.0021533273615331264,0.0002107142857142857
2023-09-20,AAPL,173.61947631835938,-0.020194634041116034,-0.009439204206291041,0.00021150793650793651
2023-09-21,AAPL,172.07606506347656,-0.008929368911430664,-0.016536918318488084,0.00021150793650793651
2023-09-22,AAPL,172.9269256591797,0.004932492434360019,-0.0022982374027607495,0.00021111111111111113
2023-09-25,AAPL,174.20315551757812,0.007353068361532876,0.0040149942038066174,0.0002123015873015873
2023-09-26,AAPL,170.1270751953125,-0.02367651963243623,-0.014844165482264943,0.0002119047619047619
2023-09-27,AAPL,168.61337280273438,-0.008937299794775769,0.00022928777229479233,0.0002119047619047619
2023-09-28,AAPL,168.87062072753906,0.001524504744278577,0.005875877143000698,0.00021111111111111113
2023-09-29,AAPL,169.38507080078125,0.0030417845599471733,-0.002713259648289315,0.00021111111111111113
2023-10-02,AAPL,171.8979949951172,0.014726600065606147,7.936440615299324e-05,0.0002123015873015873
2023-10-03,AAPL,170.56236267089844,-0.007800255220275707,-0.013839395863449198,0.0002123015873015873
2023-10-04,AAPL,171.80897521972656,0.007282257128322633,0.008077047607828946,0.0002119047619047619
2023-10-05,AAPL,173.045654296875,0.007172206910287317,-0.0013048811469951228,0.0002119047619047619
2023-10-06,AAPL,175.59812927246094,0.014642570445663038,0.011745642093961117,0.0002126984126984127
2023-10-09,AAPL,177.0821533203125,0.008415740146999275,0.006284068119387409,0.0002126984126984127
2023-10-10,AAPL,176.488525390625,-0.003357905636523974,0.005194476099985354,0.0002119047619047619
2023-10-11,AAPL,177.883544921875,0.007873231861600669,0.004283819500095073,0.0002119047619047619
2023-10-12,AAPL,178.78382873535156,0.005048321164131687,-0.006266024940654918,0.0002123015873015873
2023-10-13,AAPL,176.9436492919922,-0.010346099031798478,-0.005031495660219892,0.0002123015873015873
2023-10-16,AAPL,176.81500244140625,-0.0007273142614412781,0.010538642302589985,0.0002119047619047619
2023-10-17,AAPL,175.2617645263672,-0.008823348414752682,-9.824987944376507e-05,0.0002123015873015873
2023-10-18,AAPL,173.96571350097656,-0.007422422673697169,-0.013490408251151898,0.0002119047619047619
2023-10-19,AAPL,173.58978271484375,-0.002163285787926508,-0.008519032328057976,0.00021150793650793651
2023-10-20,AAPL,171.03729248046875,-0.014813327758209403,-0.012665149196155915,0.0002107142857142857
2023-10-23,AAPL,171.15599060058594,0.0006937490052938728,-0.0016869920654349177,0.00021111111111111113
2023-10-24,AAPL,171.59129333496094,0.0025400812133352796,0.0072395235196288195,0.0002107142857142857
2023-10-25,AAPL,169.2762451171875,-0.013583480692558597,-0.014443434657238052,0.00021111111111111113
2023-10-26,AAPL,165.11111450195312,-0.024913298454613972,-0.011903081205584871,0.00021111111111111113
2023-10-27,AAPL,166.42691040039062,0.007937567989632294,-0.00481183857862075,0.00021111111111111113
2023-10-30,AAPL,168.47486877441406,0.01223035546170769,0.011938474300285915,0.00021150793650793651
2023-10-31,AAPL,168.94976806640625,0.002814848435522796,0.006454084821688244,0.00021150793650793651
2023-11-01,AAPL,172.11563110351562,0.018565084431183883,0.010451194990191868,0.0002107142857142857
2023-11-02,AAPL,175.67730712890625,0.020482305133896914,0.018682938934086474,0.0002095238095238095
2023-11-03,AAPL,174.76705932617188,-0.005194832258016278,0.00934988354455146,0.0002091269841269841
2023-11-06,AAPL,177.31959533691406,0.014499730095826438,0.0017514577241005862,0.00020992063492063494
2023-11-07,AAPL,179.88198852539062,0.014347288806540256,0.0028360934017119537,0.0002095238095238095
2023-11-08,AAPL,180.9405670166016,0.005867601745389848,0.0010044110324198868,0.0002095238095238095
2023-11-09,AAPL,180.46571350097656,-0.0026278114934755797,-0.008116690699068705,0.0002091269841269841
2023-11-10,AAPL,184.6561279296875,0.02295452065144587,0.015495759270772258,0.00020873015873015873
2023-11-13,AAPL,183.0710906982422,-0.008620776311955135,-0.0008361884413700847,0.0002095238095238095
2023-11-14,AAPL,185.68637084960935,0.014184521120805272,0.01889537047457725,0.00020873015873015873
2023-11-15,AAPL,186.25103759765625,0.0030363559515613836,0.0015957382078471765,0.00020873015873015873
2023-11-16,AAPL,187.93516540527344,0.009001610246540793,0.0011897193967137305,0.00020833333333333332
2023-11-17,AAPL,187.91534423828125,-0.00010547367371867778,0.0012812279371779871,0.00020833333333333332
2023-11-20,AAPL,189.65887451171875,0.009235496385170692,0.007363103793795633,0.0002091269841269841
2023-11-21,AAPL,188.8564453125,-0.004239883350934551,-0.002022975931757968,0.00020873015873015873
2023-11-22,AAPL,189.5201873779297,0.0035083707020960313,0.004052905094313324,0.0002091269841269841
2023-11-24,AAPL,188.19273376464844,-0.007028931256018948,0.0005966956096450322,0.0002095238095238095
2023-11-27,AAPL,188.01438903808597,-0.000948119953677503,-0.0019560693168983586,0.0002095238095238095
2023-11-28,AAPL,188.6186981201172,0.003209009623534419,0.0009796385280502918,0.0002091269841269841
2023-11-29,AAPL,187.59832763671875,-0.005424384945305814,-0.0009466966151019382,0.00020833333333333332
2023-11-30,AAPL,188.1728973388672,0.0030580848757721614,0.003776931264994605,0.00020833333333333332
2023-12-01,AAPL,189.45083618164065,0.006768344295729928,0.005856558953846637,0.00020753968253968256
2023-12-04,AAPL,187.65777587890625,-0.009509588261372107,-0.005423188063826943,0.00020873015873015873
2023-12-05,AAPL,191.6104431152344,0.02084440590213127,-0.0005690315939348026,0.00020833333333333332
2023-12-06,AAPL,190.5207672119141,-0.005703165967321179,-0.003913851944943747,0.00020833333333333332
2023-12-07,AAPL,192.4525146484375,0.010088243286147013,0.007936610684821922,0.00020793650793650794
2023-12-08,AAPL,193.8790283203125,0.00738495305932454,0.0040871341465037936,0.00020793650793650794
2023-12-11,AAPL,191.37266540527344,-0.013011744360947448,0.003916813547781492,0.00020873015873015873
2023-12-12,AAPL,192.8883514404297,0.007888876723628561,0.0045888127956924,0.00020873015873015873
2023-12-13,AAPL,196.1079864501953,0.016553927220035052,0.01355834517501981,0.00020793650793650794
2023-12-14,AAPL,196.2565460205078,0.0007572528356530017,0.002643565185154432,0.00020753968253968256
2023-12-15,AAPL,195.72161865234372,-0.0027293749930607392,-7.625240044859478e-05,0.00020793650793650794
2023-12-18,AAPL,194.0573272705078,-0.008539719825924738,0.004518122263400515,0.00020873015873015873
2023-12-19,AAPL,195.09750366210935,0.005345835570299673,0.005849267450818904,0.00020753968253968256
2023-12-20,AAPL,193.0072326660156,-0.010771789219894556,-0.014793147965305628,0.00020793650793650794
2023-12-21,AAPL,192.85867309570312,-0.0007700062401698938,0.010248769307271876,0.00020714285714285713
2023-12-22,AAPL,191.78875732421875,-0.005563112846731903,0.0016586821527610754,0.00020793650793650794
2023-12-26,AAPL,191.24388122558597,-0.0028450654661318943,0.004222761046978559,0.00020833333333333332
2023-12-27,AAPL,191.34295654296875,0.0005179233042899742,0.0014294356164229985,0.00020793650793650794
2023-12-28,AAPL,191.76893615722656,0.0022237878694020196,0.0003701061103271183,0.00020833333333333332
2023-12-29,AAPL,190.728759765625,-0.005438876975430224,-0.0028304770367338357,0.00020634920634920637
2024-01-02,AAPL,183.9032287597656,-0.03644262419589252,-0.005676660799723162,0.00020714285714285713
2024-01-03,AAPL,182.5262451171875,-0.007515717061156698,-0.008048618327197648,0.00020793650793650794
2024-01-04,AAPL,180.2081298828125,-0.012781511500936212,-0.003434271663317429,0.00020793650793650794
2024-01-05,AAPL,179.48495483398438,-0.0040210727087896065,0.0018240216394339805,0.00020793650793650794
2024-01-08,AAPL,183.82395935058597,0.02388716964411956,0.014015945436353141,0.00020833333333333332
2024-01-09,AAPL,183.4078826904297,-0.0022660172161768364,-0.0014789938523175842,0.00020793650793650794
2024-01-10,AAPL,184.44808959960935,0.0056555269459729685,0.005649980650495912,0.00020753968253968256
2024-01-11,AAPL,183.8536834716797,-0.0032278239610868385,-0.0006712808369611647,0.00020753968253968256
2024-01-12,AAPL,184.1805877685547,0.0017764888131033222,0.0007506937530339595,0.00020714285714285713
2024-01-16,AAPL,181.9120178222656,-0.01239357992715831,-0.0037383190523568345,0.00020714285714285713
2024-01-17,AAPL,180.97091674804688,-0.005186814228150957,-0.005632731271107821,0.00020793650793650794
2024-01-18,AAPL,186.86524963378903,0.03205142950580031,0.008766720726243148,0.00020714285714285713
2024-01-19,AAPL,189.76785278320312,0.015413730752887088,0.012238308232548512,0.00020714285714285713
2024-01-22,AAPL,192.07603454589844,0.01208980923118502,0.0021919211872316853,0.00020714285714285713
2024-01-23,AAPL,193.35397338867188,0.006631261185838504,0.002917115340764486,0.00020674603174603175
2024-01-24,AAPL,192.6803436279297,-0.0034900029079748367,0.0008115989762168653,0.00020674603174603175
2024-01-25,AAPL,192.35340881347656,-0.0016982142004516045,0.00524657813497798,0.00020674603174603175
2024-01-26,AAPL,190.61981201171875,-0.009053419657432496,-0.0006519977554263648,0.00020674603174603175
2024-01-29,AAPL,189.93624877929688,-0.003592448198854728,0.007528365505246204,0.00020714285714285713
2024-01-30,AAPL,186.28077697753903,-0.019433393991118146,-0.0006008303969786162,0.00020674603174603175
2024-01-31,AAPL,182.67483520507807,-0.019547373569072123,-0.016236851740733683,0.00020714285714285713
2024-02-01,AAPL,185.11181640625,0.013252339945058984,0.012416286114049784,0.00020714285714285713
2024-02-02,AAPL,184.1112365722656,-0.005419933968394635,0.01062777072263312,0.00020753968253968256
2024-02-05,AAPL,185.92413330078125,0.009798583492908738,-0.0031914247092839714,0.00020714285714285713
2024-02-06,AAPL,187.5289764404297,0.008594669460236506,0.0023077459317481074,0.00020753968253968256
2024-02-07,AAPL,187.637939453125,0.000580877530203543,0.008207682594008628,0.00020753968253968256
2024-02-08,AAPL,186.55816650390625,-0.005771176818682663,0.000570420540090595,0.00020753968253968256
2024-02-09,AAPL,187.3219146728516,0.004085530466810853,0.0057259171287955156,0.00020793650793650794
2024-02-12,AAPL,185.6356658935547,-0.0090426383987342,-0.0009494041426524416,0.00020753968253968256
2024-02-13,AAPL,183.54275512695312,-0.011338328943594283,-0.013768609419845444,0.00020833333333333332
2024-02-14,AAPL,182.65994262695312,-0.004821451155864189,0.009534168304216807,0.00020753968253968256
2024-02-15,AAPL,182.372314453125,-0.0015759058427078957,0.00580437267404004,0.00020753968253968256
2024-02-16,AAPL,180.8348388671875,-0.00846615907860729,-0.0048150435759610425,0.00020793650793650794
2024-02-20,AAPL,180.09092712402344,-0.004122248211110426,-0.0060234264658172495,0.00020793650793650794
2024-02-21,AAPL,180.84475708007807,0.004177093510674928,0.0012634014951035982,0.00020793650793650794
2024-02-22,AAPL,182.87814331054688,0.011181079949332944,0.02090288866640342,0.00020833333333333332
2024-02-23,AAPL,181.04315185546875,-0.010084636601170828,0.000347887026502183,0.00020873015873015873
2024-02-26,AAPL,179.6941375732422,-0.007479241044943499,-0.003793939244668484,0.00020873015873015873
2024-02-27,AAPL,181.1522674560547,0.008081764423590264,0.001704895538720964,0.00020833333333333332
2024-02-28,AAPL,179.9520263671875,-0.006647639085952375,-0.001659531321112244,0.00020793650793650794
2024-02-29,AAPL,179.2874755859375,-0.00369976873747837,0.0052154704557999644,0.00020833333333333332
2024-03-01,AAPL,178.20628356933594,-0.006048750700730353,0.007975936433387976,0.00020753968253968256
2024-03-04,AAPL,173.68321228027344,-0.025708754952493522,-0.0011939745749630112,0.00020793650793650794
2024-03-05,AAPL,168.74346923828125,-0.02885339260084241,-0.010245406275917994,0.00020753968253968256
2024-03-06,AAPL,167.75155639648438,-0.005895574313366355,0.005127932853001643,0.00020793650793650794
2024-03-07,AAPL,167.63255310058594,-0.0007096537821731628,0.010251402284983627,0.00020793650793650794
2024-03-08,AAPL,169.34854125976562,0.010184565368791034,-0.006549922992050337,0.00020793650793650794
2024-03-11,AAPL,171.35220336914062,0.01176214165144056,-0.0011228682680281005,0.00020793650793650794
2024-03-12,AAPL,171.8282928466797,0.0027745736614432103,0.011139512586668012,0.00020833333333333332
2024-03-13,AAPL,169.7453155517578,-0.012196510882153084,-0.0019263840021219723,0.00020833333333333332
2024-03-14,AAPL,171.6001739501953,0.010868030851584803,-0.002875221051495188,0.00020833333333333332
2024-03-15,AAPL,171.22323608398438,-0.0021990214616308314,-0.0065040228597376655,0.00020833333333333332
2024-03-18,AAPL,172.31434631347656,0.006352224352292656,0.006298184238480456,0.00020833333333333332
2024-03-19,AAPL,174.65524291992188,0.013493586744049458,0.00563325304434312,0.00020793650793650794
2024-03-20,AAPL,177.2242889404297,0.014602109163723901,0.008864765516360184,0.00020793650793650794
2024-03-21,AAPL,169.98336791992188,-0.04171550304869449,0.003231309094528888,0.00020833333333333332
2024-03-22,AAPL,170.88600158691406,0.0052960803024805275,-0.0014031718343267125,0.00020793650793650794
2024-03-25,AAPL,169.46759033203125,-0.008334975743963647,-0.0030596403820319297,0.00020753968253968256
2024-03-26,AAPL,168.33680725097656,-0.0066949235285608715,-0.002803721982805726,0.00020714285714285713
2024-03-27,AAPL,171.9076690673828,0.02099074740399455,0.008593595582706042,0.00020714285714285713
2024-03-28,AAPL,170.0924530029297,-0.010615394516878181,0.0011158627007616052,0.00020753968253968256
2024-04-01,AAPL,168.6542205810547,-0.008491543540688408,-0.0020156145269577246,0.00020753968253968256
2024-04-02,AAPL,167.47381591796875,-0.007023570707621483,-0.007265388203672426,0.00020714285714285713
2024-04-03,AAPL,168.27728271484375,0.0047860950202552755,0.001090527523337898,0.00020714285714285713
2024-04-04,AAPL,167.45399475097656,-0.004904455851359308,-0.01241103561926225,0.00020674603174603175
2024-04-05,AAPL,168.20785522460938,0.004491792803922605,0.011038050135699558,0.00020753968253968256
2024-04-08,AAPL,167.08697509765625,-0.006685962329610569,-0.0003747011900415767,0.00020753968253968256
2024-04-09,AAPL,168.297119140625,0.007216497833745324,0.0014444494736345207,0.00020753968253968256
2024-04-10,AAPL,166.42242431640625,-0.011201702820126237,-0.009501981832212592,0.00020833333333333332
2024-04-11,AAPL,173.6236572265625,0.04236078646384742,0.007417221983342437,0.00020833333333333332
2024-04-12,AAPL,175.12147521972656,0.008589809941339887,-0.014657587802248536,0.00020833333333333332
2024-04-15,AAPL,171.2926788330078,-0.022106211674500102,-0.012094195787459195,0.00020833333333333332
2024-04-16,AAPL,168.0094757080078,-0.019353284718618233,-0.0020586245275039964,0.00020833333333333332
2024-04-17,AAPL,166.640625,-0.008180833290745124,-0.005797375076004185,0.00020833333333333332
2024-04-18,AAPL,165.6884002685547,-0.005730629977959885,-0.0022106017004853043,0.00020833333333333332
2024-04-19,AAPL,163.6649169921875,-0.012287768973984682,-0.008797129654056974,0.00020833333333333332
2024-04-22,AAPL,164.4980926513672,0.005077826719855997,0.00869335115683908,0.00020714285714285713
2024-04-23,AAPL,165.54953002929688,0.006371449831058599,0.01189356656772209,0.00020833333333333332
2024-04-24,AAPL,167.65237426757812,0.012622209716585082,0.00021298737793290078,0.00020873015873015873
2024-04-25,AAPL,168.51535034179688,0.005134210733050518,-0.0045869342701194095,0.00020873015873015873
2024-04-26,AAPL,167.93011474609375,-0.0034789363905315743,0.010157381332325343,0.00020833333333333332
2024-04-29,AAPL,172.0961151123047,0.024505220326577364,0.0031734080766393944,0.00020833333333333332
2024-04-30,AAPL,168.95176696777344,-0.01843985789997125,-0.015855551118928123,0.00020833333333333332
2024-05-01,AAPL,167.93011474609375,-0.006065362426606125,-0.0034413534856316866,0.00020873015873015873
2024-05-02,AAPL,171.62994384765625,0.02179276057372791,0.009087024725084856,0.00020833333333333332
2024-05-03,AAPL,181.89617919921875,0.05809541057382023,0.012478557659508005,0.00020833333333333332
2024-05-06,AAPL,180.2397003173828,-0.009148446915307815,0.010273173691247842,0.00020833333333333332
2024-05-07,AAPL,180.92410278320312,0.003789988250067674,0.0013425282288256131,0.00020833333333333332
2024-05-08,AAPL,181.2613525390625,0.0018623047854282382,-5.835635193424912e-06,0.00020833333333333332
2024-05-09,AAPL,183.0765686035156,0.009964546531235388,0.005078032639106711,0.00020833333333333332
2024-05-10,AAPL,181.81512451171875,-0.00691410158603653,0.001648040080166728,0.00020873015873015873
2024-05-13,AAPL,185.0233154296875,0.017491475070167614,-0.00024133317386520824,0.00020833333333333332
2024-05-14,AAPL,186.1655731201172,0.006154609317871813,0.004826148527454041,0.00020793650793650794
2024-05-15,AAPL,188.4401397705078,0.012143939750935561,0.01164782778729962,0.00020833333333333332
2024-05-16,AAPL,188.55931091308597,0.0006322085951655423,-0.0020838374740880464,0.00020833333333333332
2024-05-17,AAPL,188.589111328125,0.00015803017243958773,0.0011640956878937513,0.00020833333333333332
2024-05-20,AAPL,189.751220703125,0.006143215149728271,0.0009159703084911664,0.00020833333333333332
2024-05-21,AAPL,191.05239868164065,0.006833879596901078,0.0024987497668926086,0.00020833333333333332
2024-05-22,AAPL,189.61216735839844,-0.007566967476912837,-0.0027097912093521476,0.00020833333333333332
2024-05-23,AAPL,185.6192779541016,-0.021283078347736097,-0.007408162283471933,0.00020873015873015873
2024-05-24,AAPL,188.6983642578125,0.016452100611523617,0.0069766490766732595,0.00020873015873015873
2024-05-28,AAPL,188.70831298828125,5.272153923535387e-05,0.00024877090688591537,0.00020873015873015873
2024-05-29,AAPL,189.0063018798828,0.0015778523874634713,-0.007394317215742535,0.00020873015873015873
2024-05-30,AAPL,189.99952697753903,0.0052412247819164474,-0.005992957535754186,0.00020873015873015873
2024-05-31,AAPL,190.9530487060547,0.005005996969966439,0.007995824231928897,0.00020833333333333332
2024-06-03,AAPL,192.72103881835935,0.009216169055302969,0.0011154602235352391,0.00020873015873015873
2024-06-04,AAPL,193.0388946533203,0.001647946711492716,0.0015016810037827531,0.00020833333333333332
2024-06-05,AAPL,194.54861450195312,0.007790382550413906,0.011778015849957281,0.00020833333333333332
2024-06-06,AAPL,193.1680145263672,-0.007121726061942718,-0.00019983660163685183,0.00020833333333333332
2024-06-07,AAPL,195.561767578125,0.012315924425231174,-0.0011158420502790662,0.00020873015873015873
2024-06-10,AAPL,191.8171844482422,-0.019333522116654595,0.002577529978240972,0.00020833333333333332
2024-06-11,AAPL,205.7525329589844,0.07013139623986576,0.0027067148552095224,0.00020833333333333332
2024-06-12,AAPL,211.6326141357422,0.028177668844294117,0.008467720241887338,0.00020833333333333332
2024-06-13,AAPL,212.79470825195312,0.00547607073777541,0.00234191143711672,0.00020833333333333332
2024-06-14,AAPL,211.0565490722656,-0.008201787270284717,-0.00039393828099749413,0.00020833333333333332
2024-06-17,AAPL,215.20831298828125,0.019480354018297397,0.007635164372320518,0.00020833333333333332
2024-06-18,AAPL,212.8443603515625,-0.011045260627888482,0.0025181541815171163,0.00020793650793650794
2024-06-20,AAPL,208.26547241210935,-0.021747620457268035,-0.0025291273954115403,0.00020793650793650794
2024-06-21,AAPL,206.0902404785156,-0.010499442139710942,-0.0015633517188252497,0.00020753968253968256
2024-06-24,AAPL,206.73587036132807,0.0031278564617670175,-0.0030698791558664423,0.00020793650793650794
2024-06-25,AAPL,207.6596221923828,0.0044583176107849815,0.003925873679181344,0.00020753968253968256
2024-06-26,AAPL,211.81138610839844,0.019795882979733632,0.0015711962247204525,0.00020793650793650794
2024-06-27,AAPL,212.65565490722656,0.003978023406312159,0.0009069098567990731,0.00020753968253968256
2024-06-28,AAPL,209.19911193847656,-0.016387726757180424,-0.0040920134623695995,0.00020714285714285713
2024-07-01,AAPL,215.2877655029297,0.0286890902635461,0.0026719909814295235,0.00020793650793650794
2024-07-02,AAPL,218.7840576171875,0.016109627673932637,0.0061762057711850496,0.00020793650793650794
2024-07-03,AAPL,220.05538940429688,0.005794079599866627,0.0050715622695336636,0.00020793650793650794
2024-07-05,AAPL,224.8130645751953,0.021389948085402673,0.00543397436096954,0.00020753968253968256
2024-07-08,AAPL,226.2831268310547,0.006517756026418093,0.0010161824764044329,0.00020753968253968256
2024-07-09,AAPL,227.1372985839844,0.0037676854217313957,0.0007407974780654752,0.00020753968253968256
2024-07-10,AAPL,231.4082946777344,0.018628985525917397,0.010156314878105886,0.00020753968253968256
2024-07-11,AAPL,226.03477478027344,-0.02349480159803284,-0.008801649969266724,0.00020674603174603175
2024-07-12,AAPL,228.9847412109375,0.012966510922985943,0.00550186402496512,0.00020674603174603175
2024-07-15,AAPL,232.81869506835935,0.016604648841881193,0.0028222164233526843,0.00020634920634920637
2024-07-16,AAPL,233.23590087890625,0.0017903735983672401,0.0063690499714532745,0.00020634920634920637
2024-07-17,AAPL,227.33595275878903,-0.025621499999476213,-0.014025441523645543,0.00020634920634920637
2024-07-18,AAPL,222.6676483154297,-0.020748598047288014,-0.007847112145350072,0.00020674603174603175
2024-07-19,AAPL,222.79676818847656,0.0005797090491593223,-0.007165879226406085,0.00020634920634920637
2024-07-22,AAPL,222.44915771484372,-0.0015614316674654309,0.010734217246220293,0.00020595238095238096
2024-07-23,AAPL,223.49205017089844,0.004677272873112865,-0.0015593176939461904,0.00020555555555555556
2024-07-24,AAPL,217.06570434570312,-0.02917575100228264,-0.02342124222289286,0.00020555555555555556
2024-07-25,AAPL,216.02279663085935,-0.004816150640673891,-0.005155889019717259,0.00020515873015873015
2024-07-26,AAPL,216.4896240234375,0.0021586782324186887,0.011029420409570924,0.00020476190476190477
2024-07-29,AAPL,216.76773071289065,0.0012837946066429232,0.0008129795718284517,0.0002043650793650794
2024-07-30,AAPL,217.32395935058597,0.0025627255939229938,-0.0049725143613676215,0.00020396825396825393
2024-07-31,AAPL,220.5818328857422,0.014879609729844354,0.015669980701917767,0.0002043650793650794
2024-08-01,AAPL,216.8869171142578,-0.016892651814249385,-0.013788123791990166,0.00020317460317460318
2024-08-02,AAPL,218.37680053710935,0.006845915160100197,-0.01855290660855327,0.0002003968253968254
2024-08-05,AAPL,207.85824584960935,-0.04936567655241121,-0.0304270413923931,0.00020198412698412699
2024-08-06,AAPL,205.83200073242188,-0.009796031390569771,0.010300849493599515,0.00020198412698412699
2024-08-07,AAPL,208.4045562744141,0.012420867122609874,-0.007764715388769489,0.00020198412698412699
2024-08-08,AAPL,211.87098693847656,0.016496364490775704,0.02278113959089888,0.00020198412698412699
2024-08-09,AAPL,214.7812347412109,0.013642460026499721,0.004660798434381699,0.00020198412698412699
2024-08-12,AAPL,216.31260681152344,0.007104617900367575,4.30330517200971e-05,0.0002011904761904762
2024-08-13,AAPL,220.03167724609372,0.017046908290554105,0.016707233419049988,0.0002007936507936508
2024-08-14,AAPL,220.47915649414065,0.0020316385781651777,0.00381643656119841,0.0002011904761904762
2024-08-15,AAPL,223.46237182617188,0.013439879112545983,0.01600448993130413,0.00020198412698412699
2024-08-16,AAPL,224.7849273681641,0.005901025537528704,0.0019878023683961516,0.00020158730158730158
2024-08-19,AAPL,224.62582397460935,-0.0007080533775679618,0.009675327436177775,0.0002007936507936508
2024-08-20,AAPL,225.2423553466797,0.0027409440649430695,-0.001986527237609709,0.0002
2024-08-21,AAPL,225.13296508789065,-0.0004857737801201136,0.004230714721006796,0.0001992063492063492
2024-08-22,AAPL,223.2734222412109,-0.008294054497219917,-0.00897294225665722,0.0002
2024-08-23,AAPL,225.5705108642578,0.010235667718196652,0.01141793740166443,0.0001988095238095238
2024-08-26,AAPL,225.90858459472656,0.0014976276733854753,-0.0031587101696058145,0.00019761904761904763
2024-08-27,AAPL,226.75384521484372,0.0037346223007954558,0.0015939251127232035,0.00019761904761904763
2024-08-28,AAPL,225.22247314453125,-0.006776363574988839,-0.005993900794735212,0.00019682539682539682
2024-08-29,AAPL,228.5039978027344,0.014465022810559253,-3.937984343658622e-05,0.00019761904761904763
2024-08-30,AAPL,227.7184295654297,-0.0034437983166370452,0.010042457079144168,0.00019761904761904763
2024-09-03,AAPL,221.52328491210935,-0.027582200002212485,-0.021377963372397696,0.0001972222222222222
2024-09-04,AAPL,219.6140289306641,-0.00865611610248068,-0.0016038290273809634,0.00019682539682539682
2024-09-05,AAPL,221.13546752929688,0.006903897356555699,-0.003022581014674196,0.00019603174603174606
2024-09-06,AAPL,219.58421325683597,-0.007039670549660547,-0.017410944507424406,0.00019563492063492062
2024-09-09,AAPL,219.6737060546875,0.0004074726722288257,0.011513534435818254,0.00019404761904761905
2024-09-10,AAPL,218.87815856933597,-0.003628069663666123,0.004462699977793541,0.00019246031746031743
2024-09-11,AAPL,221.41390991210935,0.011518623935876531,0.01060855564984334,0.00019404761904761905
2024-09-12,AAPL,221.52328491210935,0.0004938623511463383,0.00746735215680267,0.00019246031746031743
2024-09-13,AAPL,221.25477600097656,-0.0012128376166300394,0.0053931422343560355,0.0001896825396825397
2024-09-16,AAPL,215.109375,-0.028168250396875462,0.0012558408673102855,0.0001884920634920635
2024-09-17,AAPL,215.5767364501953,0.002170312072849845,0.00026451509389645083,0.0001884920634920635
2024-09-18,AAPL,219.45492553710935,0.01782992902357412,-0.0029006587083132912,0.00018452380952380955
2024-09-19,AAPL,227.58914184570312,0.03639513313389034,0.016834356892725128,0.00018293650793650796
2024-09-20,AAPL,226.92288208007807,-0.002931760691790164,-0.0019429136300157343,0.00018095238095238093
2024-09-23,AAPL,225.20257568359372,-0.007609899725530466,0.0028053344257131223,0.00017976190476190476
2024-09-24,AAPL,226.0975341796875,0.003966139824454154,0.002508031103345345,0.00017857142857142857
2024-09-25,AAPL,225.1031188964844,-0.004407869919914295,-0.001862983206212128,0.00017896825396825398
2024-09-26,AAPL,226.2467041015625,0.005067411546217158,0.004030542158199222,0.00017857142857142857
2024-09-27,AAPL,226.51516723632807,0.001185891229907479,-0.0012540029000721238,0.00017857142857142857
2024-09-30,AAPL,231.69602966308597,0.022614389415196105,0.004227603658441509,0.00017936507936507936
2024-10-01,AAPL,224.94403076171875,-0.029574676521797377,-0.009367848694454447,0.00017857142857142857
2024-10-02,AAPL,225.5108337402344,0.002516581892311499,0.00013838132698647728,0.0001777777777777778
2024-10-03,AAPL,224.40704345703125,-0.004906639872005422,-0.0016828286544586894,0.0001777777777777778
2024-10-04,AAPL,225.53073120117188,0.004994868818058226,0.008930255699186382,0.00017976190476190476
2024-10-07,AAPL,220.44932556152344,-0.02278857750105919,-0.009632263829388773,0.00018055555555555555
2024-10-08,AAPL,224.50650024414065,0.018236808652392366,0.009642706804694385,0.00017976190476190476
2024-10-09,AAPL,228.25540161132807,0.016560523443961687,0.007088231016994585,0.00018015873015873017
2024-10-10,AAPL,227.75819396972656,-0.0021806711179301686,-0.0020722685059824846,0.00018015873015873017
2024-10-11,AAPL,226.27655029296875,-0.006526588349731582,0.00603360870729872,0.00017976190476190476
2024-10-14,AAPL,230.0055389404297,0.016345465926588826,0.007678114574594323,0.00017976190476190476
2024-10-15,AAPL,232.54129028320312,0.010964410892722114,-0.0076385660375134215,0.00017936507936507936
2024-10-16,AAPL,230.4828643798828,-0.008891283287475942,0.004668232782779766,0.00017896825396825398
2024-10-17,AAPL,230.8507843017578,0.0015950278109083044,-0.00017117512853816633,0.00018015873015873017
2024-10-18,AAPL,233.6848297119141,0.012201779525351415,0.003963686942774387,0.00017976190476190476
2024-10-21,AAPL,235.1565399169922,0.006278093761770828,-0.001824432756419033,0.00017896825396825398
2024-10-22,AAPL,234.5400238037109,-0.0026251691622278138,-0.0004749666671957937,0.00017896825396825398
2024-10-23,AAPL,229.4685516357422,-0.021860260322439543,-0.009233824267679564,0.00017936507936507936
2024-10-24,AAPL,229.27964782714844,-0.000823562117484025,0.0021434731305568283,0.00017857142857142857
2024-10-25,AAPL,230.11492919921875,0.0036364482051134,-0.00029949201318627087,0.00017936507936507936
2024-10-28,AAPL,232.09378051757807,0.008562640068559184,0.002647934626732945,0.0001781746031746032
2024-10-29,AAPL,232.3622894287109,0.0011562296562397955,0.0016128259449012198,0.0001781746031746032
2024-10-30,AAPL,228.812255859375,-0.015395922123959786,-0.0033056916724881185,0.00017738095238095238
2024-10-31,AAPL,224.64572143554688,-0.018377234023488467,-0.018790134928745348,0.0001761904761904762
2024-11-01,AAPL,221.6625061035156,-0.013368607512732226,0.004084158004525459,0.000175
2024-11-04,AAPL,220.7675323486328,-0.004045724285580478,-0.0028160448131902913,0.0001761904761904762
2024-11-05,AAPL,222.1994781494141,0.006465270572087678,0.012191031029563081,0.00017579365079365078
2024-11-06,AAPL,221.4735565185547,-0.003272329945295333,0.024981280957186654,0.0001761904761904762
2024-11-07,AAPL,226.20692443847656,0.021146976536520257,0.007403754173995657,0.00017579365079365078
2024-11-08,AAPL,225.93814086914065,-0.001188926393853462,0.0037497940357180464,0.00017579365079365078
2024-11-11,AAPL,223.2204132080078,-0.012101565487308633,0.0009685941909569238,0.00017579365079365078
2024-11-12,AAPL,223.2204132080078,0.0,-0.0028968514769364996,0.00017579365079365078
2024-11-13,AAPL,224.10641479492188,0.003961321745307248,0.00023220076414018386,0.00017460317460317462
2024-11-14,AAPL,227.1924591064453,0.013676490647911214,-0.006068108582244,0.000175
2024-11-15,AAPL,223.98696899414065,-0.014209619714001516,-0.013291430866793769,0.000175
2024-11-18,AAPL,226.99337768554688,0.013332967834874788,0.003910159746206537,0.00017539682539682538
2024-11-19,AAPL,227.25218200683597,0.0011394909373152338,0.003955750520596487,0.000175
2024-11-20,AAPL,227.9689483642578,0.0031490934929692994,2.19506213354446e-05,0.00017539682539682538
2024-11-21,AAPL,227.4911193847656,-0.0020982263369843527,0.005326251844288491,0.00017579365079365078
2024-11-22,AAPL,228.8350372314453,0.005890180576800343,0.0034619595915364653,0.00017579365079365078
2024-11-25,AAPL,231.82151794433597,0.012966373848445626,0.0030159278201245415,0.00017539682539682538
2024-11-26,AAPL,234.00167846679688,0.009360531884025924,0.005705697155263866,0.00017460317460317462
2024-11-27,AAPL,233.8722381591797,-0.0005533127892789751,-0.003808481083577712,0.00017460317460317462
2024-11-29,AAPL,236.26144409179688,0.010164030323116146,0.005592120396801623,0.00017420634920634919
2024-12-02,AAPL,238.5112762451172,0.009477583263637124,0.0024454638805813736,0.0001738095238095238
2024-12-03,AAPL,241.55747985839844,0.01269086754384269,0.0004513472420221813,0.00017301587301587302
2024-12-04,AAPL,241.91586303710935,0.0014825356955805958,0.00603318162813612,0.00017261904761904762
2024-12-05,AAPL,241.94573974609372,0.0001234927874023387,-0.0018715258393823342,0.00017222222222222224
2024-12-06,AAPL,241.7466278076172,-0.0008232999446753552,0.0024923453675383123,0.00017103174603174602
2024-12-09,AAPL,245.6390380859375,0.01597294835647563,-0.006163167285227462,0.0001706349206349206
2024-12-10,AAPL,246.6544342041016,0.004125171732869524,-0.002968284314279252,0.00017023809523809523
2024-12-11,AAPL,245.38021850585935,-0.005179385393836435,0.008132626411368235,0.00016904761904761904
2024-12-12,AAPL,246.8435821533203,0.00594594555096542,-0.005428731461463251,0.00016785714285714288
2024-12-13,AAPL,247.0128326416016,0.0006854238998913203,-2.646698937187397e-05,0.00016785714285714288
2024-12-16,AAPL,249.90972900390625,0.011659479378356959,0.0037921550087844295,0.00016865079365079366
2024-12-17,AAPL,252.33872985839844,0.009672582362291305,-0.0038714794806554956,0.00016904761904761904
2024-12-18,AAPL,246.9331970214844,-0.021654508388762934,-0.02993650530451818,0.00016865079365079366
2024-12-19,AAPL,248.66534423828125,0.006990150800012302,-0.0008654867505367934,0.00016785714285714288
2024-12-20,AAPL,253.34417724609372,0.018640955170060546,0.010810479402397299,0.00016785714285714288
2024-12-23,AAPL,254.12066650390625,0.0030602705719519853,0.007260849585616372,0.00016825396825396826
2024-12-24,AAPL,257.0375061035156,0.01141279320635401,0.010982233165126825,0.00016984126984126986
2024-12-26,AAPL,257.853759765625,0.003170589209833,-0.0004057410882578191,0.00016825396825396826
2024-12-27,AAPL,254.4392242431641,-0.013330598676385325,-0.01111730496491221,0.0001662698412698413
2024-12-30,AAPL,251.06448364257807,-0.013352189847319078,-0.010759673941729728,0.00016785714285714288
2024-12-31,AAPL,249.29251098632807,-0.007082863168246858,-0.0042940064589823065,0.00016785714285714288
2025-01-02,AAPL,242.75210571289065,-0.02658616836789347,-0.002226363149448992,0.00016746031746031745
2025-01-03,AAPL,242.2642974853516,-0.0020115129665824053,0.01251735670782609,0.0001666666666666667
2025-01-06,AAPL,243.89691162109372,0.00671637408489861,0.005522766496818171,0.00016706349206349207
2025-01-07,AAPL,241.11947631835935,-0.011453079657173402,-0.011166021516637011,0.00016706349206349207
2025-01-08,AAPL,241.6072540283203,0.002020927557186251,0.0015591440938312422,0.00016706349206349207
2025-01-10,AAPL,235.7836151123047,-0.024398991249591037,-0.015531637650233373,0.00016746031746031745
2025-01-13,AAPL,233.3446350097656,-0.01039801835352601,0.0015742043780551176,0.00016785714285714288
2025-01-14,AAPL,232.2296905517578,-0.004789553582225577,0.001145623334164268,0.00016746031746031745
2025-01-15,AAPL,236.79901123046875,0.01948480007789161,0.018147132504516373,0.00016706349206349207
2025-01-16,AAPL,227.2322998046875,-0.041238886078255925,-0.0021149243408667613,0.00016706349206349207
2025-01-17,AAPL,228.94451904296875,0.007506857903525839,0.009941478308394033,0.0001666666666666667
2025-01-21,AAPL,221.63758850097656,-0.03243613559130265,0.00873000944059605,0.00016746031746031745
2025-01-22,AAPL,222.82223510742188,0.005330737892775529,0.006119181086994129,0.00016746031746031745
2025-01-23,AAPL,222.6529998779297,-0.0007597963897555634,0.005299419459529372,0.00016746031746031745
2025-01-24,AAPL,221.7769470214844,-0.003942371558049615,-0.002859215984467759,0.00016706349206349207
2025-01-27,AAPL,228.8250732421875,0.031285705717210406,-0.014688059032112328,0.0001666666666666667
2025-01-28,AAPL,237.187255859375,0.03589209892425728,0.009175644177716802,0.0001666666666666667
2025-01-29,AAPL,238.2823028564453,0.00460617893667475,-0.004689876056919602,0.0001666666666666667
2025-01-30,AAPL,236.520263671875,-0.007422231461823826,0.005261548152180238,0.0001662698412698413
2025-01-31,AAPL,234.9374237060547,-0.006714689166491974,-0.005059603990267195,0.0001666666666666667
2025-02-03,AAPL,226.9833984375,-0.034442316412519346,-0.007637690729495203,0.00016746031746031745
2025-02-04,AAPL,231.7518310546875,0.020790225235481307,0.007198907403029113,0.00016746031746031745
2025-02-05,AAPL,231.4233245849609,-0.0014184980382043156,0.003901053915613614,0.00016746031746031745
2025-02-06,AAPL,232.16995239257807,0.0032210495286589275,0.003637674355266266,0.00016746031746031745
2025-02-07,AAPL,226.60513305664065,-0.024260656058344113,-0.0095098456936602,0.00016825396825396826
2025-02-10,AAPL,226.8741912841797,0.001186639587161788,0.006690112295455172,0.00016785714285714288
2025-02-11,AAPL,231.8272705078125,0.021596930272569727,0.00033952514367385523,0.00016785714285714288
2025-02-12,AAPL,236.06277465820312,0.01810519327212046,-0.0027275831896475754,0.00016785714285714288
2025-02-13,AAPL,240.70687866210935,0.019482158151255525,0.010372313214235747,0.00016746031746031745
2025-02-14,AAPL,243.76646423339844,0.012630731048703865,-7.19463955744955e-05,0.00016746031746031745
2025-02-18,AAPL,243.6368865966797,-0.0005317059866364233,0.002442003655551809,0.00016785714285714288
2025-02-19,AAPL,244.03549194335935,0.001634726316221055,0.0023741488668242434,0.00016746031746031745
2025-02-20,AAPL,244.9922332763672,0.003912835630097251,-0.004343604884290259,0.00016706349206349207
2025-02-21,AAPL,244.71319580078125,-0.0011396136910757596,-0.017211396672539132,0.00016706349206349207
2025-02-24,AAPL,246.25791931152344,0.006292543737412716,-0.004981493566252351,0.0001662698412698413
2025-02-25,AAPL,246.1981201171875,-0.0002428610468428315,-0.004690715138395557,0.0001662698412698413
2025-02-26,AAPL,239.5408935546875,-0.02741243032228451,0.00013601502958346571,0.0001666666666666667
2025-02-27,AAPL,236.49131774902344,-0.012812651969177875,-0.015991742678524653,0.0001666666666666667
2025-02-28,AAPL,241.01583862304688,0.01895115592125555,0.015729780420663385,0.0001666666666666667
2025-03-03,AAPL,237.2188262939453,-0.015879618923224256,-0.017753402648308866,0.00016706349206349207
2025-03-04,AAPL,235.1259765625,-0.008861591847085348,-0.012310288231505477,0.0001666666666666667
2025-03-05,AAPL,234.93663024902344,-0.0008056217234627742,0.011097472528735688,0.00016706349206349207
2025-03-06,AAPL,234.52804565429688,-0.0017406408569600107,-0.017979677107455568,0.0001666666666666667
2025-03-07,AAPL,238.2552947998047,0.015767587593123793,0.005505435045454467,0.0001666666666666667
2025-03-10,AAPL,226.70477294921875,-0.049694154676558876,-0.027343541788428148,0.0001662698412698413
2025-03-11,AAPL,220.08741760253903,-0.02962379115709308,-0.007596646918536578,0.0001666666666666667
2025-03-12,AAPL,216.24057006835935,-0.01763328192659334,0.004874967940490777,0.00016706349206349207
2025-03-13,AAPL,208.9654235839844,-0.03422273735955725,-0.013988366806464148,0.0001666666666666667
2025-03-14,AAPL,212.7624664306641,0.018007561474304858,0.02104290595319694,0.0001666666666666667
2025-03-17,AAPL,213.27072143554688,0.00238598898151849,0.0063956349746060355,0.0001666666666666667
2025-03-18,AAPL,211.96519470214844,-0.006140266076748315,-0.010710667074319702,0.0001666666666666667
2025-03-19,AAPL,214.50650024414065,0.011917956816990882,0.010740608172953766,0.0001666666666666667
2025-03-20,AAPL,213.3703765869141,-0.005310529214353347,-0.002187283513782985,0.0001662698412698413
2025-03-21,AAPL,217.52618408203125,0.019289717003862974,0.0008243136078323211,0.0001662698412698413
2025-03-24,AAPL,219.977783203125,0.011207325945740405,0.01749211712863917,0.0001662698412698413
2025-03-25,AAPL,222.98748779296875,0.013589105521617751,0.0015730954906538206,0.0001662698412698413
2025-03-26,AAPL,220.77505493164065,-0.009971329166654374,-0.011219640357598032,0.0001666666666666667
2025-03-27,AAPL,223.0871734619141,0.01041827529143247,-0.0033124610071321114,0.0001666666666666667
2025-03-28,AAPL,217.15740966796875,-0.02694012671190371,-0.019934601126853548,0.0001666666666666667
2025-03-31,AAPL,221.37301635742188,0.019226654761999185,0.005523240357645722,0.00016706349206349207
2025-04-01,AAPL,222.4293975830078,0.004760601508669265,0.0037741045552120668,0.0001666666666666667
2025-04-02,AAPL,223.12701416015625,0.0031314425236710053,0.006705661429484109,0.00016706349206349207
2025-04-03,AAPL,202.49755859375,-0.09701334939472404,-0.04960591182899663,0.0001666666666666667
2025-04-04,AAPL,187.738037109375,-0.0756802586596973,-0.061609061898230934,0.00016547619047619047
2025-04-07,AAPL,180.84161376953125,-0.037425985358315234,-0.0023341946059635883,0.00016547619047619047
2025-04-08,AAPL,171.83242797851562,-0.051101840149941236,-0.015825083277054855,0.0001662698412698413
2025-04-09,AAPL,198.1723480224609,0.14261735065644723,0.09089487983303646,0.00016825396825396826
2025-04-10,AAPL,189.7710723876953,-0.04331863309889544,-0.03522060702411168,0.00016746031746031745
2025-04-11,AAPL,197.4747314453125,0.03979217057049045,0.01793038083577807,0.00016785714285714288
2025-04-14,AAPL,201.8298492431641,0.02181437785531405,0.007913319326342991,0.00016746031746031745
2025-04-15,AAPL,201.4511260986328,-0.001878210374514302,-0.001729275225300909,0.00016746031746031745
2025-04-16,AAPL,193.6079559326172,-0.03971153289626027,-0.022663253964902527,0.00016706349206349207
2025-04-17,AAPL,196.3087158203125,0.013853232116374709,0.0013259586237727749,0.00016785714285714288
2025-04-21,AAPL,192.5017242431641,-0.019583390012687947,-0.02384964833401801,0.00016746031746031745
2025-04-22,AAPL,199.059326171875,0.033497790966756265,0.02480695212545062,0.00016746031746031745
2025-04-23,AAPL,203.9027404785156,0.024040216034862238,0.016523864366879457,0.00016746031746031745
2025-04-24,AAPL,207.659912109375,0.018258585835608618,0.020056628082583162,0.00016706349206349207
2025-04-25,AAPL,208.5668029785156,0.004357684268579442,0.0073460847957005125,0.00016706349206349207
2025-04-28,AAPL,209.4238739013672,0.0041009150270929,0.0006405015390019333,0.0001666666666666667
2025-04-29,AAPL,210.490234375,0.005078956600485457,0.005785641545556399,0.0001666666666666667
2025-04-30,AAPL,211.7758331298828,0.006089064814629984,0.0014788972519335208,0.0001666666666666667
2025-05-01,AAPL,212.59304809570312,0.0038514415743526203,0.006279345716451974,0.0001666666666666667
2025-05-02,AAPL,204.65020751953125,-0.038077548957887154,0.014619191109112719,0.00016746031746031745
2025-05-05,AAPL,198.21221923828125,-0.03196394591314697,-0.006402047029318447,0.00016746031746031745
2025-05-06,AAPL,197.83349609375,-0.001912522950301794,-0.007722985278391797,0.00016746031746031745
2025-05-07,AAPL,195.58120727539065,-0.011450072435285355,0.004336938106710132,0.00016746031746031745
2025-05-08,AAPL,196.8169860839844,0.00629861663508141,0.005783021147465641,0.00016785714285714288
2025-05-09,AAPL,197.8534393310547,0.005252258912645172,-0.0007117341348763632,0.00016746031746031745
2025-05-12,AAPL,210.3471221923828,0.061232577690344396,0.03203997667702081,0.00017103174603174602
2025-05-13,AAPL,212.48263549804688,0.010101140823397865,0.007222059020245977,0.00017023809523809523
2025-05-14,AAPL,211.8839111328125,-0.0028217340280494163,0.001023891242276054,0.00017023809523809523
2025-05-15,AAPL,211.00575256347656,-0.004153139255795237,0.004123817438757677,0.00016944444444444442
2025-05-16,AAPL,210.81614685058597,-0.0008989847417761007,0.006980849368100189,0.00016865079365079366
2025-05-19,AAPL,208.3413543701172,-0.01180855039295392,0.0008757295660482738,0.00016984126984126986
2025-05-20,AAPL,206.42539978027344,-0.009238774316743506,-0.0038877770695725784,0.00016904761904761904
2025-05-21,AAPL,201.66542053222656,-0.023329096822368448,-0.016266719267758897,0.00016825396825396826
2025-05-22,AAPL,200.93695068359372,-0.0036188095038932277,-0.0004449700224211693,0.00016865079365079366
2025-05-23,AAPL,194.8597412109375,-0.030711156741280797,-0.006730899591473139,0.00016825396825396826
2025-05-27,AAPL,199.78936767578125,0.024983626043138994,0.02025258080218437,0.00016825396825396826
2025-05-28,AAPL,199.9989318847656,0.001048375995039847,-0.005586802576444734,0.00016825396825396826
2025-05-29,AAPL,199.5299072265625,-0.0023478899531155133,0.0040031708706317415,0.00016865079365079366
2025-05-30,AAPL,200.4280242919922,0.004491065205679781,-8.118845699520562e-05,0.00016865079365079366
2025-06-02,AAPL,201.27622985839844,0.0042230412957919876,0.004093651490626028,0.00016865079365079366
2025-06-03,AAPL,202.8429412841797,0.007753748829332053,0.005783533535368979,0.00016825396825396826
2025-06-04,AAPL,202.3938751220703,-0.0022163156344559864,7.368474471916267e-05,0.00016865079365079366
2025-06-05,AAPL,200.2084808349609,-0.010856447903960603,-0.005291357978698112,0.00016865079365079366
2025-06-06,AAPL,203.49156188964844,0.016265311310348272,0.010228196215376713,0.00016865079365079366
2025-06-09,AAPL,201.02674865722656,-0.01218656200557631,0.0009195251863913659,0.00016865079365079366
2025-06-10,AAPL,202.24420166015625,0.006037909254940444,0.005468012541646841,0.00016904761904761904
2025-06-11,AAPL,198.36236572265625,-0.019380398396932036,-0.002747660318287345,0.00016904761904761904
2025-06-12,AAPL,198.78147888183597,0.002110637344438744,0.0038151330716763875,0.00016944444444444442
2025-06-13,AAPL,196.03726196289065,-0.013901372087019841,-0.01136066859010289,0.00016904761904761904
2025-06-16,AAPL,198.0031280517578,0.009978075593870499,0.0093488231481891,0.00016825396825396826
2025-06-17,AAPL,195.2289581298828,-0.014109814759666576,-0.008387259723643134,0.00016785714285714288
2025-06-18,AAPL,196.1669921875,0.004793283389081861,-0.00030928803472058796,0.00016785714285714288
2025-06-20,AAPL,200.5777130126953,0.02223547028360247,-0.002181035215587759,0.00016706349206349207
2025-06-23,AAPL,201.0766448974609,0.0024843855497348904,0.009560655071259439,0.0001662698412698413
2025-06-24,AAPL,199.87918090820312,-0.005973064723825211,0.011060328616958607,0.0001662698412698413
2025-06-25,AAPL,201.1365203857422,0.006270794852481886,-3.286108349665331e-06,0.0001662698412698413
2025-06-26,AAPL,200.5777130126953,-0.0027821156783913795,0.007988131032516797,0.00016706349206349207
2025-06-27,AAPL,200.6575469970703,0.00039794102555481815,0.005205399256150098,0.0001666666666666667
2025-06-30,AAPL,204.7389373779297,0.02013598262377197,0.005151137506128882,0.00016825396825396826
2025-07-01,AAPL,207.3833770751953,0.012833452102963735,-0.0011191571098791433,0.00016825396825396826
2025-07-02,AAPL,211.99366760253903,0.021987260950303428,0.0047338743064907745,0.00016825396825396826
2025-07-03,AAPL,213.1013336181641,0.005211392838460682,0.00830437821066394,0.00016904761904761904
2025-07-07,AAPL,209.50889587402344,-0.01700159639848792,-0.007893368104244017,0.00016904761904761904
2025-07-08,AAPL,209.5687713623047,0.00028574888794971224,-0.0007161432504695748,0.00016904761904761904
2025-07-09,AAPL,210.69639587402344,0.005366265423001007,0.00604380277677969,0.00016904761904761904
2025-07-10,AAPL,211.9637451171875,0.005997031271867079,0.0027424410729257912,0.00016865079365079366
2025-07-11,AAPL,210.7163543701172,-0.00590230942922182,-0.0033029717732258423,0.00016865079365079366
2025-07-14,AAPL,208.1816864013672,-0.012101746276944433,0.0014064243309367943,0.00016904761904761904
2025-07-15,AAPL,208.6706695556641,0.0023460746789217817,-0.003964145065672561,0.00016865079365079366
2025-07-16,AAPL,209.7184600830078,0.005008699526908365,0.0031885685253844154,0.00016825396825396826
2025-07-17,AAPL,209.5787506103516,-0.0006663983172960333,0.005359380240011013,0.00016825396825396826
2025-07-18,AAPL,210.7363128662109,0.005508083259677591,-9.049030280841674e-05,0.00016825396825396826
2025-07-21,AAPL,212.03358459472656,0.006137030133482428,0.001398157005673256,0.00016825396825396826
2025-07-22,AAPL,213.9495391845703,0.008995508989266177,0.0006373284966667569,0.00016825396825396826
2025-07-23,AAPL,213.7000732421875,-0.001166683955418151,0.007781532145702873,0.00016865079365079366
2025-07-24,AAPL,213.31089782714844,-0.001822789338734743,0.0006979799969332514,0.00016865079365079366
2025-07-25,AAPL,213.4306488037109,0.0005612342208122051,0.003966451001680552,0.00016865079365079366
2025-07-28,AAPL,213.6002960205078,0.0007945430080790682,0.00017684247126657597,0.00016825396825396826
2025-07-29,AAPL,210.8261260986328,-0.013072746112031753,-0.002963830197466829,0.00016825396825396826
2025-07-30,AAPL,208.6107940673828,-0.010563460319450515,-0.0012502139385094711,0.00016865079365079366
2025-07-31,AAPL,207.1339111328125,-0.007104788725402036,-0.003701662046374567,0.00016825396825396826
2025-08-01,AAPL,201.95480346679688,-0.025321570639362537,-0.0161213871855698,0.0001662698412698413
2025-08-04,AAPL,202.9227752685547,0.004781562115817958,0.014629564491414495,0.00016507936507936506
2025-08-05,AAPL,202.49366760253903,-0.0021168743093808893,-0.004869703780462017,0.00016507936507936506
2025-08-06,AAPL,212.8019561767578,0.04965333502612002,0.007255522219852605,0.00016428571428571428
2025-08-07,AAPL,219.56771850585935,0.031298747504991196,-0.0007977981718278668,0.00016428571428571428
2025-08-08,AAPL,228.86813354492188,0.04148530415843068,0.0077694548163894745,0.00016428571428571428
2025-08-11,AAPL,226.95997619628903,-0.00837231602866578,-0.0025072683938851073,0.00016468253968253969
2025-08-12,AAPL,229.42758178710935,0.010813746316393955,0.011281559075170764,0.00016428571428571428
2025-08-13,AAPL,233.10403442382807,0.015897421651124705,0.0032248733840464015,0.00016309523809523812
2025-08-14,AAPL,232.5545654296875,-0.0023599660752875195,0.00030304487855445177,0.0001634920634920635
2025-08-15,AAPL,231.3657073974609,-0.005125279942778587,-0.0029013399163647113,0.0001634920634920635
2025-08-18,AAPL,230.66639709472656,-0.0030271092850022337,-0.00010076825773579619,0.00016428571428571428
2025-08-19,AAPL,230.3367156982422,-0.0014302786403733944,-0.005875329112207127,0.0001634920634920635
2025-08-20,AAPL,225.7911071777344,-0.01993195232786818,-0.002434630632264957,0.0001634920634920635
2025-08-21,AAPL,224.68218994140625,-0.004923352764199779,-0.004012219728951123,0.00016428571428571428
2025-08-22,AAPL,227.53941345214844,0.012636554777213866,0.015072285158779139,0.00016269841269841268
2025-08-25,AAPL,226.94000244140625,-0.0026377932083888694,-0.004275512539646319,0.00016269841269841268
2025-08-26,AAPL,229.08792114257807,0.009420188869658428,0.00412547371011636,0.00016269841269841268
2025-08-27,AAPL,230.26678466796875,0.005132705068832452,0.0023881304533030262,0.00016190476190476192
2025-08-28,AAPL,232.33477783203125,0.008940769368325639,0.003151747441466755,0.00016190476190476192
2025-08-29,AAPL,231.9151763916016,-0.0018076536179276188,-0.006418740402792551,0.0001607142857142857
2025-09-02,AAPL,229.49752807617188,-0.01047942727700265,-0.006946350061030363,0.0001607142857142857
2025-09-03,AAPL,238.2390594482422,0.037382362478189754,0.005087112302941308,0.00015992063492063492
2025-09-04,AAPL,239.5477752685547,0.0054782551474289055,0.008311847102873571,0.0001591269841269841
2025-09-05,AAPL,239.45787048339844,-0.00037538090420976503,-0.00317017266993674,0.00015555555555555556
2025-09-08,AAPL,237.64962768554688,-0.007580058845623845,0.0021037644508885675,0.00015674603174603175
2025-09-09,AAPL,234.123046875,-0.014950617910709828,0.0026845470300734414,0.00015674603174603175
2025-09-10,AAPL,226.5703582763672,-0.032791289244217724,0.0029790282293981275,0.00015634920634920635
2025-09-11,AAPL,229.8072204589844,0.014185256289725907,0.008450087623093565,0.00015634920634920635
2025-09-12,AAPL,233.84332275390625,0.017410544677714464,-0.00048287788142832935,0.00015634920634920635
2025-09-15,AAPL,236.47076416015625,0.011173251296468912,0.004695577726559718,0.00015515873015873016
2025-09-16,AAPL,237.9193572998047,0.006107199861764178,-0.0012887604333313247,0.00015476190476190475
2025-09-17,AAPL,238.7585601806641,0.0035210514987462998,-0.0009706390782443865,0.00015396825396825397
2025-09-18,AAPL,237.64962768554688,-0.00465539646949225,0.004777687836708263,0.00015436507936507937
2025-09-19,AAPL,245.26223754882807,0.03153055905443952,0.004873523937481177,0.00015436507936507937
2025-09-22,AAPL,255.8319854736328,0.042192926809499605,0.004400350714762291,0.00015317460317460315
2025-09-23,AAPL,254.18359375,-0.006464106315850793,-0.005517351828739721,0.00015317460317460315
2025-09-24,AAPL,252.06564331054688,-0.00836727303900431,-0.0028506771652953692,0.00015357142857142856
2025-09-25,AAPL,256.6212158203125,0.0179115863617917,-0.005021648742526333,0.00015436507936507937
2025-09-26,AAPL,255.2126007080078,-0.005504203212560821,0.005884489130413512,0.00015357142857142856
2025-09-29,AAPL,254.18359375,-0.004040110110226674,0.002632077259912619,0.00015317460317460315
2025-09-30,AAPL,254.38340759277344,0.0007857916558778501,0.004082503613507919,0.00015317460317460315
2025-10-01,AAPL,255.20260620117188,0.0032151561931075237,0.0033941541712235066,0.00015277777777777777
2025-10-02,AAPL,256.8809814453125,0.006555106605745169,0.0006181636213842448,0.00015317460317460315
2025-10-03,AAPL,257.7701110839844,0.003455274986035184,6.55106568658717e-05,0.00015357142857142856
2025-10-06,AAPL,256.44140625,-0.005167942554398963,0.003639959282762629,0.00015317460317460315
2025-10-07,AAPL,256.23162841796875,-0.0008183689390839821,-0.003818687706853079,0.00015277777777777777
2025-10-08,AAPL,257.8100891113281,0.006141391255695327,0.005810748494187323,0.00015277777777777777
2025-10-09,AAPL,253.79396057128903,-0.015700466177770656,-0.0027593739802789824,0.00015357142857142856
2025-10-10,AAPL,245.032470703125,-0.03513202373666418,-0.027485975439899807,0.00015317460317460315
2025-10-13,AAPL,247.42015075683597,0.009697171504895796,0.015478263036934031,0.00015317460317460315
2025-10-14,AAPL,247.5300445556641,0.0004440600354328066,-0.00156555149694257,0.00015277777777777777
2025-10-15,AAPL,249.09852600097656,0.0063165381668474005,0.004017918503427979,0.00015357142857142856
2025-10-16,AAPL,247.2103576660156,-0.00760888030307317,-0.006314280275141975,0.00015317460317460315
2025-10-17,AAPL,252.045654296875,0.019370614298066767,0.0052568739445263,0.00015238095238095237
2025-10-20,AAPL,261.98602294921875,0.03868091586874815,0.010615724136144117,0.0001511904761904762
2025-10-21,AAPL,262.5155029296875,0.0020189842515379616,3.269591641698797e-05,0.0001507936507936508
2025-10-22,AAPL,258.19970703125,-0.01657679531385159,-0.005351834774743029,0.0001507936507936508
2025-10-23,AAPL,259.3285827636719,0.004362573196799657,0.0058104798620133855,0.0001507936507936508
2025-10-24,AAPL,262.56549072265625,0.012404622431380775,0.007871361975244856,0.00014960317460317458
2025-10-27,AAPL,268.5496520996094,0.022535281491603727,0.012215141327379352,0.000148015873015873
2025-10-28,AAPL,268.7394714355469,0.0007065817472201407,0.0022853305022299255,0.000148015873015873
2025-10-29,AAPL,269.4388122558594,0.0025989202282576647,-4.3579204733175357e-05,0.00014960317460317458
2025-10-30,AAPL,271.1371459960937,0.006283443804923685,-0.009954191424534511,0.00014920634920634917
2025-10-31,AAPL,270.108154296875,-0.003802316392923777,0.0026145009178832708,0.000148015873015873
2025-11-03,AAPL,268.7894287109375,-0.0048941700975957455,0.0017192339969181521,0.00015158730158730158
2025-11-04,AAPL,269.7784729003906,0.0036728713253906245,-0.011806250392326717,0.0001507936507936508
2025-11-05,AAPL,269.8783874511719,0.00037028919398077734,0.0036468976756877185,0.0001507936507936508
2025-11-06,AAPL,269.5087280273437,-0.001370664856813163,-0.011241134514722728,0.00014960317460317458
2025-11-07,AAPL,268.2099914550781,-0.004830551924742549,0.0012610463474931072,0.00014960317460317458
2025-11-10,AAPL,269.42999267578125,0.004538365265673548,0.015283626703501816,0.00015039682539682542
2025-11-11,AAPL,275.25,0.02137118643594642,0.0020731999523923177,0.00015039682539682542
2025-11-12,AAPL,273.4700012207031,-0.006487844507194079,0.0006293191259445972,0.00015039682539682542
2025-11-13,AAPL,272.95001220703125,-0.0019032581452385258,-0.01669545163092778,0.0001507936507936508
2025-11-14,AAPL,272.4100036621094,-0.0019803751859178826,-0.0005018514712717733,0.0001507936507936508
2025-11-17,AAPL,267.4599914550781,-0.01833830726819936,-0.009204497894305158,0.0001507936507936508
2025-11-18,AAPL,267.44000244140625,-7.473925559643532e-05,-0.008290709844169318,0.00015000000000000001
2025-11-19,AAPL,268.5599975585937,0.004179092340406962,0.00374680773726533,0.00015039682539682542
2025-11-20,AAPL,266.25,-0.008638626557415126,-0.01568972611631523,0.00015000000000000001
2025-11-21,AAPL,271.489990234375,0.019489553289023798,0.009775103041592069,0.0001488095238095238
2025-11-24,AAPL,275.9200134277344,0.016185746981243,0.015348818899081837,0.0001488095238095238
2025-11-25,AAPL,276.9700012207031,0.003798184186466807,0.009020886000832944,0.00014841269841269842
2025-11-26,AAPL,277.54998779296875,0.002091851674423675,0.006882969436149685,0.00014920634920634917
2025-11-28,AAPL,278.8500061035156,0.004672971568938359,0.005340487341137372,0.000148015873015873
2025-12-01,AAPL,283.1000061035156,0.015126188953698135,-0.005337548746055966,0.00014722222222222223
2025-12-02,AAPL,286.19000244140625,0.010855720764224917,0.002454221195936617,0.00014603174603174603
2025-12-03,AAPL,284.1499938964844,-0.007153688178430315,0.0029753605210852863,0.00014444444444444446
2025-12-04,AAPL,280.70001220703125,-0.012215719407566574,0.001079738711974404,0.00014404761904761903
2025-12-05,AAPL,278.7799987792969,-0.006863590932648934,0.0019347688846794776,0.00014365079365079365
2025-12-08,AAPL,277.8900146484375,-0.00319753127588418,-0.0034833153316476935,0.00014444444444444446
2025-12-09,AAPL,277.17999267578125,-0.002558316430519311,-0.0008767431610132386,0.00014444444444444446
2025-12-10,AAPL,278.7799987792969,0.005755847706403448,0.006726880659139976,0.00014285714285714287
2025-12-11,AAPL,278.0299987792969,-0.002693918776111477,0.00207719198371703,0.00014206349206349206
2025-12-12,AAPL,278.2799987792969,0.0008987795219441775,-0.010720913458554537,0.00014047619047619049
2025-12-15,AAPL,274.1099853515625,-0.015098364430199547,-0.0015978388918367072,0.00014126984126984127
2025-12-16,AAPL,274.6099853515625,0.0018224236954371396,-0.00238676400843967,0.00014126984126984127
2025-12-17,AAPL,271.8399963378906,-0.010138211482018081,-0.01165985661137129,0.00014087301587301586
2025-12-18,AAPL,272.19000244140625,0.0012867163670800797,0.007902951520479156,0.00014007936507936508
2025-12-19,AAPL,273.6700134277344,0.005422689224387653,0.008779407421828872,0.00014047619047619049
2025-12-22,AAPL,270.9700012207031,-0.009914931893719238,0.006415870575561936,0.00014126984126984127
2025-12-23,AAPL,272.3599853515625,0.005116548681590436,0.004540067046788208,0.00014126984126984127
2025-12-24,AAPL,273.8099975585937,0.005309759449072081,0.003216304344700708,0.00014285714285714287
2025-12-26,AAPL,273.3999938964844,-0.0014985243151119923,-0.00030440987710828846,0.00014126984126984127
2025-12-29,AAPL,273.760009765625,0.0013159438507369832,-0.003498162923937312,0.00014166666666666665
2025-12-30,AAPL,273.0799865722656,-0.0024871024374482713,-0.0013766142506534472,0.00014087301587301586
2025-12-31,AAPL,271.8599853515625,-0.004477569353830084,-0.007384867434248815,0.00014166666666666665
2026-01-02,AAPL,271.010009765625,-0.0031314174227282093,0.0018929140261155547,0.00014047619047619049
2026-01-05,AAPL,267.260009765625,-0.013933752709382118,0.006334024511051582,0.00014047619047619049
2026-01-06,AAPL,262.3599853515625,-0.01850445330052291,0.0061775920038938375,0.00014007936507936508
2026-01-07,AAPL,260.3299865722656,-0.007767545179558986,-0.0034458535710101927,0.00014007936507936508
2019-01-03,AMZN,75.01399993896484,-0.025565528700364833,-0.02506833181891511,9.365079365079364e-05
2019-01-04,AMZN,78.76950073242188,0.04885111342984534,0.03375939906034647,9.404761904761906e-05
2019-01-07,AMZN,81.47550201416016,0.03377651087852466,0.006985975995229761,9.563492063492063e-05
2019-01-08,AMZN,82.8290023803711,0.016475884077589695,0.009648587336497393,9.563492063492063e-05
2019-01-09,AMZN,82.97100067138672,0.0017128868892680703,0.004089671332822161,9.523809523809524e-05
2019-01-10,AMZN,82.81099700927734,-0.0019302905505940288,0.004508241374462229,9.444444444444444e-05
2019-01-11,AMZN,82.02799987792969,-0.00950021578853727,-0.0001463085444824661,9.444444444444444e-05
2019-01-14,AMZN,80.8604965209961,-0.014335246209543026,-0.00527139458724949,9.523809523809524e-05
2019-01-15,AMZN,83.72799682617188,0.034848007027612496,0.010664618879761001,9.523809523809524e-05
2019-01-16,AMZN,84.18900299072266,0.005490895184266011,0.0022195205290883643,9.444444444444444e-05
2019-01-17,AMZN,84.66100311279297,0.005590776836741111,0.007562730706235749,9.404761904761906e-05
2019-01-18,AMZN,84.80999755859375,0.0017583478423892555,0.01309691283985578,9.365079365079364e-05
2019-01-22,AMZN,81.6084976196289,-0.038480037543253826,-0.014258476827972471,9.444444444444444e-05
2019-01-23,AMZN,82.0009994506836,0.004798041569364464,0.002200489919450871,9.365079365079364e-05
2019-01-24,AMZN,82.74649810791016,0.009050258811113534,0.001374780110977555,9.206349206349206e-05
2019-01-25,AMZN,83.52850341796875,0.009406237482289068,0.008452867700518018,9.285714285714285e-05
2019-01-28,AMZN,81.89450073242188,-0.01975608942600138,-0.007877775848708898,9.404761904761906e-05
2019-01-29,AMZN,79.69400024414062,-0.02723753876321456,-0.0014573079351148383,9.404761904761906e-05
2019-01-30,AMZN,83.52149963378906,0.04690977564140571,0.015429609891560045,9.404761904761906e-05
2019-01-31,AMZN,85.9365005493164,0.028504578463132847,0.008560648809767757,9.365079365079364e-05
2019-02-01,AMZN,81.3115005493164,-0.055321193100996084,0.0008982065848071141,9.325396825396825e-05
2019-02-04,AMZN,81.66549682617188,0.004344132475857494,0.006753381117479676,9.404761904761906e-05
2019-02-05,AMZN,82.94049835205078,0.015491866188782571,0.0046973704373502,9.404761904761906e-05
2019-02-06,AMZN,82.01300048828125,-0.011245686147586902,-0.0022269157175087858,9.404761904761906e-05
2019-02-07,AMZN,80.71849822998047,-0.015910006048540103,-0.009401193202230233,9.404761904761906e-05
2019-02-08,AMZN,79.41100311279297,-0.016330834290413307,0.0006759725660127,9.444444444444444e-05
2019-02-11,AMZN,79.55000305175781,0.0017488562477837048,0.0007088518038183947,9.523809523809524e-05
2019-02-12,AMZN,81.90049743652344,0.029119271400045343,0.012807852902838604,9.444444444444444e-05
2019-02-13,AMZN,82.0,0.0012141827176494052,0.0030194315937109753,9.484126984126985e-05
2019-02-14,AMZN,81.13249969482422,-0.010635630351720703,-0.0026551633836986214,9.444444444444444e-05
2019-02-15,AMZN,80.39749908447266,-0.009100547125929937,0.010820004664957538,9.444444444444444e-05
2019-02-19,AMZN,81.37899780273438,0.012134157679584378,0.0014976213265920058,9.563492063492063e-05
2019-02-20,AMZN,81.1050033569336,-0.0033725745741388113,0.00177553356074094,9.523809523809524e-05
2019-02-21,AMZN,80.97200012207031,-0.0016412354851550698,-0.0035326693258413886,9.523809523809524e-05
2019-02-22,AMZN,81.5780029296875,0.007456236282017583,0.006390638694710404,9.563492063492063e-05
2019-02-25,AMZN,81.6500015258789,0.0008821844156088245,0.0012311044497517107,9.603174603174603e-05
2019-02-26,AMZN,81.81999969482422,0.0020798706668898187,-0.0007907696728402984,9.523809523809524e-05
2019-02-27,AMZN,82.05449676513672,0.0028619124443764036,-0.0005441974362980739,9.523809523809524e-05
2019-02-28,AMZN,81.99150085449219,-0.0007680274393184955,-0.002829507598950442,9.523809523809524e-05
2019-03-01,AMZN,83.58650207519531,0.01926645484769524,0.006871656588713028,9.484126984126985e-05
2019-03-04,AMZN,84.80850219726562,0.014513750908028594,-0.003888107395255168,9.563492063492063e-05
2019-03-05,AMZN,84.62149810791016,-0.002207450450986818,-0.001132173489706859,9.563492063492063e-05
2019-03-06,AMZN,83.44750213623047,-0.013970631881135682,-0.00654547360412503,9.563492063492063e-05
2019-03-07,AMZN,81.29750061035156,-0.02610244391897686,-0.008158911138331157,9.523809523809524e-05
2019-03-08,AMZN,81.04000091552734,-0.0031724020434359033,-0.0021339641314536495,9.563492063492063e-05
2019-03-11,AMZN,83.53099822998047,0.030274928015204303,0.014559535563489445,9.563492063492063e-05
2019-03-12,AMZN,83.65499877929688,0.0014833846646547194,0.002948965727805163,9.563492063492063e-05
2019-03-13,AMZN,84.54049682617188,0.010529488021602368,0.0069255467570192835,9.523809523809524e-05
2019-03-14,AMZN,84.31099700927734,-0.002718364558176218,-0.0008683993315961826,9.523809523809524e-05
2019-03-15,AMZN,85.61799621582031,0.015383189836354888,0.0049725194084307206,9.523809523809524e-05
2019-03-18,AMZN,87.10749816894531,0.017247469835383878,0.0036990967989080333,9.484126984126985e-05
2019-03-19,AMZN,88.09249877929688,0.011244417875099166,-0.00013057007992675946,9.563492063492063e-05
2019-03-20,AMZN,89.8635025024414,0.019904495279827,-0.002948696740769673,9.603174603174603e-05
2019-03-21,AMZN,90.96299743652344,0.012160922039608137,0.010794015494689354,9.642857142857143e-05
2019-03-22,AMZN,88.2385025024414,-0.030409398179863066,-0.019156827134273257,9.563492063492063e-05
2019-03-25,AMZN,88.71299743652344,0.005363007055880073,-0.000839372833310059,9.563492063492063e-05
2019-03-26,AMZN,89.18800354003906,0.005340129956768722,0.007157052947934055,9.563492063492063e-05
2019-03-27,AMZN,88.28500366210938,-0.010176281844700066,-0.00465514327659887,9.484126984126985e-05
2019-03-28,AMZN,88.6709976196289,0.004362605019555914,0.0035830547152617266,9.444444444444444e-05
2019-03-29,AMZN,89.0374984741211,0.004124747912130558,0.006711706043324668,9.325396825396825e-05
2019-04-01,AMZN,90.70950317382812,0.0186045153621656,0.011502195518044496,9.444444444444444e-05
2019-04-02,AMZN,90.6989974975586,-0.00011582341778240666,1.7455554858152623e-05,9.404761904761906e-05
2019-04-03,AMZN,91.03500366210938,0.003697784072046203,0.002146072420089187,9.484126984126985e-05
2019-04-04,AMZN,90.94300079345705,-0.001011142822082204,0.0020824652429942735,9.484126984126985e-05
2019-04-05,AMZN,91.86399841308594,0.010076259837952517,0.004625717623099122,9.484126984126985e-05
2019-04-08,AMZN,92.49299621582033,0.006823719866722192,0.0010469117505236662,9.444444444444444e-05
2019-04-09,AMZN,91.79199981689452,-0.007607779201279648,-0.0060859764356695385,9.404761904761906e-05
2019-04-10,AMZN,92.3665008544922,0.006239222182829155,0.003471837754499924,9.444444444444444e-05
2019-04-11,AMZN,92.20349884033205,-0.0017662898283274766,3.8122340342693696e-05,9.444444444444444e-05
2019-04-12,AMZN,92.15299987792967,-0.000547840342124972,0.0065875783895457275,9.484126984126985e-05
2019-04-15,AMZN,92.24349975585938,0.0009815792097550853,-0.0006295672443571088,9.444444444444444e-05
2019-04-16,AMZN,93.1520004272461,0.009800755062900292,0.0005092283251399622,9.444444444444444e-05
2019-04-17,AMZN,93.24099731445312,0.0009549381687978624,-0.0022764008207388597,9.484126984126985e-05
2019-04-18,AMZN,93.08450317382812,-0.001679793447630733,0.0015778468242496745,9.404761904761906e-05
2019-04-22,AMZN,94.3655014038086,0.013667838256111457,0.0010115058169329091,9.484126984126985e-05
2019-04-23,AMZN,96.1884994506836,0.01913424706845826,0.008802351174995391,9.523809523809524e-05
2019-04-24,AMZN,95.0875015258789,-0.011512265824974863,-0.0021941686030362366,9.484126984126985e-05
2019-04-25,AMZN,95.1125030517578,0.00026289721788828917,-0.0003690417402728576,9.444444444444444e-05
2019-04-26,AMZN,97.53150177001952,0.0251149873085396,0.004674350323304823,9.404761904761906e-05
2019-04-29,AMZN,96.92150115966795,-0.0062740364215657365,0.0010709485042338864,9.484126984126985e-05
2019-04-30,AMZN,96.32599639892578,-0.00616314988039783,0.0009509646987914453,9.444444444444444e-05
2019-05-01,AMZN,95.57599639892578,-0.00781652975766392,-0.00753044585029134,9.444444444444444e-05
2019-05-02,AMZN,95.04100036621094,-0.005613323539631774,-0.0021262446486827887,9.563492063492063e-05
2019-05-03,AMZN,98.1230010986328,0.031913423628043114,0.00959212747891747,9.444444444444444e-05
2019-05-06,AMZN,97.52749633789062,-0.006087452958372469,-0.004481013189072523,9.484126984126985e-05
2019-05-07,AMZN,96.0500030517578,-0.015265430980201054,-0.016649488088905522,9.444444444444444e-05
2019-05-08,AMZN,95.88849639892578,-0.0016829004229154195,-0.0016067153894199682,9.444444444444444e-05
2019-05-09,AMZN,94.99349975585938,-0.00937755492724011,-0.0030259986619282898,9.444444444444444e-05
2019-05-10,AMZN,94.4990005493164,-0.005219207390946392,0.003713394069918638,9.444444444444444e-05
2019-05-13,AMZN,91.13400268554688,-0.036258277894010836,-0.024426469138497504,9.365079365079364e-05
2019-05-14,AMZN,92.00599670410156,0.009522776139087656,0.007983987523216093,9.365079365079364e-05
2019-05-15,AMZN,93.55750274658205,0.016722493404126338,0.005821994327723055,9.404761904761906e-05
2019-05-16,AMZN,95.37850189208984,0.01927695612143547,0.008855957116499086,9.325396825396825e-05
2019-05-17,AMZN,93.4499969482422,-0.02042670477171038,-0.005854437174043804,9.285714285714285e-05
2019-05-20,AMZN,92.94850158691406,-0.00538090784314732,-0.006772257975405369,9.285714285714285e-05
2019-05-21,AMZN,92.8759994506836,-0.0007803291762345315,0.008459949093190606,9.285714285714285e-05
2019-05-22,AMZN,92.98400115966795,0.0011621835874950752,-0.0028283923638994365,9.246031746031747e-05
2019-05-23,AMZN,90.77400207519533,-0.024054523961227404,-0.01198569224128196,9.206349206349206e-05
2019-05-24,AMZN,91.16400146484376,0.004287174525437958,0.0013526437720373175,9.126984126984126e-05
2019-05-28,AMZN,91.82150268554688,0.0071864058679742045,-0.008410950000260244,9.206349206349206e-05
2019-05-29,AMZN,90.95950317382812,-0.009432116847075527,-0.00693591016723137,9.206349206349206e-05
2019-05-30,AMZN,90.81600189208984,-0.0015788850263094745,0.002096272674997037,9.246031746031747e-05
2019-05-31,AMZN,88.75350189208984,-0.022972616855778175,-0.013283205250452958,9.126984126984126e-05
2019-06-03,AMZN,84.6344985961914,-0.04752091720062188,-0.002769070654307939,9.126984126984126e-05
2019-06-04,AMZN,86.47799682617188,0.021548041312531258,0.021205927081077776,9.126984126984126e-05
2019-06-05,AMZN,86.92500305175781,0.005155703373834923,0.008128726978813691,9.126984126984126e-05
2019-06-06,AMZN,87.71800231933594,0.009081436911120979,0.006116840676004416,9.047619047619046e-05
2019-06-07,AMZN,90.20149993896484,0.027918906052417206,0.010442979247260026,8.849206349206349e-05
2019-06-10,AMZN,93.03150177001952,0.030892108542121297,0.004649220074765499,8.88888888888889e-05
2019-06-11,AMZN,93.18499755859376,0.0016485738255401748,-0.0003499414579512858,8.80952380952381e-05
2019-06-12,AMZN,92.76599884033205,-0.004506557485555057,-0.002039657827237423,8.69047619047619e-05
2019-06-13,AMZN,93.51499938964844,0.008041663860675924,0.004089010502850191,8.492063492063493e-05
2019-06-14,AMZN,93.4834976196289,-0.00033692003755475005,-0.0016128117861529605,8.53174603174603e-05
2019-06-17,AMZN,94.30149841308594,0.008712154694986924,0.0009313154323528439,8.650793650793651e-05
2019-06-18,AMZN,95.06849670410156,0.008100570364277153,0.009670489592970687,8.611111111111112e-05
2019-06-19,AMZN,95.4394989013672,0.0038948776411954953,0.0029807167930238428,8.452380952380952e-05
2019-06-20,AMZN,95.90950012207033,0.004912512407217872,0.00942760533587314,8.293650793650792e-05
2019-06-21,AMZN,95.56500244140624,-0.0035983699946728416,-0.0012600162797279978,8.214285714285714e-05
2019-06-24,AMZN,95.69499969482422,0.0013593775173542787,-0.0017333884605870258,8.253968253968253e-05
2019-06-25,AMZN,93.91349792480467,-0.01879192354951343,-0.009541775640387554,8.214285714285714e-05
2019-06-26,AMZN,94.8915023803711,0.010360034971862704,-0.0012346956788039985,8.333333333333334e-05
2019-06-27,AMZN,95.21399688720705,0.0033927983928230664,0.0038158857925908473,8.293650793650792e-05
2019-06-28,AMZN,94.68150329589844,-0.0056082949464654865,0.005740941840599626,8.253968253968253e-05
2019-07-01,AMZN,96.1094970703125,0.014969473796872794,0.007643018610953927,8.571428571428571e-05
2019-07-02,AMZN,96.71549987792967,0.00628554194084757,0.002923847276988696,8.53174603174603e-05
2019-07-03,AMZN,96.9499969482422,0.002421672303596773,0.007643095660684157,8.571428571428571e-05
2019-07-05,AMZN,97.14550018310548,0.0020145063009627206,-0.0018075342045486649,8.650793650793651e-05
2019-07-08,AMZN,97.61599731445312,0.004831530386180268,-0.004847173010123794,8.769841269841269e-05
2019-07-09,AMZN,99.41500091552734,0.018261630021034286,0.0012357930584538906,8.769841269841269e-05
2019-07-10,AMZN,100.87049865722656,0.01453448569859851,0.004500546936082614,8.53174603174603e-05
2019-07-11,AMZN,100.05349731445312,-0.008132486532284676,0.002282619578948549,8.412698412698413e-05
2019-07-12,AMZN,100.5500030517578,0.004950130483804872,0.004609534302066538,8.333333333333334e-05
2019-07-15,AMZN,101.04949951171876,0.004955344390456898,0.00017585372838413283,8.373015873015872e-05
2019-07-16,AMZN,100.49500274658205,-0.00550248861151783,-0.003409584555010327,8.333333333333334e-05
2019-07-17,AMZN,99.60150146484376,-0.00893076292309193,-0.006552665466093182,8.293650793650792e-05
2019-07-18,AMZN,98.8949966430664,-0.007118592136206877,0.0035755977088190827,7.976190476190474e-05
2019-07-19,AMZN,98.22599792480467,-0.006787722315432636,-0.006195889464844692,8.015873015873015e-05
2019-07-22,AMZN,99.28150177001952,0.010688342420228144,0.002824701686250326,8.095238095238096e-05
2019-07-23,AMZN,99.72450256347656,0.0044521423028228615,0.00682414513927642,8.015873015873015e-05
2019-07-24,AMZN,100.04049682617188,0.003163662575726461,0.004677192813475714,8.134920634920634e-05
2019-07-25,AMZN,98.69100189208984,-0.013581296228977947,-0.005276296483599537,8.174603174603175e-05
2019-07-26,AMZN,97.15249633789062,-0.015711904843454392,0.007360535770783042,8.253968253968253e-05
2019-07-29,AMZN,95.62249755859376,-0.015873748717480866,-0.0016174219290574364,8.214285714285714e-05
2019-07-30,AMZN,94.92649841308594,-0.0073052312577509835,-0.0025819853720443708,8.095238095238096e-05
2019-07-31,AMZN,93.33899688720705,-0.016864897630143302,-0.01094520695213996,8.095238095238096e-05
2019-08-01,AMZN,92.76599884033205,-0.0061578127469772434,-0.009039527568806017,8.055555555555556e-05
2019-08-02,AMZN,91.16200256347656,-0.017442009143555263,-0.007309388539565105,8.015873015873015e-05
2019-08-05,AMZN,88.25650024414062,-0.03239082144570347,-0.030230182169694777,7.936507936507937e-05
2019-08-06,AMZN,89.3915023803711,0.012778275729818725,0.012933023911166613,7.976190476190474e-05
2019-08-07,AMZN,89.66999816894531,0.003110618555960309,0.0007665823338588767,7.857142857142857e-05
2019-08-08,AMZN,91.64450073242188,0.021780725021871127,0.018588462466865085,7.857142857142857e-05
2019-08-09,AMZN,90.37899780273438,-0.013905054350440298,-0.006638593133657111,7.777777777777778e-05
2019-08-12,AMZN,89.24600219726562,-0.012615288866911465,-0.012393809115915354,7.777777777777778e-05
2019-08-13,AMZN,91.21700286865234,0.021844688318190798,0.015018346267301863,7.777777777777778e-05
2019-08-14,AMZN,88.14800262451172,-0.03422406490530883,-0.02973035245453567,7.619047619047618e-05
2019-08-15,AMZN,88.80599975585938,0.007436962772528972,0.0024612366981802422,7.420634920634921e-05
2019-08-16,AMZN,89.62850189208984,0.009219158337593528,0.014323058172245003,7.261904761904762e-05
2019-08-19,AMZN,90.80599975585938,0.013051989159110924,0.012033175564397505,7.53968253968254e-05
2019-08-20,AMZN,90.06900024414062,-0.00814931406190375,-0.007946215312115467,7.53968253968254e-05
2019-08-21,AMZN,91.177001953125,0.012226647744316171,0.008212979557352937,7.658730158730158e-05
2019-08-22,AMZN,90.23300170898438,-0.01040746095441238,-0.00050620295927854,7.777777777777778e-05
2019-08-23,AMZN,87.48100280761719,-0.030973573737141446,-0.02628888112283785,7.658730158730158e-05
2019-08-26,AMZN,88.44349670410156,0.010942233772083079,0.01092311273079789,7.777777777777778e-05
2019-08-27,AMZN,88.09149932861328,-0.003987853398843467,-0.0032083218005562386,7.698412698412698e-05
2019-08-28,AMZN,88.2125015258789,0.001372654229947393,0.006524151530562512,7.738095238095238e-05
2019-08-29,AMZN,89.31999969482422,0.012476729930588952,0.012607482441094399,7.738095238095238e-05
2019-08-30,AMZN,88.81449890136719,-0.0056755109689405545,0.0006425807598767749,7.738095238095238e-05
2019-09-03,AMZN,89.49199676513672,0.007599287077514432,-0.0069230093326854165,7.698412698412698e-05
2019-09-04,AMZN,90.03099822998047,0.006004836143353969,0.010783725278421427,7.658730158730158e-05
2019-09-05,AMZN,92.03600311279295,0.02202580287152902,0.01292591292175976,7.658730158730158e-05
2019-09-06,AMZN,91.67549896240234,-0.003924682004765568,0.0009101908043767861,7.619047619047618e-05
2019-09-09,AMZN,91.56749725341795,-0.00117878144017156,-9.401467889992668e-05,7.619047619047618e-05
2019-09-10,AMZN,91.02749633789062,-0.005914756798134339,0.0003222524259310153,7.579365079365079e-05
2019-09-11,AMZN,91.14949798583984,0.0013393751130937493,0.0072036723263872,7.619047619047618e-05
2019-09-12,AMZN,92.17749786376952,0.011215049350111993,0.0028750162782333164,7.579365079365079e-05
2019-09-13,AMZN,91.96700286865234,-0.0022861946565066265,-0.0007246768769660504,7.619047619047618e-05
2019-09-16,AMZN,90.39199829101562,-0.01727409924180755,-0.0031405129163559896,7.738095238095238e-05
2019-09-17,AMZN,91.12750244140624,0.008103902585268599,0.0025784253724619854,7.738095238095238e-05
2019-09-18,AMZN,90.8730010986328,-0.0027967121376823445,0.00034263328426719085,7.579365079365079e-05
2019-09-19,AMZN,91.0749969482422,0.002220369938279979,1.9974521929475905e-05,7.500000000000001e-05
2019-09-20,AMZN,89.70800018310547,-0.015123356081273511,-0.004907599104880387,7.420634920634921e-05
2019-09-23,AMZN,89.26499938964844,-0.004950486377768806,-9.694061782751375e-05,7.53968253968254e-05
2019-09-24,AMZN,87.08049774169922,-0.024776514664445734,-0.00845198896355148,7.460317460317459e-05
2019-09-25,AMZN,88.41649627685547,0.01522560943795219,0.0061396852419639035,7.341269841269842e-05
2019-09-26,AMZN,86.99199676513672,-0.016242438483099607,-0.002431871009613191,7.103174603174603e-05
2019-09-27,AMZN,86.27249908447266,-0.00830524237371174,-0.005330534579128577,6.984126984126985e-05
2019-09-30,AMZN,86.79550170898438,0.006043915850105009,0.005034910215248393,7.301587301587302e-05
2019-10-01,AMZN,86.78250122070312,-0.00014979419150042044,-0.012334126945412846,7.063492063492064e-05
2019-10-02,AMZN,85.6614990234375,-0.013001530778686167,-0.01806540418764383,6.944444444444444e-05
2019-10-03,AMZN,86.22100067138672,0.0065103035515946435,0.007940304773866787,6.626984126984126e-05
2019-10-04,AMZN,86.98249816894531,0.008793152669587833,0.014116785239259274,6.666666666666666e-05
2019-10-07,AMZN,86.63300323486328,-0.004026085267119779,-0.00448835227368152,6.785714285714286e-05
2019-10-08,AMZN,85.27549743652344,-0.015793681068500286,-0.01568315955210993,6.666666666666666e-05
2019-10-09,AMZN,86.09950256347656,0.009616472379736505,0.009063296514845923,6.587301587301587e-05
2019-10-10,AMZN,86.01300048828125,-0.00100518069222072,0.0063952024117826045,6.547619047619048e-05
2019-10-11,AMZN,86.59600067138672,0.006755179581182764,0.010879579673789056,6.547619047619048e-05
2019-10-14,AMZN,86.82150268554688,0.0026006849008286315,-0.0013880816732189801,6.547619047619048e-05
2019-10-15,AMZN,88.36900329589844,0.01766694892629402,0.009906445376489171,6.507936507936507e-05
2019-10-16,AMZN,88.87149810791016,0.005670218199067944,-0.002001544553193733,6.468253968253968e-05
2019-10-17,AMZN,89.3740005493164,0.005638333382188143,0.002759021969775287,6.468253968253968e-05
2019-10-18,AMZN,87.87550354003906,-0.016908737986876143,-0.003927045709799847,6.468253968253968e-05
2019-10-21,AMZN,89.28299713134766,0.015889987789337544,0.006848114105333746,6.507936507936507e-05
2019-10-22,AMZN,88.2864990234375,-0.011223871111253501,-0.003575049258376838,6.42857142857143e-05
2019-10-23,AMZN,88.1084976196289,-0.002018214434825777,0.002843103345830729,6.42857142857143e-05
2019-10-24,AMZN,89.03900146484375,0.010505509905438084,0.0019186046591713529,6.507936507936507e-05
2019-10-25,AMZN,88.06649780273438,-0.010982306485900742,0.004064429510656049,6.468253968253968e-05
2019-10-28,AMZN,88.85399627685547,0.008902345419024592,0.0055658199161177,6.42857142857143e-05
2019-10-29,AMZN,88.135498046875,-0.008119150571146162,-0.0008327519564807664,6.349206349206349e-05
2019-10-30,AMZN,88.99949645996094,0.009755331152435024,0.0032480894008573105,6.30952380952381e-05
2019-10-31,AMZN,88.83300018310547,-0.0018725073161205933,-0.0030274386345390905,5.992063492063492e-05
2019-11-01,AMZN,89.5719985961914,0.008284550823414213,0.009615930559647514,5.9126984126984124e-05
2019-11-04,AMZN,90.23300170898438,0.007352477288485275,0.0036972458053124275,5.9523809523809524e-05
2019-11-05,AMZN,90.08550262451172,-0.001635984259248522,-0.0011864027118206639,6.071428571428572e-05
2019-11-06,AMZN,89.78849792480469,-0.0033023668647886115,0.0007022505922896238,6.071428571428572e-05
2019-11-07,AMZN,89.41000366210938,-0.004224307928792128,0.002726375244280665,6.071428571428572e-05
2019-11-08,AMZN,89.29399871826172,-0.001298291684538671,0.002557403145115828,6.0317460317460316e-05
2019-11-11,AMZN,88.5824966430664,-0.007999998745449705,-0.0019643954133371925,6.0317460317460316e-05
2019-11-12,AMZN,88.9000015258789,0.003577876408002885,0.0015634233012630327,6.19047619047619e-05
2019-11-13,AMZN,87.65550231933594,-0.014097774253444028,0.0007112815701162954,6.111111111111111e-05
2019-11-14,AMZN,87.7300033569336,0.0008495689742594642,0.0008366926144567594,6.111111111111111e-05
2019-11-15,AMZN,86.97450256347656,-0.008648952687683294,0.007666028777973181,6.111111111111111e-05
2019-11-18,AMZN,87.62650299072266,0.0074684960238794,0.0005030263228096366,6.111111111111111e-05
2019-11-19,AMZN,87.6395034790039,0.0001483515094221294,-0.0005927700996925261,6.111111111111111e-05
2019-11-20,AMZN,87.27649688720703,-0.00415064502033856,-0.0037632564209410676,6.111111111111111e-05
2019-11-21,AMZN,86.7354965209961,-0.006217986458149935,-0.0015840060861895076,6.150793650793651e-05
2019-11-22,AMZN,87.28600311279297,0.006326901323545818,0.002172573942375937,6.150793650793651e-05
2019-11-25,AMZN,88.69200134277344,0.015979589635143454,0.0074792518874672075,6.26984126984127e-05
2019-11-26,AMZN,89.84700012207031,0.012938516318668469,0.0021931636449402277,6.230158730158731e-05
2019-11-27,AMZN,90.92549896240234,0.011932253434933026,0.0041657356252997445,6.30952380952381e-05
2019-11-29,AMZN,90.04000091552734,-0.009786452277548634,-0.004019286229989053,6.19047619047619e-05
2019-12-02,AMZN,89.08000183105469,-0.010719163262200036,-0.008668483693963605,6.230158730158731e-05
2019-12-03,AMZN,88.49800109863281,-0.006554897641658675,-0.006660225258045148,6.111111111111111e-05
2019-12-04,AMZN,88.03450012207031,-0.005251180813047949,0.006303657608769993,6.0317460317460316e-05
2019-12-05,AMZN,87.02400207519531,-0.011544817962785503,0.0014991269266302707,5.992063492063492e-05
2019-12-06,AMZN,87.58000183105469,0.006368715753630064,0.009094246030426013,5.9523809523809524e-05
2019-12-09,AMZN,87.47550201416016,-0.0011939050988062398,-0.003167833684474369,5.992063492063492e-05
2019-12-10,AMZN,86.96050262451172,-0.005904754434733096,-0.0010975361689841293,6.071428571428572e-05
2019-12-11,AMZN,87.43599700927734,0.005453040216112708,0.0029039375293507703,6.111111111111111e-05
2019-12-12,AMZN,88.0165023803711,0.0066172609838292965,0.008538667375555057,6.071428571428572e-05
2019-12-13,AMZN,88.0469970703125,0.0003464055904998532,7.25791502146863e-05,6.111111111111111e-05
2019-12-16,AMZN,88.46050262451172,0.004685424827782585,0.007122360942542787,6.111111111111111e-05
2019-12-17,AMZN,89.53299713134766,0.012051086000576885,0.0003352360284609262,6.071428571428572e-05
2019-12-18,AMZN,89.20149993896484,-0.003709385461905557,-0.0004323936405227425,6.071428571428572e-05
2019-12-19,AMZN,89.61399841308594,0.004613685162964642,0.004449378821864254,6.111111111111111e-05
2019-12-20,AMZN,89.32499694824219,-0.003230170321979381,0.004932595804334098,6.150793650793651e-05
2019-12-23,AMZN,89.6500015258789,0.003631847326724357,0.0008657687142985109,6.19047619047619e-05
2019-12-24,AMZN,89.46050262451172,-0.002116000655262421,-0.00019546730246814044,6.150793650793651e-05
2019-12-26,AMZN,93.4384994506836,0.04350624357368459,0.005115062410053991,6.150793650793651e-05
2019-12-27,AMZN,93.48999786376952,0.0005509958634310166,3.3984139657930306e-05,6.111111111111111e-05
2019-12-30,AMZN,92.34449768066406,-0.012328332134618607,-0.005797596079349905,6.111111111111111e-05
2019-12-31,AMZN,92.39199829101562,0.0005142525969060166,0.002941690644190719,6.0317460317460316e-05
2020-01-02,AMZN,94.90049743652344,0.026788570977962715,0.008343895362316707,5.992063492063492e-05
2020-01-03,AMZN,93.74849700927734,-0.012213314472679244,-0.007084909364954553,5.9126984126984124e-05
2020-01-06,AMZN,95.1439971923828,0.014775871094842,0.003527145194272564,6.071428571428572e-05
2020-01-07,AMZN,95.34300231933594,0.0020894360230744357,-0.0028071750845948405,5.992063492063492e-05
2020-01-08,AMZN,94.59850311279295,-0.007839287338238509,0.004890473485641129,5.992063492063492e-05
2020-01-09,AMZN,95.05249786376952,0.0047876954600311996,0.006633214116906491,5.992063492063492e-05
2020-01-10,AMZN,94.15799713134766,-0.009455156242405591,-0.0028592624875049015,5.992063492063492e-05
2020-01-13,AMZN,94.56500244140624,0.004313262739376531,0.006951994045933256,6.111111111111111e-05
2020-01-14,AMZN,93.47200012207033,-0.01162552704635962,-0.0015156808368957204,6.111111111111111e-05
2020-01-15,AMZN,93.10099792480467,-0.003977024437111436,0.0018684502436879626,6.111111111111111e-05
2020-01-16,AMZN,93.89700317382812,0.008513567549042408,0.008331747422232019,6.0317460317460316e-05
2020-01-17,AMZN,93.23600006103516,-0.007064556764163625,0.003854723247485144,6.071428571428572e-05
2020-01-21,AMZN,94.5999984741211,0.014523546068980422,-0.002655500369585384,6.071428571428572e-05
2020-01-22,AMZN,94.3730010986328,-0.0024024329949914906,0.00028903429668107475,6.0317460317460316e-05
2020-01-23,AMZN,94.22899627685548,-0.0015270766138824048,0.001140326193358241,6.0317460317460316e-05
2020-01-24,AMZN,93.08200073242188,-0.012247117354348039,-0.009083289426193788,5.992063492063492e-05
2020-01-27,AMZN,91.41699981689452,-0.018049378179086927,-0.015855752356844034,6.0317460317460316e-05
2020-01-28,AMZN,92.6624984741211,0.013532388730052893,0.010003383500352516,6.111111111111111e-05
2020-01-29,AMZN,92.9000015258789,0.002559818728975466,-0.0008672501435846315,6.071428571428572e-05
2020-01-30,AMZN,93.53399658203124,0.00680130777131683,0.0031294569302110597,6.111111111111111e-05
2020-01-31,AMZN,100.43599700927734,0.07119570893188107,-0.01786444357136295,6.0317460317460316e-05
2020-02-03,AMZN,100.20999908447266,-0.002252704013802056,0.007228425761232584,6.111111111111111e-05
2020-02-04,AMZN,102.4834976196289,0.022433811849720944,0.014869315917506062,6.111111111111111e-05
2020-02-05,AMZN,101.99349975585938,-0.004792703414039184,0.011187778658972936,6.111111111111111e-05
2020-02-06,AMZN,102.5114974975586,0.005065879625856511,0.003320155057001924,6.111111111111111e-05
2020-02-07,AMZN,103.96399688720705,0.014069692433392624,-0.005415491009458352,6.071428571428572e-05
2020-02-10,AMZN,106.69550323486328,0.025934357987387625,0.007299690120573207,6.150793650793651e-05
2020-02-11,AMZN,107.54000091552734,0.007883866478429244,0.0016870486860021178,6.111111111111111e-05
2020-02-12,AMZN,108.0,0.004268347229322045,0.006441853105203067,6.150793650793651e-05
2020-02-13,AMZN,107.49349975585938,-0.004700848772083054,-0.0016317763599886593,6.19047619047619e-05
2020-02-14,AMZN,106.74349975585938,-0.007001620314183051,0.0018418360984854144,6.150793650793651e-05
2020-02-18,AMZN,107.78350067138672,0.00969583372641929,-0.0029242139861477136,6.150793650793651e-05
2020-02-19,AMZN,108.51100158691406,0.006726973190216665,0.004694748284284925,6.150793650793651e-05
2020-02-20,AMZN,107.65499877929688,-0.007919906743473367,-0.0038228174279975285,6.150793650793651e-05
2020-02-21,AMZN,104.79850006103516,-0.02689219882130043,-0.010573809232819777,6.071428571428572e-05
2020-02-24,AMZN,100.4645004272461,-0.042235023870589,-0.03408807942044074,5.9523809523809524e-05
2020-02-25,AMZN,98.63700103759766,-0.018357980231590378,-0.030747904375353224,5.9523809523809524e-05
2020-02-26,AMZN,98.97949981689452,0.0034663008478504113,-0.00378569732353003,5.9523809523809524e-05
2020-02-27,AMZN,94.21499633789062,-0.04933339043074011,-0.045168136352261155,5.634920634920634e-05
2020-02-28,AMZN,94.1875,-0.0002918893180325476,-0.008272463109653077,4.96031746031746e-05
2020-03-02,AMZN,97.69750213623048,0.036588515664058845,0.0450108687694132,4.3650793650793655e-05
2020-03-03,AMZN,95.44950103759766,-0.02327866936677437,-0.02851048492291458,3.690476190476191e-05
2020-03-04,AMZN,98.79149627685548,0.03441420829326936,0.041336349360633136,2.817460317460317e-05
2020-03-05,AMZN,96.20149993896484,-0.026566581546027906,-0.034510782439981125,2.4206349206349206e-05
2020-03-06,AMZN,95.05449676513672,-0.011994572145720599,-0.01720094365238617,1.785714285714286e-05
2020-03-09,AMZN,90.03050231933594,-0.05430184971456644,-0.07901041294037148,1.2698412698412699e-05
2020-03-10,AMZN,94.59100341796876,0.04941384267449439,0.048215052425859106,1.7063492063492063e-05
2020-03-11,AMZN,91.04299926757812,-0.03823045590681022,-0.05010289280860541,1.6269841269841268e-05
2020-03-12,AMZN,83.83049774169922,-0.08253503819368388,-0.09994485240247351,1.3095238095238094e-05
2020-03-13,AMZN,89.25,0.06264454451479513,0.08880840694923595,1.0714285714285714e-05
2020-03-16,AMZN,84.4574966430664,-0.0551930111496119,-0.12765219747281742,9.523809523809523e-06
2020-03-17,AMZN,90.39199829101562,0.0679073394904408,0.05822631263569171,7.5396825396825394e-06
2020-03-18,AMZN,91.5,0.012183223280898315,-0.053222272332080246,7.936507936507937e-07
2020-03-19,AMZN,94.04650115966795,0.027450380856149172,0.004696760970401053,1.5873015873015873e-06
2020-03-20,AMZN,92.30449676513672,-0.018696493799985222,-0.04432762405336681,1.984126984126984e-06
2020-03-23,AMZN,95.1415023803711,0.03027242280070844,-0.02973150100957679,7.936507936507937e-07
2020-03-24,AMZN,97.00499725341795,0.019397213114498144,0.08968323251796326,3.9682539682539683e-07
2020-03-25,AMZN,94.29199981689452,-0.028366146785043376,0.011468990420822226,-1.5873015873015873e-06
2020-03-26,AMZN,97.77449798583984,0.036267437779002064,0.06054383107424656,-1.984126984126984e-06
2020-03-27,AMZN,95.00499725341795,-0.028734293362178455,-0.0342678455416263,1.1904761904761904e-06
2020-03-30,AMZN,98.19750213623048,0.033051285657682734,0.032966590569974794,4.7619047619047615e-06
2020-03-31,AMZN,97.48600006103516,-0.007271999966000075,-0.016142310788415843,4.365079365079366e-06
2020-04-01,AMZN,95.38500213623048,-0.021787422792954095,-0.04514636273278691,3.5714285714285714e-06
2020-04-02,AMZN,95.94149780273438,0.005817252037933636,0.022572657056960366,3.5714285714285714e-06
2020-04-03,AMZN,95.32949829101562,-0.006399314195321289,-0.015252860825944299,3.968253968253968e-06
2020-04-06,AMZN,99.87950134277344,0.04662517920980072,0.06796824414483035,5.9523809523809525e-06
2020-04-07,AMZN,100.58000183105467,0.006988976113008468,-0.001604339048362459,5.555555555555557e-06
2020-04-08,AMZN,102.1500015258789,0.015488887252484514,0.033489371191284686,8.730158730158731e-06
2020-04-09,AMZN,102.13800048828124,-0.00011749136016948301,0.014383470303699339,9.92063492063492e-06
2020-04-13,AMZN,108.44349670410156,0.059904424788693234,-0.01015605944467711,1.0317460317460317e-05
2020-04-14,AMZN,114.16600036621094,0.05142426317898339,0.03011455957230757,7.936507936507936e-06
2020-04-15,AMZN,115.38400268554688,0.01061218674730437,-0.022276732672369248,5.555555555555557e-06
2020-04-16,AMZN,120.40950012207033,0.04263271487419671,0.0057998378395412884,5.555555555555557e-06
2020-04-17,AMZN,118.75,-0.013877991515518644,0.026440932021320578,4.7619047619047615e-06
2020-04-20,AMZN,119.68049621582033,0.007805217491159297,-0.018042845615347775,4.7619047619047615e-06
2020-04-21,AMZN,116.40599822998048,-0.027741595250859077,-0.031155115236330667,4.365079365079366e-06
2020-04-22,AMZN,118.17449951171876,0.015078276370104332,0.02267130058213675,4.7619047619047615e-06
2020-04-23,AMZN,119.97250366210938,0.015100238852103837,-0.0005395676601955963,4.365079365079366e-06
2020-04-24,AMZN,120.51100158691406,0.004478467862372162,0.013822090566839217,4.7619047619047615e-06
2020-04-27,AMZN,118.8000030517578,-0.014299615622890208,0.014606868181735996,4.7619047619047615e-06
2020-04-28,AMZN,115.7040023803711,-0.02640620627237362,-0.005256170190483643,4.365079365079366e-06
2020-04-29,AMZN,118.635498046875,0.025020524430829326,0.02623670404507307,3.968253968253968e-06
2020-04-30,AMZN,123.6999969482422,0.04180350395260793,-0.009255143319054839,3.5714285714285714e-06
2020-05-01,AMZN,114.302001953125,-0.07901516917994282,-0.028460211014775954,4.7619047619047615e-06
2020-05-04,AMZN,115.79949951171876,0.013016157575810133,0.0042408225788494016,5.158730158730158e-06
2020-05-05,AMZN,115.88999938964844,0.0007812169559819208,0.008999935197779802,5.158730158730158e-06
2020-05-06,AMZN,117.56300354003906,0.014332930141282023,-0.007003880399042588,4.7619047619047615e-06
2020-05-07,AMZN,118.38050079345705,0.006929629421755947,0.011438955754890805,4.365079365079366e-06
2020-05-08,AMZN,118.98049926757812,0.005055588339379015,0.016730795065226244,4.7619047619047615e-06
2020-05-11,AMZN,120.4499969482422,0.012275095742505182,0.0001330693667907644,4.7619047619047615e-06
2020-05-12,AMZN,117.84750366210938,-0.021843256899331476,-0.020713365772047604,5.158730158730158e-06
2020-05-13,AMZN,118.39600372314452,0.004643522716731099,-0.017616996624280044,5.158730158730158e-06
2020-05-14,AMZN,119.44249725341795,0.008800091486279958,0.01145891780407149,4.7619047619047615e-06
2020-05-15,AMZN,120.48899841308594,0.008723388257937748,0.003918675203723029,4.7619047619047615e-06
2020-05-18,AMZN,121.31300354003906,0.006815562402388709,0.031015208770073424,5.158730158730158e-06
2020-05-19,AMZN,122.46649932861328,0.009463506026665746,-0.010539747711599283,5.158730158730158e-06
2020-05-20,AMZN,124.89700317382812,0.0196519053240098,0.0165139906134157,4.7619047619047615e-06
2020-05-21,AMZN,122.33699798583984,-0.020709907813958355,-0.007803968309953686,4.7619047619047615e-06
2020-05-22,AMZN,121.84400177001952,-0.004037962709445318,0.002350945686812366,4.7619047619047615e-06
2020-05-26,AMZN,121.09300231933594,-0.006182687942355892,0.01221428502146052,5.555555555555557e-06
2020-05-27,AMZN,120.51950073242188,-0.004747292931811086,0.014718447490314346,5.9523809523809525e-06
2020-05-28,AMZN,120.05500030517578,-0.0038615979869802697,-0.0021101393249195488,5.9523809523809525e-06
2020-05-29,AMZN,122.11849975585938,0.017041909136995572,0.004800793552307952,5.555555555555557e-06
2020-06-01,AMZN,123.552001953125,0.011670253098244966,0.003744216478364391,5.555555555555557e-06
2020-06-02,AMZN,123.62049865722656,0.0005542421239081785,0.008177307282398658,5.9523809523809525e-06
2020-06-03,AMZN,123.91999816894533,0.002419803318654912,0.01355667081256392,6.349206349206349e-06
2020-06-04,AMZN,123.02999877929688,-0.0072079631824282725,-0.003374389083608904,5.9523809523809525e-06
2020-06-05,AMZN,124.1500015258789,0.009062306094701045,0.025874012821635813,5.9523809523809525e-06
2020-06-08,AMZN,126.2030029296875,0.01640122058468097,0.011969656405806002,6.746031746031747e-06
2020-06-09,AMZN,130.04299926757812,0.029973414532654237,-0.007829743419721978,7.5396825396825394e-06
2020-06-10,AMZN,132.37249755859375,0.01775474019639406,-0.005327255735182077,6.746031746031747e-06
2020-06-11,AMZN,127.89800262451172,-0.034386807792203426,-0.06075269299628893,6.746031746031747e-06
2020-06-12,AMZN,127.2509994506836,-0.005071582137180358,0.012976286605211731,6.349206349206349e-06
2020-06-15,AMZN,128.63400268554688,0.01080967380014712,0.00827786081817526,7.142857142857143e-06
2020-06-16,AMZN,130.7635040283203,0.01641919546995653,0.018784852866710527,6.746031746031747e-06
2020-06-17,AMZN,132.0489959716797,0.009782656419923274,-0.0036067962326294138,6.746031746031747e-06
2020-06-18,AMZN,132.69900512695312,0.004910408831544251,0.0005940434038017573,6.349206349206349e-06
2020-06-19,AMZN,133.75050354003906,0.007892706403668376,-0.005665513565673728,5.9523809523809525e-06
2020-06-22,AMZN,135.6909942626953,0.014404049034053084,0.006474093296658384,6.349206349206349e-06
2020-06-23,AMZN,138.2205047607422,0.018470070932883553,0.004298169191483789,6.349206349206349e-06
2020-06-24,AMZN,136.72000122070312,-0.010915222785479236,-0.0261952655956623,5.9523809523809525e-06
2020-06-25,AMZN,137.72900390625,0.007352966946613356,0.01089982772821816,6.349206349206349e-06
2020-06-26,AMZN,134.64349365234375,-0.022657517035347675,-0.024525204274831163,5.555555555555557e-06
2020-06-29,AMZN,134.0189971923828,-0.004648937652200358,0.01457888811353358,5.555555555555557e-06
2020-06-30,AMZN,137.9409942626953,0.02884445591830274,0.015292349435755562,6.349206349206349e-06
2020-07-01,AMZN,143.93499755859375,0.04253577590541981,0.005009563975870565,5.555555555555557e-06
2020-07-02,AMZN,144.51499938964844,0.004021512351305945,0.0045309704768169146,5.555555555555557e-06
2020-07-06,AMZN,152.8520050048828,0.056086861548230546,0.01575693083216329,5.9523809523809525e-06
2020-07-07,AMZN,150.00599670410156,-0.018794894393650154,-0.010877477869643567,5.9523809523809525e-06
2020-07-08,AMZN,154.0554962158203,0.026637631211038765,0.007796986263430269,5.9523809523809525e-06
2020-07-09,AMZN,159.13150024414062,0.032418003431597016,-0.005659591476194623,5.158730158730158e-06
2020-07-10,AMZN,160.0,0.005442909266691453,0.010411809774443004,5.158730158730158e-06
2020-07-13,AMZN,155.1999969482422,-0.030459227148096752,-0.009406645216058874,5.555555555555557e-06
2020-07-14,AMZN,154.1999969482422,-0.006464146747407976,0.01331730058290395,5.9523809523809525e-06
2020-07-15,AMZN,150.44349670410156,-0.02466286482562469,0.009041056936355048,6.349206349206349e-06
2020-07-16,AMZN,149.9949951171875,-0.002985648858511928,-0.0034119152141152374,4.365079365079366e-06
2020-07-17,AMZN,148.09849548339844,-0.012724365220700149,0.0028445625875835605,4.365079365079366e-06
2020-07-20,AMZN,159.8419952392578,0.07630823511693882,0.008371797255140334,5.158730158730158e-06
2020-07-21,AMZN,156.9145050048828,-0.018484694634580835,0.0016776293345600682,5.158730158730158e-06
2020-07-22,AMZN,154.99549865722656,-0.012305027339411448,0.005730630594473862,5.158730158730158e-06
2020-07-23,AMZN,149.32749938964844,-0.03725419917985109,-0.012396378412246847,4.7619047619047615e-06
2020-07-24,AMZN,150.44549560546875,0.007458986752838637,-0.006209640024276134,4.365079365079366e-06
2020-07-27,AMZN,152.760498046875,0.015270459525145965,0.007367928821482373,4.365079365079366e-06
2020-07-28,AMZN,150.01649475097656,-0.018126069617507432,-0.006494435418646306,4.365079365079366e-06
2020-07-29,AMZN,151.67649841308594,0.011004699826417956,0.012351783351742583,4.365079365079366e-06
2020-07-30,AMZN,152.593994140625,0.0060308083157400725,-0.0037573017634548516,3.5714285714285714e-06
2020-07-31,AMZN,158.23399353027344,0.036294147981264194,0.0076412362421762695,3.5714285714285714e-06
2020-08-03,AMZN,155.59449768066406,-0.01682166001089732,0.007155362664358673,3.968253968253968e-06
2020-08-04,AMZN,156.94149780273438,0.008619861276316521,0.003605423026133557,3.5714285714285714e-06
2020-08-05,AMZN,160.25149536132812,0.020871316739287018,0.006409160435517922,3.968253968253968e-06
2020-08-06,AMZN,161.25,0.0062115284906952865,0.006407126020664802,3.968253968253968e-06
2020-08-07,AMZN,158.3730010986328,-0.01800293843304236,0.0006328292699566697,3.968253968253968e-06
2020-08-10,AMZN,157.4080047607422,-0.006111826385309402,0.0027384652733919213,4.365079365079366e-06
2020-08-11,AMZN,154.0334930419922,-0.02167112480516848,-0.008001055401377298,4.365079365079366e-06
2020-08-12,AMZN,158.11199951171875,0.026133573522779383,0.013899502293613534,4.365079365079366e-06
2020-08-13,AMZN,158.05099487304688,-0.0003859062604570367,-0.002049272676156681,3.968253968253968e-06
2020-08-14,AMZN,157.4010009765625,-0.004121037907113718,-0.00017189739627902921,3.968253968253968e-06
2020-08-17,AMZN,159.12049865722656,0.010865072977043023,0.002706177507423456,3.968253968253968e-06
2020-08-18,AMZN,165.62449645996094,0.04006138810950659,0.0023007404198168474,3.5714285714285714e-06
2020-08-19,AMZN,163.0240020751953,-0.015825714532805114,-0.004414123345182018,4.365079365079366e-06
2020-08-20,AMZN,164.86849975585938,0.011250743012291311,0.0031536547683461333,4.365079365079366e-06
2020-08-21,AMZN,164.23599243164062,-0.003843813244746528,0.0034351999829724668,3.968253968253968e-06
2020-08-24,AMZN,165.3730010986328,0.006899163550113672,0.009993615364903508,4.7619047619047615e-06
2020-08-25,AMZN,167.32449340820312,0.01173146611135582,0.003589899745540117,4.365079365079366e-06
2020-08-26,AMZN,172.09249877929688,0.02809711446991023,0.010144001344841499,4.365079365079366e-06
2020-08-27,AMZN,170.0,-0.012233678809977448,0.0016716460318091384,4.365079365079366e-06
2020-08-28,AMZN,170.08999633789062,0.0005292501453169122,0.006710002849570254,3.968253968253968e-06
2020-08-31,AMZN,172.54800415039062,0.014347795491567642,-0.002197375175508541,4.365079365079366e-06
2020-09-01,AMZN,174.95599365234375,0.013858994770032553,0.007496831420705943,4.7619047619047615e-06
2020-09-02,AMZN,176.57249450683594,0.009197048337934825,0.01524905014386973,4.7619047619047615e-06
2020-09-03,AMZN,168.39999389648438,-0.047389460231042485,-0.0357575941421853,4.365079365079366e-06
2020-09-04,AMZN,164.7310028076172,-0.022028208040287028,-0.008166280754275102,4.365079365079366e-06
2020-09-08,AMZN,157.49200439453125,-0.04493916629572862,-0.02814882908646679,5.158730158730158e-06
2020-09-09,AMZN,163.4304962158203,0.037013109131374684,0.019944760662180386,4.7619047619047615e-06
2020-09-10,AMZN,158.7554931640625,-0.029022560577017922,-0.017741245925395586,4.7619047619047615e-06
2020-09-11,AMZN,155.81100463867188,-0.0187214757293059,0.0005329301580873496,4.365079365079366e-06
2020-09-14,AMZN,155.14849853515625,-0.004261050710177225,0.012661335025022992,4.365079365079366e-06
2020-09-15,AMZN,157.80650329589844,0.016986906487693396,0.005205785930499657,4.365079365079366e-06
2020-09-16,AMZN,153.90499877929688,-0.02503409881608985,-0.0046296468921518345,4.7619047619047615e-06
2020-09-17,AMZN,150.43649291992188,-0.02279449983567252,-0.008447949528552457,3.5714285714285714e-06
2020-09-18,AMZN,147.74549865722656,-0.018049831297685878,-0.011245576947828505,3.968253968253968e-06
2020-09-21,AMZN,148.02349853515625,0.0018798451658920037,-0.011638564027297718,3.968253968253968e-06
2020-09-22,AMZN,156.44949340820312,0.055362197019776946,0.010463016398376152,3.968253968253968e-06
2020-09-23,AMZN,149.9929962158203,-0.04214463095521935,-0.02400733891437413,4.365079365079366e-06
2020-09-24,AMZN,150.989501953125,0.0066217097971920415,0.0029830055546290505,3.968253968253968e-06
2020-09-25,AMZN,154.75650024414062,0.024642604582375296,0.015850439224188495,3.968253968253968e-06
2020-09-28,AMZN,158.70249938964844,0.025178461064278568,0.0159821918538544,4.365079365079366e-06
2020-09-29,AMZN,157.24400329589844,-0.00923261654532486,-0.004824282704443997,3.5714285714285714e-06
2020-09-30,AMZN,157.43649291992188,0.0012233973846267278,0.00821984256837961,3.968253968253968e-06
2020-10-01,AMZN,161.06300354003906,0.022773457377156782,0.0052789495642950775,3.5714285714285714e-06
2020-10-02,AMZN,156.25,-0.030338326155417573,-0.009623812866370861,3.5714285714285714e-06
2020-10-05,AMZN,159.9600067138672,0.023466537334268914,0.017813109002900934,3.968253968253968e-06
2020-10-06,AMZN,154.9980010986328,-0.03151160525254176,-0.014072064387523205,3.968253968253968e-06
2020-10-07,AMZN,159.7845001220703,0.030413812448158245,0.017247163770241564,3.968253968253968e-06
2020-10-08,AMZN,159.52749633789062,-0.0016097349459189387,0.007978212894869286,3.5714285714285714e-06
2020-10-09,AMZN,164.33250427246094,0.02967554216621051,0.008755095180752877,3.968253968253968e-06
2020-10-12,AMZN,172.14649963378906,0.0464540159772508,0.01628253015832422,3.968253968253968e-06
2020-10-13,AMZN,172.18150329589844,0.0002033158031418585,-0.006326891629163268,4.365079365079366e-06
2020-10-14,AMZN,168.1855010986328,-0.023481628688544316,-0.0066451720840594065,4.7619047619047615e-06
2020-10-15,AMZN,166.9324951171875,-0.007478033616218114,-0.001528923514213078,4.365079365079366e-06
2020-10-16,AMZN,163.635498046875,-0.01994812848396483,0.00013491045663045577,4.365079365079366e-06
2020-10-19,AMZN,160.36050415039062,-0.020216949722746604,-0.016464663514942676,4.365079365079366e-06
2020-10-20,AMZN,160.85049438476562,0.0030508956211158598,0.0047161953200011274,3.968253968253968e-06
2020-10-21,AMZN,159.2469940185547,-0.01001890884724982,-0.0021981140115702774,3.968253968253968e-06
2020-10-22,AMZN,158.82000732421875,-0.002684886825932588,0.0052053540034913415,3.5714285714285714e-06
2020-10-23,AMZN,160.22000122070312,0.008776346822349299,0.003439838320389479,3.968253968253968e-06
2020-10-26,AMZN,160.3520050048828,0.0008235515832760146,-0.018764472985322012,4.365079365079366e-06
2020-10-27,AMZN,164.31649780273438,0.02442300268945314,-0.003030205350445511,3.968253968253968e-06
2020-10-28,AMZN,158.13900756835938,-0.038319991707740156,-0.03592554210857772,3.968253968253968e-06
2020-10-29,AMZN,160.55050659179688,0.015134134911874026,0.01187652493999744,3.5714285714285714e-06
2020-10-30,AMZN,151.8074951171875,-0.055995337191590895,-0.012203713445259962,3.5714285714285714e-06
2020-11-02,AMZN,150.2239990234375,-0.010485731675678473,0.012242950890591667,3.5714285714285714e-06
2020-11-03,AMZN,152.42050170898438,0.014515652838803237,0.01764273768407783,3.968253968253968e-06
2020-11-04,AMZN,162.05799865722656,0.06131112770815112,0.021807525655091704,3.968253968253968e-06
2020-11-05,AMZN,166.10000610351562,0.024635765802841537,0.01927326577670128,3.968253968253968e-06
2020-11-06,AMZN,165.56849670410156,-0.0032050668056014093,-0.00028775658537381985,3.968253968253968e-06
2020-11-09,AMZN,157.18699645996094,-0.0519488297063862,0.011631974746344153,4.365079365079366e-06
2020-11-10,AMZN,151.75100708007812,-0.03519509049367411,-0.001400775220867666,3.968253968253968e-06
2020-11-11,AMZN,156.8695068359375,0.03317322672809136,0.007622728362991461,3.968253968253968e-06
2020-11-12,AMZN,155.51400756835938,-0.008678484699991355,-0.01002865154706935,3.968253968253968e-06
2020-11-13,AMZN,156.4405059814453,0.005939975842648188,0.013518546706294007,3.5714285714285714e-06
2020-11-16,AMZN,156.55299377441406,0.0007187867984453675,0.011580734922832603,3.5714285714285714e-06
2020-11-17,AMZN,156.7830047607422,0.001468143007621713,-0.004803443784647531,3.5714285714285714e-06
2020-11-18,AMZN,155.2729949951172,-0.009677888280344956,-0.011631210647481315,3.5714285714285714e-06
2020-11-19,AMZN,155.8509979248047,0.003715583547472407,0.003938675690732779,2.7777777777777783e-06
2020-11-20,AMZN,154.97000122070312,-0.0056688516272875725,-0.006815737372918576,2.7777777777777783e-06
2020-11-23,AMZN,154.91949462890625,-0.0003259651773973119,0.005620108181849693,3.1746031746031746e-06
2020-11-24,AMZN,155.9029998779297,0.006328425701275153,0.016032458814031775,3.5714285714285714e-06
2020-11-25,AMZN,159.2534942626953,0.021263218006347694,-0.0015856747555094064,3.5714285714285714e-06
2020-11-27,AMZN,159.76699829101562,0.003219256968037136,0.0023941110259011363,3.5714285714285714e-06
2020-11-30,AMZN,158.40199279785156,-0.008580433078829422,-0.004606140636972006,3.1746031746031746e-06
2020-12-01,AMZN,161.00399780273438,0.0162931356533559,0.011208140661592923,3.5714285714285714e-06
2020-12-02,AMZN,160.17649841308594,-0.00515287341781244,0.0017895645286042845,3.5714285714285714e-06
2020-12-03,AMZN,159.3365020751953,-0.005257991204430573,-0.0006243520802942291,3.1746031746031746e-06
2020-12-04,AMZN,158.12899780273438,-0.007607189417695092,0.00879746371518688,3.5714285714285714e-06
2020-12-07,AMZN,157.89999389648438,-0.001449259101838023,-0.001937513438963252,3.1746031746031746e-06
2020-12-08,AMZN,158.864501953125,0.0060897673194401595,0.002783271170170473,3.5714285714285714e-06
2020-12-09,AMZN,155.2100067138672,-0.023272568006966705,-0.00798096494847171,3.1746031746031746e-06
2020-12-10,AMZN,155.07449340820312,-0.0008734778193995013,-0.0012859345277717227,3.1746031746031746e-06
2020-12-11,AMZN,155.8209991455078,0.004802302959357711,-0.0012657980842328352,3.1746031746031746e-06
2020-12-14,AMZN,157.84849548339844,0.012927776593180737,-0.0043687882451469585,3.5714285714285714e-06
2020-12-15,AMZN,158.25599670410156,0.0025782705182143205,0.012838482022218645,3.1746031746031746e-06
2020-12-16,AMZN,162.04800415039062,0.023678659082595685,0.0017712256203230642,3.5714285714285714e-06
2020-12-17,AMZN,161.8040008544922,-0.001506881775001751,0.0057411428089832834,3.1746031746031746e-06
2020-12-18,AMZN,160.08250427246094,-0.010696397444651836,-0.003517296952148704,3.1746031746031746e-06
2020-12-21,AMZN,160.3090057373047,0.001413904523066775,-0.003913928486909485,3.5714285714285714e-06
2020-12-22,AMZN,160.3260040283203,0.00010602891458408637,-0.0020752446917703606,3.5714285714285714e-06
2020-12-23,AMZN,159.2635040283203,-0.006649178948489452,0.0007455332718186887,3.5714285714285714e-06
2020-12-24,AMZN,158.63450622558594,-0.003957235360226408,0.0035303499794869524,3.5714285714285714e-06
2020-12-28,AMZN,164.197998046875,0.034470151618254896,0.0086847075384115,4.365079365079366e-06
2020-12-29,AMZN,166.10000610351562,0.011517048584034767,-0.002229864827278697,3.968253968253968e-06
2020-12-30,AMZN,164.29249572753906,-0.01094170357368153,0.0013406480950792154,3.1746031746031746e-06
2020-12-31,AMZN,162.84649658203125,-0.008840331459923346,0.006418204711703793,3.5714285714285714e-06
2021-01-04,AMZN,159.3314971923828,-0.02182109847190733,-0.014864762712025787,3.5714285714285714e-06
2021-01-05,AMZN,160.92550659179688,0.009954646073317086,0.007057631383362026,3.5714285714285714e-06
2021-01-06,AMZN,156.91900634765625,-0.025211776834210834,0.005693603382474094,3.5714285714285714e-06
2021-01-07,AMZN,158.10800170898438,0.007548565530855581,0.014738260107752971,3.5714285714285714e-06
2021-01-08,AMZN,159.13499450683594,0.006474509430722278,0.00547683739351537,3.1746031746031746e-06
2021-01-11,AMZN,155.7104949951172,-0.021754382256951105,-0.006576327616621317,3.1746031746031746e-06
2021-01-12,AMZN,156.04150390625,0.002123540741920703,0.000415702030569564,3.5714285714285714e-06
2021-01-13,AMZN,158.29449462890625,0.014335165650269394,0.0022730563867261076,3.5714285714285714e-06
2021-01-14,AMZN,156.37350463867188,-0.01220978211670719,-0.003760513068743101,3.5714285714285714e-06
2021-01-15,AMZN,155.21249389648438,-0.007452299659631569,-0.007216000798278504,3.5714285714285714e-06
2021-01-19,AMZN,156.03799438476562,0.005304424924284414,0.008103457635761657,3.5714285714285714e-06
2021-01-20,AMZN,163.16900634765625,0.044686981065348005,0.013839417376510862,3.1746031746031746e-06
2021-01-21,AMZN,165.34950256347656,0.01327491862890803,0.00031667316131354906,3.5714285714285714e-06
2021-01-22,AMZN,164.6114959716797,-0.004473303364494828,-0.0030151526629377105,3.1746031746031746e-06
2021-01-25,AMZN,164.6999969482422,0.0005374909810066927,0.0036093175130174657,3.5714285714285714e-06
2021-01-26,AMZN,166.30650329589844,0.009706872588035214,-0.001489943161153501,2.7777777777777783e-06
2021-01-27,AMZN,161.62899780273438,-0.028528919404602372,-0.02601331512610035,3.1746031746031746e-06
2021-01-28,AMZN,161.88099670410156,0.001557905206109897,0.009713298778760395,2.7777777777777783e-06
2021-01-29,AMZN,160.30999755859375,-0.009752051571646207,-0.019500377654792,2.3809523809523808e-06
2021-02-01,AMZN,167.1439971923828,0.041746274050055085,0.015924300234678626,2.7777777777777783e-06
2021-02-02,AMZN,169.0,0.011043015400718599,0.013802528814310624,2.7777777777777783e-06
2021-02-03,AMZN,165.62649536132812,-0.020163489626646183,0.0010082606153447803,1.5873015873015873e-06
2021-02-04,AMZN,166.5500030517578,0.00556035766663457,0.010794847643921975,1.5873015873015873e-06
2021-02-05,AMZN,167.6074981689453,0.0063293425623789645,0.003889919607763825,1.1904761904761904e-06
2021-02-08,AMZN,166.14700317382812,-0.008751967758836224,0.007372107476289037,1.984126984126984e-06
2021-02-09,AMZN,165.25,-0.005413479034808956,-0.0011141454217211749,1.5873015873015873e-06
2021-02-10,AMZN,164.32899475097656,-0.005588994815406755,-0.0003452445223915674,1.984126984126984e-06
2021-02-11,AMZN,163.10650634765625,-0.007467083315264711,0.0016610748145877074,1.984126984126984e-06
2021-02-12,AMZN,163.885498046875,0.004764600739063575,0.004699970926162608,1.5873015873015873e-06
2021-02-16,AMZN,163.44749450683594,-0.002676197092374675,-0.0005694345154154666,1.5873015873015873e-06
2021-02-17,AMZN,165.4320068359375,0.012068471325383062,-0.0003204533489169501,1.5873015873015873e-06
2021-02-18,AMZN,166.4114990234375,0.005903355134450001,-0.004425614227243303,1.1904761904761904e-06
2021-02-19,AMZN,162.4949951171875,-0.023816428691007405,-0.0018566190956649255,1.5873015873015873e-06
2021-02-22,AMZN,159.03700256347656,-0.02151030634661799,-0.007762892893710863,1.1904761904761904e-06
2021-02-23,AMZN,159.72500610351562,0.004316729031036398,0.0012555296115265332,1.5873015873015873e-06
2021-02-24,AMZN,157.97650146484375,-0.011007327640787778,0.011287667670985945,1.1904761904761904e-06
2021-02-25,AMZN,152.85800170898438,-0.03293690001850802,-0.02478339442417185,1.5873015873015873e-06
2021-02-26,AMZN,154.64649963378906,0.011632467716052848,-0.004761532293798778,1.5873015873015873e-06
2021-03-01,AMZN,157.3070068359375,0.017057488725899683,0.02351217322569352,1.984126984126984e-06
2021-03-02,AMZN,154.72650146484375,-0.016540301818484742,-0.008113678739508762,1.5873015873015873e-06
2021-03-03,AMZN,150.25,-0.029358478249911932,-0.01315233589480116,1.984126984126984e-06
2021-03-04,AMZN,148.8784942626953,-0.009170074897274566,-0.013508038064390469,1.5873015873015873e-06
2021-03-05,AMZN,150.0229949951172,0.007658083796422065,0.019308356338709188,1.5873015873015873e-06
2021-03-08,AMZN,147.59750366210938,-0.016299583149453855,-0.005373643224025429,1.984126984126984e-06
2021-03-09,AMZN,153.1425018310547,0.036879873274693574,0.014055400743930569,1.984126984126984e-06
2021-03-10,AMZN,152.8820037841797,-0.0017024656850275469,0.006012203770988197,1.5873015873015873e-06
2021-03-11,AMZN,155.67950439453125,0.018133028189585527,0.010341825500657608,1.5873015873015873e-06
2021-03-12,AMZN,154.47450256347656,-0.0077703841773409145,0.0010148833275308508,1.5873015873015873e-06
2021-03-15,AMZN,154.08399963378906,-0.002531144890792291,0.006470939539413048,1.5873015873015873e-06
2021-03-16,AMZN,154.59300231933594,0.0032979661178309406,-0.0015709169785959108,7.936507936507937e-07
2021-03-17,AMZN,156.7864990234375,0.014089129048404545,0.0028752446501592592,7.936507936507937e-07
2021-03-18,AMZN,151.39950561523438,-0.03496292546552067,-0.014870560065947797,3.9682539682539683e-07
2021-03-19,AMZN,153.7480010986328,0.015392830040768038,-0.0006028856737550234,3.9682539682539683e-07
2021-03-22,AMZN,155.5435028076172,0.011610547696605156,0.007000556898342752,1.1904761904761904e-06
2021-03-23,AMZN,156.875,0.008523856571831514,-0.007660118119334028,3.9682539682539683e-07
2021-03-24,AMZN,154.35350036621094,-0.016203881085462144,-0.00548233660034883,7.936507936507937e-07
2021-03-25,AMZN,152.31300354003906,-0.013307791454017294,0.005226583432729291,7.936507936507937e-07
2021-03-26,AMZN,152.60150146484375,0.0018923206745425616,0.016494418658716575,7.936507936507937e-07
2021-03-29,AMZN,153.7864990234375,0.007735312514846097,-0.0008683896263867381,1.1904761904761904e-06
2021-03-30,AMZN,152.76449584960938,-0.006667777807782873,-0.0031628294096500294,7.936507936507937e-07
2021-03-31,AMZN,154.70399475097656,0.012616087083554913,0.003615953592419885,1.1904761904761904e-06
2021-04-01,AMZN,158.0500030517578,0.021397878158709596,0.011755830427674127,7.936507936507937e-07
2021-04-05,AMZN,161.3365020751953,0.020580800847156144,0.0143349877622439,1.1904761904761904e-06
2021-04-06,AMZN,161.1909942626953,-0.0009022971624071701,-0.0009740049407969285,7.936507936507937e-07
2021-04-07,AMZN,163.96949768066406,0.01709045911872312,0.0014741456981068137,7.936507936507937e-07
2021-04-08,AMZN,164.96499633789062,0.006052887214350471,0.004211750940591775,3.9682539682539683e-07
2021-04-09,AMZN,168.61000061035156,0.021855051421528913,0.007690288135687276,7.936507936507937e-07
2021-04-12,AMZN,168.96949768066406,0.002129852126864464,-0.0001960980747395339,7.936507936507937e-07
2021-04-13,AMZN,170.0,0.006080225513606812,0.0032890718770625686,1.1904761904761904e-06
2021-04-14,AMZN,166.64999389648438,-0.019902668921269934,-0.004096104320730151,7.936507936507937e-07
2021-04-15,AMZN,168.95449829101562,0.013733669660684043,0.011033101401119478,7.936507936507937e-07
2021-04-16,AMZN,169.9720001220703,0.006004280530908502,0.0036023233905179666,7.936507936507937e-07
2021-04-19,AMZN,168.60049438476562,-0.008101740463144907,-0.005320689893757947,7.936507936507937e-07
2021-04-20,AMZN,166.7344970703125,-0.011129268476364956,-0.006825561005077803,1.1904761904761904e-06
2021-04-21,AMZN,168.1009979248047,0.008162267510845943,0.009263020919853236,1.1904761904761904e-06
2021-04-22,AMZN,165.45199584960938,-0.015883879438343667,-0.009253337860554323,1.1904761904761904e-06
2021-04-23,AMZN,167.04400634765625,0.009576191314045886,0.01086940989553096,1.1904761904761904e-06
2021-04-26,AMZN,170.4499969482422,0.020184691912166108,0.001780684564582624,1.1904761904761904e-06
2021-04-27,AMZN,170.8715057373047,0.0024698649221989518,-0.0002149189814442344,3.9682539682539683e-07
2021-04-28,AMZN,172.9250030517578,0.011946146532530181,-0.0008458975873960478,3.9682539682539683e-07
2021-04-29,AMZN,173.5655059814453,0.003697092085053035,0.0067400415367024095,3.9682539682539683e-07
2021-04-30,AMZN,173.37100219726562,-0.0011212645540177846,-0.0072207134171198275,3.9682539682539683e-07
2021-05-03,AMZN,169.32449340820312,-0.02361686640013657,0.002744321649512167,1.5873015873015873e-06
2021-05-04,AMZN,165.593505859375,-0.022280927908247625,-0.0067007374898472305,7.936507936507937e-07
2021-05-05,AMZN,163.52699279785156,-0.012557955081461925,0.0007032164471135163,7.936507936507937e-07
2021-05-06,AMZN,165.31849670410156,0.010895826077640012,0.008132299498632055,7.936507936507937e-07
2021-05-07,AMZN,164.58050537109375,-0.004474051509126132,0.007346291419186351,7.936507936507937e-07
2021-05-10,AMZN,159.52450561523438,-0.031202294199865952,-0.010490480503138024,7.936507936507937e-07
2021-05-11,AMZN,161.19549560546875,0.010420336143649124,-0.008711750141781542,3.9682539682539683e-07
2021-05-12,AMZN,157.5970001220703,-0.022576744303825176,-0.021682782358302413,7.936507936507937e-07
2021-05-13,AMZN,158.07350158691406,0.0030189822880309276,0.012099644578094055,7.936507936507937e-07
2021-05-14,AMZN,161.14500427246094,0.019244482527551766,0.014807778563623631,3.9682539682539683e-07
2021-05-17,AMZN,163.51950073242188,0.01462764646007257,-0.002533258183961915,7.936507936507937e-07
2021-05-18,AMZN,161.61399841308594,-0.011721487581113643,-0.0085537723840327,7.936507936507937e-07
2021-05-19,AMZN,161.58999633789062,-0.00014852585753418506,-0.002947751811378411,3.9682539682539683e-07
2021-05-20,AMZN,162.38400268554688,0.004901676923524499,0.01049942933450842,3.9682539682539683e-07
2021-05-21,AMZN,160.1540069580078,-0.013828021471269424,-0.0007841880752528091,3.9682539682539683e-07
2021-05-24,AMZN,162.24949645996094,0.0129993563234214,0.009862497481216075,7.936507936507937e-07
2021-05-25,AMZN,162.95249938964844,0.004323491452926749,-0.002127545400828599,7.936507936507937e-07
2021-05-26,AMZN,163.25799560546875,0.0018730010825371592,0.0018750575506104544,7.936507936507937e-07
2021-05-27,AMZN,161.5054931640625,-0.010792589148289969,0.001164636089862995,7.936507936507937e-07
2021-05-28,AMZN,161.15350341796875,-0.002181807353604432,0.000768586452887337,3.9682539682539683e-07
2021-06-01,AMZN,160.9324951171875,-0.0013723560569097765,-0.0004924547586291649,7.936507936507937e-07
2021-06-02,AMZN,161.69949340820312,0.004754641593085972,0.0014458890369002922,7.936507936507937e-07
2021-06-03,AMZN,159.35049438476562,-0.014633490299348802,-0.003635303056049319,7.936507936507937e-07
2021-06-04,AMZN,160.31100463867188,0.0060095641643640885,0.008795303383016323,7.936507936507937e-07
2021-06-07,AMZN,159.90049743652344,-0.0025639767739557943,-0.0007970562694215079,7.936507936507937e-07
2021-06-08,AMZN,163.20550537109375,0.02045844509486988,0.00017500954944121158,7.936507936507937e-07
2021-06-09,AMZN,164.0574951171875,0.005206770515708458,-0.0018255325906156837,1.1904761904761904e-06
2021-06-10,AMZN,167.4824981689453,0.020661910893956897,0.004641454776462911,1.1904761904761904e-06
2021-06-11,AMZN,167.3415069580078,-0.0008421810689315857,0.0019465389328083601,1.1904761904761904e-06
2021-06-14,AMZN,169.19349670410156,0.011006334685231454,0.0018135563851361702,1.1904761904761904e-06
2021-06-15,AMZN,169.156494140625,-0.00021872359760794925,-0.00201371995427588,1.1904761904761904e-06
2021-06-16,AMZN,170.7624969482422,0.009449397061352359,-0.005404703747026491,1.5873015873015873e-06
2021-06-17,AMZN,174.46200561523438,0.02143330072900694,-0.00043581054367264766,1.5873015873015873e-06
2021-06-18,AMZN,174.34500122070312,-0.000670883305820527,-0.013211355687284158,1.984126984126984e-06
2021-06-21,AMZN,172.697998046875,-0.009491708765252797,0.013905163512319857,1.984126984126984e-06
2021-06-22,AMZN,175.27200317382812,0.014794678093753032,0.005111406378990611,1.5873015873015873e-06
2021-06-23,AMZN,175.1909942626953,-0.00046229652298874693,-0.0010838705186495853,1.984126984126984e-06
2021-06-24,AMZN,172.45399475097656,-0.015746270765313524,0.005794429545916893,1.984126984126984e-06
2021-06-25,AMZN,170.072998046875,-0.013902758645549816,0.003325063164687565,2.3809523809523808e-06
2021-06-28,AMZN,172.1945037841797,0.012396928694551673,0.0023122888604717494,1.984126984126984e-06
2021-06-29,AMZN,172.40699768066406,0.0012332733462509843,0.0002772977426878152,1.5873015873015873e-06
2021-06-30,AMZN,172.00799560546875,-0.0023169853895690052,0.0013272784229071918,1.984126984126984e-06
2021-07-01,AMZN,171.64849853515625,-0.002092189192267082,0.005208041432254744,1.984126984126984e-06
2021-07-02,AMZN,175.5489959716797,0.02246941064938596,0.007472095894691671,1.984126984126984e-06
2021-07-06,AMZN,183.78700256347656,0.04585930904650017,-0.0020239027700217787,1.984126984126984e-06
2021-07-07,AMZN,184.82899475097656,0.0056535525885647525,0.0033533465536629346,1.984126984126984e-06
2021-07-08,AMZN,186.57049560546875,0.009378115281815287,-0.008597881009556396,2.3809523809523808e-06
2021-07-09,AMZN,185.9669952392578,-0.0032399471675578434,0.011214825902413766,2.3809523809523808e-06
2021-07-12,AMZN,185.9275054931641,-0.00021237069203424127,0.0034452326955940497,1.984126984126984e-06
2021-07-13,AMZN,183.8679962158203,-0.011138754050319846,-0.0035230111811655838,1.984126984126984e-06
2021-07-14,AMZN,184.08399963378903,0.0011740849089997769,0.0011642565654693257,2.3809523809523808e-06
2021-07-15,AMZN,181.55999755859372,-0.013806009042966375,-0.0032675735627459117,1.984126984126984e-06
2021-07-16,AMZN,178.68150329589844,-0.015981254351190344,-0.007567415006813217,1.984126984126984e-06
2021-07-19,AMZN,177.47950744628906,-0.006749758546577603,-0.015996781399983978,1.984126984126984e-06
2021-07-20,AMZN,178.6595001220703,0.006626609097477396,0.0150488060047999,1.984126984126984e-06
2021-07-21,AMZN,179.25999450683594,0.0033554749445127334,0.008208041662144044,1.984126984126984e-06
2021-07-22,AMZN,181.9015045166016,0.014628121323518116,0.0020146392092429753,1.984126984126984e-06
2021-07-23,AMZN,182.83200073242188,0.005102345801164657,0.010094332386254415,1.984126984126984e-06
2021-07-26,AMZN,184.99099731445312,0.011739458318775493,0.0023793669227295928,1.984126984126984e-06
2021-07-27,AMZN,181.3195037841797,-0.02004647134574264,-0.004723583382178003,1.984126984126984e-06
2021-07-28,AMZN,181.51600646972656,0.0010831503488784933,-0.000186279231552706,1.984126984126984e-06
2021-07-29,AMZN,179.99600219726562,-0.00840919910387896,0.004197331845272641,2.3809523809523808e-06
2021-07-30,AMZN,166.37950134277344,-0.07866330887549154,-0.005420713608261166,2.3809523809523808e-06
2021-08-02,AMZN,166.57400512695312,0.0011683541547145397,-0.001844505670060361,1.984126984126984e-06
2021-08-03,AMZN,168.31199645996094,0.010379692962522098,0.008169961338918062,1.984126984126984e-06
2021-08-04,AMZN,167.73599243164062,-0.003428109147843768,-0.004643150661295458,1.984126984126984e-06
2021-08-05,AMZN,168.79949951171875,0.006320347457217287,0.005987485990419113,1.984126984126984e-06
2021-08-06,AMZN,167.2469940185547,-0.009239891315900388,0.0016738645485288822,2.3809523809523808e-06
2021-08-09,AMZN,167.093505859375,-0.0009181548153357011,-0.0009403502649549345,2.3809523809523808e-06
2021-08-10,AMZN,166.03399658203125,-0.006361004973165342,0.0009921869538634502,1.984126984126984e-06
2021-08-11,AMZN,164.60549926757812,-0.008640868502137664,0.0012749307180154837,1.984126984126984e-06
2021-08-12,AMZN,165.1750030517578,0.0034538388189029033,0.00413780773547866,2.3809523809523808e-06
2021-08-13,AMZN,164.69850158691406,-0.0028889970825907705,0.0016060163209228441,2.3809523809523808e-06
2021-08-16,AMZN,164.94949340820312,0.0015227871766333222,0.0026174222619943593,2.3809523809523808e-06
2021-08-17,AMZN,162.09800720214844,-0.017438191452478862,-0.007085743507137991,2.7777777777777783e-06
2021-08-18,AMZN,160.06100463867188,-0.012646113476257194,-0.01080665284525433,2.7777777777777783e-06
2021-08-19,AMZN,159.3874969482422,-0.004216696494284563,0.001255903256156918,2.3809523809523808e-06
2021-08-20,AMZN,159.99749755859375,0.0038198497898503034,0.00810860389074176,1.984126984126984e-06
2021-08-23,AMZN,163.2935028076172,0.02039103748353467,0.008487667984412181,1.984126984126984e-06
2021-08-24,AMZN,165.28900146484375,0.012146253464241655,0.0014946188019620721,1.984126984126984e-06
2021-08-25,AMZN,164.95899963378906,-0.0019985098458953207,0.00221765740325088,2.3809523809523808e-06
2021-08-26,AMZN,165.8000030517578,0.005085305152845157,-0.0058419498276026565,1.984126984126984e-06
2021-08-27,AMZN,167.48150634765625,0.010090674197310714,0.008769071540452218,1.984126984126984e-06
2021-08-30,AMZN,171.07850646972656,0.021249618004886027,0.0042973241068746,1.984126984126984e-06
2021-08-31,AMZN,173.5395050048828,0.014282714711431693,-0.0013500269158932096,1.5873015873015873e-06
2021-09-01,AMZN,173.9499969482422,0.0023626160329893353,0.00031164006095334113,1.984126984126984e-06
2021-09-02,AMZN,173.156005859375,-0.004574927931495782,0.002838605754404257,1.984126984126984e-06
2021-09-03,AMZN,173.90249633789062,0.004301820154126882,-0.0003350872611813474,1.984126984126984e-06
2021-09-07,AMZN,175.46449279785156,0.008941925919554996,-0.0034013524523203464,1.984126984126984e-06
2021-09-08,AMZN,176.27499389648438,0.004608538783881409,-0.001319436813816666,1.984126984126984e-06
2021-09-09,AMZN,174.20799255371094,-0.011795296134862758,-0.004616247150002522,1.5873015873015873e-06
2021-09-10,AMZN,173.45750427246094,-0.004317307606338972,-0.0077525522862761,1.984126984126984e-06
2021-09-13,AMZN,172.85850524902344,-0.0034592661286029646,0.002273900346369644,2.3809523809523808e-06
2021-09-14,AMZN,172.5,-0.0020761346389200496,-0.005763213966258604,1.5873015873015873e-06
2021-09-15,AMZN,173.7895050048828,0.007447589064120205,0.008438294222079725,1.5873015873015873e-06
2021-09-16,AMZN,174.41200256347656,0.003575505609499879,-0.0015523447127638308,1.5873015873015873e-06
2021-09-17,AMZN,173.12600708007812,-0.007400637151307249,-0.0091526302757993,1.5873015873015873e-06
2021-09-20,AMZN,167.7864990234375,-0.03132736193754281,-0.017123077726381844,1.5873015873015873e-06
2021-09-21,AMZN,167.18150329589844,-0.0036122637458179565,-0.0008126886585469564,1.1904761904761904e-06
2021-09-22,AMZN,169.00250244140625,0.010833453848678572,0.009474585224220084,1.1904761904761904e-06
2021-09-23,AMZN,170.8000030517578,0.010579777062858911,0.012061680369935969,1.1904761904761904e-06
2021-09-24,AMZN,171.2760009765625,0.0027829969154169873,0.0014599428113642636,1.1904761904761904e-06
2021-09-27,AMZN,170.2899932861328,-0.005773469524888403,-0.002780243920187674,1.5873015873015873e-06
2021-09-28,AMZN,165.79800415039062,-0.026732621677354657,-0.020574317739894057,1.5873015873015873e-06
2021-09-29,AMZN,165.05599975585938,-0.004485396155336227,0.0015679543362838073,1.5873015873015873e-06
2021-09-30,AMZN,164.2519989013672,-0.004882981617736262,-0.011981202945014901,1.5873015873015873e-06
2021-10-01,AMZN,164.16299438476562,-0.0005420246980202862,0.011425952113334161,1.5873015873015873e-06
2021-10-04,AMZN,159.48899841308594,-0.02888485808454832,-0.013070952048643704,1.5873015873015873e-06
2021-10-05,AMZN,161.0500030517578,0.009739950346903852,0.010469517498601526,1.5873015873015873e-06
2021-10-06,AMZN,163.10049438476562,0.012651646071788683,0.004094399349624824,1.5873015873015873e-06
2021-10-07,AMZN,165.1215057373047,0.012315060502089633,0.008264039225065405,1.984126984126984e-06
2021-10-08,AMZN,164.43099975585938,-0.004190573462060326,-0.0019155566024214522,1.984126984126984e-06
2021-10-11,AMZN,162.31500244140625,-0.012952121105274618,-0.006889441644339833,1.984126984126984e-06
2021-10-12,AMZN,162.3665008544922,0.0003172241904451794,-0.0024197056865549256,2.3809523809523808e-06
2021-10-13,AMZN,164.21400451660156,0.011314351840536129,0.0030179558702319183,1.984126984126984e-06
2021-10-14,AMZN,164.9929962158203,0.004732543058962018,0.016919162285711567,1.984126984126984e-06
2021-10-15,AMZN,170.4510040283203,0.03254486320029431,0.007432520637190081,1.984126984126984e-06
2021-10-18,AMZN,172.33700561523438,0.01100400576947037,0.0033690878018038262,2.3809523809523808e-06
2021-10-19,AMZN,172.20750427246094,-0.0007517249304827118,0.007366142784235753,1.984126984126984e-06
2021-10-20,AMZN,170.7530059814453,-0.00848206698962188,0.003657333598560689,1.984126984126984e-06
2021-10-21,AMZN,171.75050354003906,0.005824760045406363,0.002991393168360022,2.3809523809523808e-06
2021-10-22,AMZN,166.77749633789062,-0.029382296136388146,-0.0010731292246643565,2.3809523809523808e-06
2021-10-25,AMZN,166.01849365234375,-0.004561377086082202,0.004736959440853509,2.3809523809523808e-06
2021-10-26,AMZN,168.80349731445312,0.016636110939323188,0.0018181414322441137,2.3809523809523808e-06
2021-10-27,AMZN,169.62449645996094,0.004851848967382222,-0.0050643703711055294,2.3809523809523808e-06
2021-10-28,AMZN,172.32850646972656,0.01581542696620515,0.009781288424184026,2.3809523809523808e-06
2021-10-29,AMZN,168.6215057373047,-0.021745984346714802,0.0019474372317175562,1.984126984126984e-06
2021-11-01,AMZN,165.90550231933594,-0.01623822909338356,0.0017984589459023885,1.984126984126984e-06
2021-11-02,AMZN,165.6374969482422,-0.0016167159617979095,0.003673607120388547,1.984126984126984e-06
2021-11-03,AMZN,169.1999969482422,0.021279781969291613,0.00644049461289024,1.984126984126984e-06
2021-11-04,AMZN,173.85000610351562,0.02711146442608225,0.004173222342817036,1.5873015873015873e-06
2021-11-05,AMZN,175.94949340820312,0.012004091021206855,0.003725850045284445,1.984126984126984e-06
2021-11-08,AMZN,174.44900512695312,-0.008564519878774466,0.0008873940607025194,2.3809523809523808e-06
2021-11-09,AMZN,178.81149291992188,0.024699674045048896,-0.0035049109264001276,1.5873015873015873e-06
2021-11-10,AMZN,174.1024932861328,-0.026687971077505174,-0.008259842163861058,1.984126984126984e-06
2021-11-11,AMZN,173.625,-0.0027463665972794556,0.0005507883329889288,1.984126984126984e-06
2021-11-12,AMZN,176.25750732421875,0.015048234458080111,0.007196697564130407,1.984126984126984e-06
2021-11-15,AMZN,177.28399658203125,0.005806911669058077,-1.0739878017001878e-05,1.984126984126984e-06
2021-11-16,AMZN,177.03500366210938,-0.001405473377029005,0.0038577790571266367,1.984126984126984e-06
2021-11-17,AMZN,177.4499969482422,0.0023413880700420314,-0.0026050154828958787,1.984126984126984e-06
2021-11-18,AMZN,184.8029937744141,0.04060149725970322,0.0033790647401719144,1.984126984126984e-06
2021-11-19,AMZN,183.82850646972656,-0.0052870662112904825,-0.001399644604988097,1.984126984126984e-06
2021-11-22,AMZN,178.6284942626953,-0.02869509488188082,-0.003202258316960725,1.984126984126984e-06
2021-11-23,AMZN,179.0019989013672,0.002088774763957146,0.001655761383195201,2.3809523809523808e-06
2021-11-24,AMZN,179.02049255371094,0.00010331000315118602,0.0022912237766672798,2.3809523809523808e-06
2021-11-26,AMZN,175.22799682617188,-0.021412317856405228,-0.022987011159321162,2.3809523809523808e-06
2021-11-29,AMZN,178.07850646972656,0.016136535670027943,0.013113836082824229,2.3809523809523808e-06
2021-11-30,AMZN,175.35350036621094,-0.015420562086679022,-0.019143381187850562,1.984126984126984e-06
2021-12-01,AMZN,172.18600463867188,-0.018228623739821467,-0.011885541457955926,2.3809523809523808e-06
2021-12-02,AMZN,171.8679962158203,-0.001848596514633391,0.014094638396057768,1.984126984126984e-06
2021-12-03,AMZN,169.489501953125,-0.013935728778151546,-0.00848445514173865,2.3809523809523808e-06
2021-12-06,AMZN,171.36849975585938,0.011025217696555534,0.011662599309686139,2.3809523809523808e-06
2021-12-07,AMZN,176.1645050048828,0.027602038798318594,0.020495603186252546,2.3809523809523808e-06
2021-12-08,AMZN,176.1580047607422,-3.689939734869626e-05,0.003080535586585806,2.7777777777777783e-06
2021-12-09,AMZN,174.17100524902344,-0.011343741238858878,-0.007206988232523656,2.3809523809523808e-06
2021-12-10,AMZN,172.21200561523438,-0.011311296797986634,0.009503769118209724,2.3809523809523808e-06
2021-12-13,AMZN,169.5675048828125,-0.015475202151186945,-0.009178158342793815,1.984126984126984e-06
2021-12-14,AMZN,169.0915069580078,-0.002811076756339546,-0.0074987228546236715,1.984126984126984e-06
2021-12-15,AMZN,173.31500244140625,0.024670732493370397,0.016216267351890877,2.3809523809523808e-06
2021-12-16,AMZN,168.87100219726562,-0.02597563931621664,-0.008781863311112446,1.984126984126984e-06
2021-12-17,AMZN,170.0175018310547,0.006766260845510533,-0.01034096458405368,1.984126984126984e-06
2021-12-20,AMZN,167.07899475097656,-0.01743466066061881,-0.01145339832325659,2.7777777777777783e-06
2021-12-21,AMZN,170.41700744628906,0.01978169533389277,0.017621755385195486,2.7777777777777783e-06
2021-12-22,AMZN,171.03700256347656,0.003631503982249459,0.010128728029127596,3.1746031746031746e-06
2021-12-23,AMZN,171.06849670410156,0.00018411946479317587,0.006204412685251626,3.1746031746031746e-06
2021-12-27,AMZN,169.66949462890625,-0.008211646321395375,0.013744051573605864,2.3809523809523808e-06
2021-12-28,AMZN,170.66099548339844,0.005826710732445391,-0.0010106653988873737,2.3809523809523808e-06
2021-12-29,AMZN,169.2010040283203,-0.008591725101779567,0.0014009134018576786,1.984126984126984e-06
2021-12-30,AMZN,168.64450073242188,-0.003294427727342962,-0.002994233841904309,1.984126984126984e-06
2021-12-31,AMZN,166.7169952392578,-0.011495217795266778,-0.0026296343734744394,2.3809523809523808e-06
2022-01-03,AMZN,170.4044952392578,0.021877258953900566,0.006353824170388397,3.5714285714285714e-06
2022-01-04,AMZN,167.52200317382812,-0.017060289689663746,-0.0006298202522032699,3.1746031746031746e-06
2022-01-05,AMZN,164.35699462890625,-0.019073846316683307,-0.019583264304501073,3.5714285714285714e-06
2022-01-06,AMZN,163.25399780273438,-0.006733601858714689,-0.0009642337401809882,3.968253968253968e-06
2022-01-07,AMZN,162.5540008544922,-0.004296997177475961,-0.004058441082336512,3.968253968253968e-06
2022-01-10,AMZN,161.48599243164062,-0.006591854785116594,-0.0014420705375388979,5.158730158730158e-06
2022-01-11,AMZN,165.36199951171875,0.023718602439306714,0.009118286452399373,4.7619047619047615e-06
2022-01-12,AMZN,165.20700073242188,-0.0009377696670975312,0.0028137920146670695,4.7619047619047615e-06
2022-01-13,AMZN,161.21400451660156,-0.024466534551061184,-0.014346029234400533,4.7619047619047615e-06
2022-01-14,AMZN,162.13800048828125,0.005715124523055335,0.0008196442695905652,5.158730158730158e-06
2022-01-18,AMZN,158.91749572753906,-0.02006265472349509,-0.0185591053980085,6.746031746031747e-06
2022-01-19,AMZN,156.2989959716797,-0.016614359071245203,-0.009736790941460195,6.746031746031747e-06
2022-01-20,AMZN,151.66749572753906,-0.030080217077818206,-0.011098742304330734,7.142857142857143e-06
2022-01-21,AMZN,142.64300537109375,-0.06134555364691525,-0.019095995324635427,6.746031746031747e-06
2022-01-24,AMZN,144.54400634765625,0.01323896043083007,0.0027679047582695165,7.936507936507936e-06
2022-01-25,AMZN,139.98599243164062,-0.03204163984338447,-0.012246590556866267,7.936507936507936e-06
2022-01-26,AMZN,138.87249755859375,-0.007986135126473034,-0.0014977569258856588,7.5396825396825394e-06
2022-01-27,AMZN,139.6374969482422,0.005493528624727967,-0.005398635199970923,7.936507936507936e-06
2022-01-28,AMZN,143.97799682617188,0.030610731040560255,0.024055967914736694,7.5396825396825394e-06
2022-01-31,AMZN,149.57350158691406,0.038127433338896885,0.018709826222984446,9.523809523809523e-06
2022-02-01,AMZN,151.19349670410156,0.01077253018259915,0.006839560348317067,7.936507936507936e-06
2022-02-02,AMZN,150.6125030517578,-0.0038501180924552735,0.009378400448324454,7.936507936507936e-06
2022-02-03,AMZN,138.8455047607422,-0.08134849507057183,-0.024693471720120656,8.333333333333332e-06
2022-02-04,AMZN,157.63949584960938,0.1269489157684572,0.005143678439863626,9.126984126984127e-06
2022-02-07,AMZN,157.9355010986328,0.001875974577811346,-0.003708580927828488,1.1111111111111113e-05
2022-02-08,AMZN,161.4134979248047,0.02178265381683596,0.00836611346663433,1.0714285714285714e-05
2022-02-09,AMZN,161.1894989013672,-0.0013886979453967615,0.014412842079264784,1.0714285714285714e-05
2022-02-10,AMZN,159.0034942626953,-0.013654506185153747,-0.01828182448505601,1.6269841269841268e-05
2022-02-11,AMZN,153.2935028076172,-0.03657177570139793,-0.019151682638086528,1.4682539682539683e-05
2022-02-14,AMZN,155.16700744628906,0.012147601490993106,-0.0038479907556283146,1.785714285714286e-05
2022-02-15,AMZN,156.510498046875,0.008621083638872947,0.015643717646064172,1.6269841269841268e-05
2022-02-16,AMZN,158.10049438476562,0.010107783346743868,0.0008808197202838003,1.5476190476190476e-05
2022-02-17,AMZN,154.65249633789062,-0.022050230393006458,-0.021400504136936647,1.4682539682539683e-05
2022-02-18,AMZN,152.60150146484375,-0.013350682834785058,-0.007191961663866342,1.3888888888888888e-05
2022-02-22,AMZN,150.19749450683594,-0.01587889987657254,-0.010194735435016016,1.5476190476190476e-05
2022-02-23,AMZN,144.82699584960938,-0.03641116014436802,-0.018583735748788438,1.4285714285714285e-05
2022-02-24,AMZN,151.35800170898438,0.04410800497645022,0.014846105252724002,1.3095238095238094e-05
2022-02-25,AMZN,153.7884979248047,0.01593036537376894,0.022126080551265786,1.3095238095238094e-05
2022-02-28,AMZN,153.56300354003906,-0.0014673390183547882,-0.0024455914631261143,1.4682539682539683e-05
2022-03-01,AMZN,151.14199829101562,-0.015891148369833387,-0.015594467786613053,1.2698412698412699e-05
2022-03-02,AMZN,152.05250549316406,0.006006111112644554,0.018471046780652183,1.3095238095238094e-05
2022-03-03,AMZN,147.89849853515625,-0.02769967430173762,-0.005268520744245652,1.4682539682539683e-05
2022-03-04,AMZN,145.64100646972656,-0.015381483821486462,-0.007965684543001903,1.3095238095238094e-05
2022-03-07,AMZN,137.4530029296875,-0.05786267214586164,-0.029962586814416495,1.5079365079365079e-05
2022-03-08,AMZN,136.01449584960938,-0.010520594620232346,-0.007260043975698096,1.4285714285714285e-05
2022-03-09,AMZN,139.2790069580078,0.023717698424230754,0.025373598122141117,1.5079365079365079e-05
2022-03-10,AMZN,146.8175048828125,0.052711186532696214,-0.004301049920247209,1.5079365079365079e-05
2022-03-11,AMZN,145.52450561523438,-0.008845856240147519,-0.013046278933238144,1.5476190476190476e-05
2022-03-14,AMZN,141.85299682617188,-0.025553208143987614,-0.007448675095533314,1.785714285714286e-05
2022-03-15,AMZN,147.3665008544922,0.03813139923769891,0.021182629724144964,1.8253968253968254e-05
2022-03-16,AMZN,153.10400390625,0.03819476755459102,0.022136921648393443,1.7063492063492063e-05
2022-03-17,AMZN,157.23899841308594,0.02664947618554765,0.012272205068700267,1.5873015873015872e-05
2022-03-18,AMZN,161.25050354003906,0.025192147663773066,0.011594814411888112,1.6269841269841268e-05
2022-03-21,AMZN,161.4915008544922,0.001493436589994942,-0.0004347548543014596,2.1825396825396827e-05
2022-03-22,AMZN,164.88900756835938,0.020820051155123028,0.011240699554074212,2.023809523809524e-05
2022-03-23,AMZN,163.4080047607422,-0.009022396175222974,-0.012348630252495208,1.984126984126984e-05
2022-03-24,AMZN,163.64950561523438,0.0014768099843156708,0.014242012281618024,1.984126984126984e-05
2022-03-25,AMZN,164.77349853515625,0.0068448147304497955,0.005053380704237665,2.1031746031746032e-05
2022-03-28,AMZN,168.99049377441406,0.02527066880086216,0.007119551020042568,2.380952380952381e-05
2022-03-29,AMZN,169.31500244140625,0.0019184362663260243,0.01218204410139109,2.2222222222222227e-05
2022-03-30,AMZN,166.30099487304688,-0.017961531171231216,-0.006313588999088777,2.1825396825396827e-05
2022-03-31,AMZN,162.99749755859375,-0.020064520292900095,-0.015776335226881762,2.023809523809524e-05
2022-04-01,AMZN,163.55999755859375,0.0034450322821231614,0.0034044209614630277,2.0634920634920633e-05
2022-04-04,AMZN,168.34649658203125,0.02884445449723015,0.008058382532133647,2.6587301587301588e-05
2022-04-05,AMZN,164.05499267578125,-0.025822642256601212,-0.01263115907400537,2.5793650793650796e-05
2022-04-06,AMZN,158.75599670410156,-0.03283328123701215,-0.009764433912479721,2.6587301587301588e-05
2022-04-07,AMZN,157.7845001220703,-0.0061382328144399005,0.004244365552037262,2.6984126984126987e-05
2022-04-08,AMZN,154.4604949951172,-0.021291810941382657,-0.0026545466755523947,2.738095238095238e-05
2022-04-11,AMZN,151.1219940185547,-0.021850949776512304,-0.017021334584696127,3.095238095238095e-05
2022-04-12,AMZN,150.78750610351562,-0.0022158166719546393,-0.0034233005304522353,2.9365079365079366e-05
2022-04-13,AMZN,155.54100036621094,0.031037763445815297,0.011112603268901934,2.9761904761904762e-05
2022-04-14,AMZN,151.7064971923828,-0.024961650159491106,-0.012218480383508163,3.095238095238095e-05
2022-04-18,AMZN,152.78500366210938,0.007084013688019547,-0.0002048892724065068,3.2539682539682536e-05
2022-04-19,AMZN,158.11549377441406,0.034294010908479985,0.01593004474938665,3.2539682539682536e-05
2022-04-20,AMZN,153.9980010986328,-0.026386116801539967,-0.0006186664061825758,3.2539682539682536e-05
2022-04-21,AMZN,148.29600524902344,-0.03772931062801116,-0.014862855551311067,3.2539682539682536e-05
2022-04-22,AMZN,144.35000610351562,-0.026969363430673157,-0.028132076377366966,3.2539682539682536e-05
2022-04-25,AMZN,146.07400512695312,0.011872429325306142,0.0056817651441118085,3.690476190476191e-05
2022-04-26,AMZN,139.39100646972656,-0.046830397470919216,-0.028550008928597752,3.333333333333333e-05
2022-04-27,AMZN,138.16700744628906,-0.008819827903123646,0.0020958490249645954,3.2539682539682536e-05
2022-04-28,AMZN,144.59649658203125,0.045483928748159326,0.024445655340832175,3.214285714285715e-05
2022-04-29,AMZN,124.28150177001952,-0.15139791287665308,-0.03695915978469415,3.2936507936507936e-05
2022-05-02,AMZN,124.5,0.0017565476902947816,0.005659199293818601,3.571428571428572e-05
2022-05-03,AMZN,124.25350189208984,-0.001981867083020741,0.004825465075359521,3.571428571428572e-05
2022-05-04,AMZN,125.92849731445312,0.013390415419768674,0.029425221557325833,3.4920634920634925e-05
2022-05-05,AMZN,116.40699768066406,-0.07862161321968106,-0.03630067756409906,3.333333333333333e-05
2022-05-06,AMZN,114.77249908447266,-0.014140750847553027,-0.00569038441395277,3.333333333333333e-05
2022-05-09,AMZN,108.78900146484376,-0.05354166033985849,-0.03256151953960419,3.650793650793651e-05
2022-05-10,AMZN,108.85900115966795,0.0006432376717787577,0.002454881760409255,3.531746031746032e-05
2022-05-11,AMZN,105.37200164794922,-0.032556515700991315,-0.016600232095697796,3.571428571428572e-05
2022-05-12,AMZN,106.93049621582033,0.01468209351950873,-0.0012968049941124407,3.76984126984127e-05
2022-05-13,AMZN,113.05500030517578,0.05569537333818581,0.023589267956869442,4.0079365079365075e-05
2022-05-16,AMZN,110.8105010986328,-0.020052883582188548,-0.003954208517722458,4.2460317460317464e-05
2022-05-17,AMZN,115.36849975585938,0.04030980601090871,0.01996891958146264,4.2063492063492065e-05
2022-05-18,AMZN,107.1125030517578,-0.07425163860523787,-0.041233809291248875,4.047619047619048e-05
2022-05-19,AMZN,107.31900024414062,0.0019259973748420684,-0.005850864777347809,4.1269841269841266e-05
2022-05-20,AMZN,107.59100341796876,0.0025313230136678384,0.0001461310919903067,4.0079365079365075e-05
2022-05-23,AMZN,107.55699920654295,-0.00031610064973083124,0.018384995412060758,4.2460317460317464e-05
2022-05-24,AMZN,104.0999984741211,-0.03266897126205667,-0.008153950903558081,4.166666666666667e-05
2022-05-25,AMZN,106.7750015258789,0.025371870055026394,0.009406385648931585,4.166666666666667e-05
2022-05-26,AMZN,111.07749938964844,0.03950431937060653,0.019688166007720866,4.2063492063492065e-05
2022-05-27,AMZN,115.14649963378906,0.0359770770988458,0.024441130195822013,4.2063492063492065e-05
2022-05-31,AMZN,120.20950317382812,0.043030852834664374,-0.006294135193666945,4.484126984126984e-05
2022-06-01,AMZN,121.68399810791016,0.01219142464906909,-0.007510905041155451,4.444444444444445e-05
2022-06-02,AMZN,125.51100158691406,0.030965911805553418,0.018263225415545106,4.484126984126984e-05
2022-06-03,AMZN,122.3499984741211,-0.0255076393596147,-0.016482405609817057,4.642857142857142e-05
2022-06-06,AMZN,124.79000091552734,0.01974655443905197,0.003132489407036025,4.880952380952381e-05
2022-06-07,AMZN,123.0,-0.014447976483889591,0.00947833153171984,4.9206349206349204e-05
2022-06-08,AMZN,121.18000030517578,-0.014907309337206952,-0.010852623040155319,4.96031746031746e-05
2022-06-09,AMZN,116.1500015258789,-0.042394573681651705,-0.02408645766515553,5e-05
2022-06-10,AMZN,109.6500015258789,-0.057588983573757455,-0.029542414811409477,5.3174603174603176e-05
2022-06-13,AMZN,103.66999816894533,-0.056080729107119705,-0.03953993199003993,6.706349206349206e-05
2022-06-14,AMZN,102.30999755859376,-0.013205363644664271,-0.003780818039489633,7.063492063492064e-05
2022-06-15,AMZN,107.66999816894533,0.05106358079343476,0.014487058836534478,6.706349206349206e-05
2022-06-16,AMZN,103.66000366210938,-0.03795462873180655,-0.033052207113840666,6.111111111111111e-05
2022-06-17,AMZN,106.22000122070312,0.02439607839682275,0.0021984473410133873,6.26984126984127e-05
2022-06-21,AMZN,108.68000030517578,0.022895360879700146,0.024182474960671992,6.587301587301587e-05
2022-06-22,AMZN,108.9499969482422,0.0024812460138330314,-0.0013024200953574458,6.230158730158731e-05
2022-06-23,AMZN,112.44000244140624,0.031530734371298275,0.00948707248555652,6.30952380952381e-05
2022-06-24,AMZN,116.45999908447266,0.03512809079637107,0.030105539729901033,6.587301587301587e-05
2022-06-27,AMZN,113.22000122070312,-0.02821501915746544,-0.0029774998903406716,6.944444444444444e-05
2022-06-28,AMZN,107.4000015258789,-0.0527726431080026,-0.0203486731494949,6.944444444444444e-05
2022-06-29,AMZN,108.91999816894533,0.01405345471235089,-0.0007119988201726959,6.865079365079365e-05
2022-06-30,AMZN,106.20999908447266,-0.0251953932810785,-0.008797866246367652,6.587301587301587e-05
2022-07-01,AMZN,109.55999755859376,0.031054064397665036,0.010498511296639174,6.587301587301587e-05
2022-07-05,AMZN,113.5,0.03533051481031728,0.0015828751061934918,7.380952380952382e-05
2022-07-06,AMZN,114.33000183105467,0.007286182647943523,0.003566795705066178,7.341269841269842e-05
2022-07-07,AMZN,116.33000183105467,0.017341975999450154,0.014853723180930391,7.500000000000001e-05
2022-07-08,AMZN,115.54000091552734,-0.006814197291832041,-0.00083061639612735,7.579365079365079e-05
2022-07-11,AMZN,111.75,-0.03335256478334072,-0.011594417660525545,8.452380952380952e-05
2022-07-12,AMZN,109.22000122070312,-0.022900025593117632,-0.00928686849749371,8.571428571428571e-05
2022-07-13,AMZN,110.4000015258789,0.0107459397638012,-0.00446686411181668,9.246031746031747e-05
2022-07-14,AMZN,110.62999725341795,0.002081127555719166,-0.003003138812764307,9.246031746031747e-05
2022-07-15,AMZN,113.5500030517578,0.026052020207380393,0.01901923165863364,9.087301587301587e-05
2022-07-18,AMZN,113.76000213623048,0.0018476894058664548,-0.008398742485835936,9.682539682539682e-05
2022-07-19,AMZN,118.20999908447266,0.03837171118403459,0.02725351764373082,9.761904761904762e-05
2022-07-20,AMZN,122.7699966430664,0.037849962832112935,0.0058784939410571665,9.682539682539682e-05
2022-07-21,AMZN,124.62999725341795,0.015036666950921374,0.00981306668950467,9.523809523809524e-05
2022-07-22,AMZN,122.41999816894533,-0.01789158533462613,-0.009376287293813849,9.563492063492063e-05
2022-07-25,AMZN,121.13999938964844,-0.010510843951367733,0.001314302973305868,0.00010119047619047618
2022-07-26,AMZN,114.80999755859376,-0.05366832967343505,-0.011610342599263359,9.841269841269841e-05
2022-07-27,AMZN,120.97000122070312,0.05226402422174644,0.025820048778629066,9.404761904761906e-05
2022-07-28,AMZN,122.27999877929688,0.0107708959770675,0.012060319791912806,9.325396825396825e-05
2022-07-29,AMZN,134.9499969482422,0.09859082981024253,0.014107775781753557,9.285714285714285e-05
2022-08-01,AMZN,135.38999938964844,0.003255181148895761,-0.002827076544916728,9.841269841269841e-05
2022-08-02,AMZN,134.16000366210938,-0.009126353187385704,-0.00668468837887098,9.841269841269841e-05
2022-08-03,AMZN,139.52000427246094,0.03917484597170419,0.015517456270090707,9.682539682539682e-05
2022-08-04,AMZN,142.57000732421875,0.0216251677554199,-0.0007776424495837734,9.563492063492063e-05
2022-08-05,AMZN,140.8000030517578,-0.012492693140300751,-0.0016270690189191196,9.841269841269841e-05
2022-08-08,AMZN,139.41000366210938,-0.009921207364734218,-0.0012383171221209141,0.00010198412698412697
2022-08-09,AMZN,137.8300018310547,-0.011398203042398835,-0.004257744235926498,0.00010238095238095239
2022-08-10,AMZN,142.69000244140625,0.03465340706112098,0.021067158460407496,0.00010158730158730159
2022-08-11,AMZN,140.63999938964844,-0.014471032455294032,-0.0007057229222018175,0.0001
2022-08-12,AMZN,143.5500030517578,0.020479998229218345,0.017174046951492668,0.0001003968253968254
2022-08-15,AMZN,143.17999267578125,-0.0025808990121560286,0.003961684056233163,0.00010436507936507936
2022-08-16,AMZN,144.77999877929688,0.011112811619446402,0.0018739228259478625,0.00010357142857142856
2022-08-17,AMZN,142.10000610351562,-0.018684262378250237,-0.007264114867648021,0.00010277777777777778
2022-08-18,AMZN,142.3000030517578,0.0014064484864398943,0.0022669896063847975,0.00010357142857142856
2022-08-19,AMZN,138.22999572753906,-0.02901859297383289,-0.012983928713038868,0.00010476190476190476
2022-08-22,AMZN,133.22000122070312,-0.03691702741982209,-0.021632366466494565,0.00010873015873015873
2022-08-23,AMZN,133.6199951171875,0.002998007806707862,-0.002240370434437464,0.00010753968253968253
2022-08-24,AMZN,133.8000030517578,0.001346256547678855,0.002911916698724165,0.00010833333333333334
2022-08-25,AMZN,137.27999877929688,0.025676456345101635,0.013993241836107048,0.0001103174603174603
2022-08-26,AMZN,130.75,-0.04873552390255167,-0.03426857631703952,0.0001103174603174603
2022-08-29,AMZN,129.7899932861328,-0.00736939497405998,-0.0066886751973248065,0.00011468253968253969
2022-08-30,AMZN,128.72999572753906,-0.00820055348874808,-0.011089416492117008,0.00011428571428571428
2022-08-31,AMZN,126.7699966430664,-0.01534276001209404,-0.007847738208153028,0.00011388888888888889
2022-09-01,AMZN,127.81999969482422,0.008248627364462172,0.0029917522671948716,0.00011428571428571428
2022-09-02,AMZN,127.51000213623048,-0.002428212185707112,-0.010794552570724387,0.0001130952380952381
2022-09-06,AMZN,126.11000061035156,-0.011040262841267405,-0.004103464690895143,0.00011746031746031746
2022-09-07,AMZN,129.47999572753906,0.026371849253352748,0.018174848666169877,0.00011825396825396825
2022-09-08,AMZN,129.82000732421875,0.002622535962612139,0.006588966880442448,0.00011785714285714286
2022-09-09,AMZN,133.27000427246094,0.02622824562673727,0.01515601498121106,0.00011825396825396825
2022-09-12,AMZN,136.4499969482422,0.023581047138634757,0.010528651483995635,0.0001226190476190476
2022-09-13,AMZN,126.81999969482422,-0.07318946892343868,-0.04419916303197406,0.00012658730158730157
2022-09-14,AMZN,128.5500030517578,0.013549201586232946,0.003381289078844715,0.00012460317460317462
2022-09-15,AMZN,126.27999877929688,-0.017816303428596674,-0.011382272168149512,0.0001238095238095238
2022-09-16,AMZN,123.52999877929688,-0.02201762235626526,-0.007208049775663175,0.00012301587301587303
2022-09-19,AMZN,124.66000366210938,0.009106029090597056,0.006833697724705768,0.00013055555555555555
2022-09-20,AMZN,122.19000244140624,-0.020012830448643784,-0.011336114736600402,0.00012936507936507936
2022-09-21,AMZN,118.54000091552734,-0.030326766225786016,-0.01726467409850635,0.00012738095238095236
2022-09-22,AMZN,117.30999755859376,-0.010430481377003647,-0.008463293830453985,0.00012658730158730157
2022-09-23,AMZN,113.77999877929688,-0.030553234112175812,-0.017382828767330778,0.0001238095238095238
2022-09-26,AMZN,115.1500015258789,0.011968890924047326,-0.010394360890280502,0.00013095238095238096
2022-09-27,AMZN,114.41000366210938,-0.00644711979642255,-0.0021226109548247284,0.00012936507936507936
2022-09-28,AMZN,118.01000213623048,0.030980865018271533,0.019481144181152356,0.00013055555555555555
2022-09-29,AMZN,114.8000030517578,-0.027577874271049487,-0.0213527948230975,0.00012936507936507936
2022-09-30,AMZN,113.0,-0.015803691756381223,-0.0151813515462093,0.00012777777777777776
2022-10-03,AMZN,115.87999725341795,0.025167330486858045,0.02555457753093017,0.00013253968253968253
2022-10-04,AMZN,121.08999633789062,0.043978891324203705,0.030125341416799834,0.00013174603174603174
2022-10-05,AMZN,120.9499969482422,-0.0011568286989315974,-0.0020199875589381176,0.00013214285714285715
2022-10-06,AMZN,120.3000030517578,-0.005388563475942685,-0.010297922911395202,0.00013174603174603174
2022-10-07,AMZN,114.55999755859376,-0.04888996644735069,-0.028403196531478058,0.00013134920634920634
2022-10-10,AMZN,113.66999816894533,-0.007799184311071454,-0.007520673133652772,0.00013134920634920634
2022-10-11,AMZN,112.20999908447266,-0.012927390072384172,-0.006540518412323781,0.00014007936507936508
2022-10-12,AMZN,112.9000015258789,0.006130377153208065,-0.0032961996501662937,0.00014126984126984127
2022-10-13,AMZN,112.52999877929688,-0.0032826427568259787,0.025634259307631132,0.00014444444444444446
2022-10-14,AMZN,106.9000015258789,-0.05132600960921381,-0.023947120744528417,0.00014484126984126984
2022-10-17,AMZN,113.79000091552734,0.06246082010978991,0.026135524557561848,0.00015158730158730158
2022-10-18,AMZN,116.36000061035156,0.022334186457693587,0.011362768207087462,0.00015436507936507937
2022-10-19,AMZN,115.06999969482422,-0.011148202689094493,-0.006694455239684375,0.00015515873015873016
2022-10-20,AMZN,115.25,0.0015630456934787908,-0.007982686738766696,0.00015515873015873016
2022-10-21,AMZN,119.31999969482422,0.03470527521216521,0.023447759860447268,0.00015476190476190475
2022-10-24,AMZN,119.81999969482422,0.0041816570199037775,0.011811940205111494,0.00015873015873015873
2022-10-25,AMZN,120.5999984741211,0.006488657531862419,0.01613577001587496,0.00015753968253968254
2022-10-26,AMZN,115.66000366210938,-0.04182438724790477,-0.007415140398989885,0.00015634920634920635
2022-10-27,AMZN,110.95999908447266,-0.04148511663717591,-0.006101185053184453,0.00015674603174603175
2022-10-28,AMZN,103.41000366210938,-0.07046806314523207,0.024328036770856338,0.00015833333333333335
2022-10-31,AMZN,102.44000244140624,-0.009424419446504316,-0.007482327030336412,0.0001611111111111111
2022-11-01,AMZN,96.79000091552734,-0.056733592543970986,-0.0041096637203590055,0.0001611111111111111
2022-11-02,AMZN,92.12000274658205,-0.04945158785215427,-0.025319843737482882,0.0001603174603174603
2022-11-03,AMZN,89.30000305175781,-0.031090582711074753,-0.010642422531956597,0.0001611111111111111
2022-11-04,AMZN,90.9800033569336,0.018638216982674413,0.013526823285563951,0.0001595238095238095
2022-11-07,AMZN,90.52999877929688,-0.004958465035960488,0.00956806167935914,0.0001634920634920635
2022-11-08,AMZN,89.9800033569336,-0.006093813282808144,0.005582282828760321,0.00016269841269841268
2022-11-09,AMZN,86.13999938964844,-0.043613588180190316,-0.020996784712303443,0.00016309523809523812
2022-11-10,AMZN,96.62999725341795,0.1149153510471296,0.05395251566479769,0.0001623015873015873
2022-11-11,AMZN,100.79000091552734,0.042149929862782536,0.009198312304769028,0.0001623015873015873
2022-11-14,AMZN,98.48999786376952,-0.023084154958510558,-0.008975940544918012,0.00016507936507936506
2022-11-15,AMZN,98.94000244140624,0.004558631983396615,0.008675376414669186,0.00016428571428571428
2022-11-16,AMZN,97.12000274658205,-0.01856627488370557,-0.008286283111873759,0.00016428571428571428
2022-11-17,AMZN,94.8499984741211,-0.02365067529774173,-0.0030941046442292835,0.00016388888888888887
2022-11-18,AMZN,94.13999938964844,-0.007513650804188213,0.00474729564815821,0.00016468253968253969
2022-11-21,AMZN,92.45999908447266,-0.018006920831346168,-0.003891249800275618,0.00016785714285714288
2022-11-22,AMZN,93.1999969482422,0.007971580289157953,0.01348860626982839,0.00016706349206349207
2022-11-23,AMZN,94.12999725341795,0.009929087433161404,0.0058972660417383116,0.00016706349206349207
2022-11-25,AMZN,93.41000366210938,-0.007678331291085061,-0.0002830842622024787,0.00016746031746031745
2022-11-28,AMZN,93.9499969482422,0.0057642482872482335,-0.015564696794064813,0.0001706349206349206
2022-11-29,AMZN,92.41999816894533,-0.016419307746887702,-0.0015931337016243704,0.00016944444444444442
2022-11-30,AMZN,96.54000091552734,0.043614054085946284,0.030478643521294944,0.00016944444444444442
2022-12-01,AMZN,95.5,-0.010831192229061232,-0.0008680098296065889,0.00016746031746031745
2022-12-02,AMZN,94.12999725341795,-0.014449471106160716,-0.001195374663761461,0.00016746031746031745
2022-12-05,AMZN,91.01000213623048,-0.03370736231877902,-0.01805624963097222,0.00016944444444444442
2022-12-06,AMZN,88.25,-0.03079571824833874,-0.014503869422986057,0.00016944444444444442
2022-12-07,AMZN,88.45999908447266,0.002376766277155038,-0.001864107253381664,0.0001666666666666667
2022-12-08,AMZN,90.3499984741211,0.021140538059143867,0.007493634413933237,0.00016547619047619047
2022-12-09,AMZN,89.08999633789062,-0.014043946522882085,-0.0073767194642132125,0.0001662698412698413
2022-12-12,AMZN,90.5500030517578,0.016255164405059457,0.01417830729965003,0.00017023809523809523
2022-12-13,AMZN,92.48999786376952,0.021198289437405628,0.007263223255457212,0.00016904761904761904
2022-12-14,AMZN,91.58000183105467,-0.009887580246293281,-0.006071116623835963,0.00016785714285714288
2022-12-15,AMZN,88.44999694824219,-0.03477554111983294,-0.02523747790182607,0.00016746031746031745
2022-12-16,AMZN,87.86000061035156,-0.006692740608663019,-0.011200239946011676,0.0001666666666666667
2022-12-19,AMZN,84.91999816894531,-0.03403503022155705,-0.0090483289411038,0.00016984126984126986
2022-12-20,AMZN,85.19000244140625,0.003174469440173832,0.001036800697890769,0.00016865079365079366
2022-12-21,AMZN,86.7699966430664,0.018376816404560806,0.014758548669054294,0.00016746031746031745
2022-12-22,AMZN,83.79000091552734,-0.034947221566029855,-0.014557142498145655,0.00016825396825396826
2022-12-23,AMZN,85.25,0.017274436611979943,0.005850952271915072,0.00016785714285714288
2022-12-27,AMZN,83.04000091552734,-0.026265685720911106,-0.004057844034659477,0.00017261904761904762
2022-12-28,AMZN,81.81999969482422,-0.014800721671305868,-0.012093470442948605,0.00017261904761904762
2022-12-29,AMZN,84.18000030517578,0.028435658196292006,0.01731063431499432,0.00017222222222222224
2022-12-30,AMZN,84.0,-0.002140568124387558,-0.002543975646110833,0.0001706349206349206
2023-01-03,AMZN,85.81999969482422,0.021435277164066735,-0.004008572481273608,0.00017460317460317462
2023-01-04,AMZN,85.13999938964844,-0.007955122776173124,0.007510694562138916,0.000175
2023-01-05,AMZN,83.12000274658203,-0.02401157339665977,-0.011713869136457158,0.00017896825396825398
2023-01-06,AMZN,86.08000183105469,0.0349917378504728,0.02258383558903089,0.00017896825396825398
2023-01-09,AMZN,87.36000061035156,0.014760401298199752,-0.0007679273259905782,0.00018055555555555555
2023-01-10,AMZN,89.87000274658203,0.028326693248784427,0.006953997970593733,0.00018134920634920636
2023-01-11,AMZN,95.08999633789062,0.05645956080731301,0.012767571192293676,0.00018134920634920636
2023-01-12,AMZN,95.2699966430664,0.0018911574433712077,0.0034100849120427303,0.00017857142857142857
2023-01-13,AMZN,98.12000274658205,0.0294763168996709,0.003988892144656051,0.00017896825396825398
2023-01-17,AMZN,96.0500030517578,-0.021322326395198862,-0.002032555430996314,0.00018095238095238093
2023-01-18,AMZN,95.45999908447266,-0.006161619000101003,-0.01568496697774467,0.00018015873015873017
2023-01-19,AMZN,93.68000030517578,-0.018822579439957077,-0.007667671901812428,0.00018055555555555555
2023-01-20,AMZN,97.25,0.037400259951453026,0.01874167355235196,0.00018134920634920636
2023-01-23,AMZN,97.5199966430664,0.0027724682514327437,0.011811315951328555,0.00018174603174603174
2023-01-24,AMZN,96.31999969482422,-0.012381472357830799,-0.0007117563642918193,0.00018134920634920636
2023-01-25,AMZN,97.18000030517578,0.008888953725914,-0.00018174157346566321,0.00018095238095238093
2023-01-26,AMZN,99.22000122070312,0.020774687057825685,0.010947708029114303,0.00018055555555555555
2023-01-27,AMZN,102.23999786376952,0.029983350559053976,0.002491734021703855,0.00018134920634920636
2023-01-30,AMZN,100.5500030517578,-0.016667823165641346,-0.013053569315292663,0.00018214285714285712
2023-01-31,AMZN,103.12999725341795,0.025335155126435763,0.014536304416419527,0.00018174603174603174
2023-02-01,AMZN,105.1500015258789,0.0193976149644124,0.01039805629688473,0.00018015873015873017
2023-02-02,AMZN,112.91000366210938,0.07120315696615197,0.014592384626854379,0.00017976190476190476
2023-02-03,AMZN,103.38999938964844,-0.08808283393109906,-0.010408592637285455,0.00018134920634920636
2023-02-06,AMZN,102.18000030517578,-0.011772272805910223,-0.006159393193939262,0.00018214285714285712
2023-02-07,AMZN,102.11000061035156,-0.0006852973444615529,0.012790364037397075,0.00018214285714285712
2023-02-08,AMZN,100.0500030517578,-0.02038057801277048,-0.011142573012411353,0.00018214285714285712
2023-02-09,AMZN,98.23999786376952,-0.018256648878253772,-0.008869009831037385,0.00018412698412698412
2023-02-10,AMZN,97.61000061035156,-0.006433489213979846,0.0021928557092171274,0.00018492063492063493
2023-02-13,AMZN,99.54000091552734,0.019579629188155288,0.011383569951155146,0.0001857142857142857
2023-02-14,AMZN,99.6999969482422,0.0016060637303955492,-0.0002804538554937624,0.0001853174603174603
2023-02-15,AMZN,101.16000366210938,0.014537811644538115,0.002769337533076689,0.00018492063492063493
2023-02-16,AMZN,98.1500015258789,-0.03020652173405669,-0.013884689204881605,0.0001865079365079365
2023-02-17,AMZN,97.1999969482422,-0.009726256199159627,-0.0027712421722827342,0.0001865079365079365
2023-02-21,AMZN,94.58000183105467,-0.027324623494127544,-0.020244783973471698,0.0001873015873015873
2023-02-22,AMZN,95.79000091552734,0.012712248376870747,-0.0015747954856433837,0.0001869047619047619
2023-02-23,AMZN,95.81999969482422,0.0003131233176392935,0.005315278263237728,0.0001869047619047619
2023-02-24,AMZN,93.5,-0.024509991975448668,-0.010593464619774184,0.0001873015873015873
2023-02-27,AMZN,93.76000213623048,0.002776912318089041,0.0030682925395522777,0.00018809523809523813
2023-02-28,AMZN,94.2300033569336,0.005000289230826088,-0.0030406198309477117,0.0001873015873015873
2023-03-01,AMZN,92.16999816894533,-0.02210395970404292,-0.004736464203492832,0.0001876984126984127
2023-03-02,AMZN,92.12999725341795,-0.0004340848307001873,0.0075535937311959735,0.00018809523809523813
2023-03-03,AMZN,94.9000015258789,0.029623128385877155,0.01601874917648306,0.00018809523809523813
2023-03-06,AMZN,93.75,-0.012192056844170188,0.0006869307788483012,0.00018888888888888888
2023-03-07,AMZN,93.5500030517578,-0.0021355795087460443,-0.015445590479262547,0.00019325396825396824
2023-03-08,AMZN,93.91999816894533,0.003947251242114644,0.0014137941356032722,0.00019404761904761905
2023-03-09,AMZN,92.25,-0.017941053663252313,-0.018631857945482354,0.00019325396825396824
2023-03-10,AMZN,90.7300033569336,-0.016614182739941783,-0.01458396943606664,0.00019166666666666667
2023-03-13,AMZN,92.43000030517578,0.01856350439768763,-0.001510901840738768,0.0001865079365079365
2023-03-14,AMZN,94.87999725341795,0.026161301723076753,0.016342388235363665,0.0001869047619047619
2023-03-15,AMZN,96.1999969482422,0.013816419647147053,-0.007005363929353597,0.00018214285714285712
2023-03-16,AMZN,100.04000091552734,0.03914078921242471,0.017409576249031722,0.00018134920634920636
2023-03-17,AMZN,98.9499969482422,-0.010955473953869642,-0.011080621273953702,0.00017301587301587302
2023-03-20,AMZN,97.70999908447266,-0.012610742620752562,0.008878869635940853,0.00018452380952380955
2023-03-21,AMZN,100.61000061035156,0.029247763784060337,0.012898647518559103,0.00018333333333333334
2023-03-22,AMZN,98.6999969482422,-0.019166746850565648,-0.016600248639842885,0.00018373015873015874
2023-03-23,AMZN,98.70999908447266,0.0001013336349731114,0.0029800838691824228,0.00018134920634920636
2023-03-24,AMZN,98.12999725341795,-0.005893146925693609,0.005623963084303207,0.00018134920634920636
2023-03-27,AMZN,98.04000091552734,-0.0009175342309669643,0.0016455995637670831,0.0001884920634920635
2023-03-28,AMZN,97.23999786376952,-0.008193440518932924,-0.0015750832883878866,0.00018412698412698412
2023-03-29,AMZN,100.25,0.03048493870739539,0.014136870775046802,0.00018412698412698412
2023-03-30,AMZN,102.0,0.017305747097592427,0.005698999199482652,0.00019047619047619048
2023-03-31,AMZN,103.29000091552734,0.012567761597929928,0.014333327782036555,0.0001857142857142857
2023-04-03,AMZN,102.41000366210938,-0.008556175035560798,0.003692022565802823,0.00018928571428571426
2023-04-04,AMZN,103.9499969482422,0.014925585099441844,-0.005813839745162529,0.00018809523809523813
2023-04-05,AMZN,101.0999984741211,-0.027799874012425067,-0.002495481657121423,0.0001873015873015873
2023-04-06,AMZN,102.05999755859376,0.009450740780884159,0.0035727731328032467,0.00018928571428571426
2023-04-10,AMZN,102.16999816894533,0.001077222967143844,0.0009958070170100843,0.00019603174603174606
2023-04-11,AMZN,99.91999816894533,-0.022268227189569913,-4.135333298352082e-05,0.00019404761904761905
2023-04-12,AMZN,97.83000183105467,-0.02113855030607884,-0.0041434563234613855,0.00019325396825396824
2023-04-13,AMZN,102.4000015258789,0.04565543032053212,0.013175510497831548,0.00019642857142857144
2023-04-14,AMZN,102.51000213623048,0.0010736481279814353,-0.0020715175845779886,0.00019761904761904763
2023-04-17,AMZN,102.73999786376952,0.0022411286119837716,0.0033007035826147536,0.0002007936507936508
2023-04-18,AMZN,102.3000030517578,-0.004291801457498827,0.0008548548034659753,0.0002
2023-04-19,AMZN,104.3000030517578,0.01936168847711433,-8.426554793962826e-05,0.0001988095238095238
2023-04-20,AMZN,103.80999755859376,-0.00470910957902097,-0.005970335188311131,0.0001972222222222222
2023-04-21,AMZN,106.95999908447266,0.029892642547029304,0.0009027812573008861,0.00019761904761904763
2023-04-24,AMZN,106.20999908447266,-0.007036666520682404,0.0008512167782723126,0.0002
2023-04-25,AMZN,102.56999969482422,-0.03487276836944828,-0.01593718381857645,0.0001972222222222222
2023-04-26,AMZN,104.9800033569336,0.023224398457013323,-0.0038485835033448754,0.0001984126984126984
2023-04-27,AMZN,109.81999969482422,0.04507277127081395,0.019377193402696356,0.00019960317460317463
2023-04-28,AMZN,105.4499969482422,-0.04060578108740084,0.008219331313243467,0.00019642857142857144
2023-05-01,AMZN,102.0500030517578,-0.032773958824064836,-0.0003861810485107871,0.00020238095238095236
2023-05-02,AMZN,103.62999725341795,0.01536391753200235,-0.011653906680571788,0.00020158730158730158
2023-05-03,AMZN,103.6500015258789,0.00019301691085360208,-0.007022908054892971,0.00020198412698412699
2023-05-04,AMZN,104.0,0.0033710455381283566,-0.007244913455062742,0.00020238095238095236
2023-05-05,AMZN,105.66000366210938,0.015835527254169667,0.018306166381879797,0.00020238095238095236
2023-05-08,AMZN,105.83000183105467,0.0016076240119395433,0.0004520264848820656,0.0002043650793650794
2023-05-09,AMZN,106.62000274658205,0.007437086747609702,-0.004589938949059595,0.00020357142857142856
2023-05-10,AMZN,110.19000244140624,0.032935033500925935,0.004473942241914432,0.00020158730158730158
2023-05-11,AMZN,112.18000030517578,0.01789855614458502,-0.0016980648897067581,0.0002
2023-05-12,AMZN,110.26000213623048,-0.017263494264582263,-0.0015845615894390477,0.00020158730158730158
2023-05-15,AMZN,111.1999969482422,0.008489121836596263,0.002953797680316935,0.0002007936507936508
2023-05-16,AMZN,113.4000015258789,0.019591050376757332,-0.006398107681917463,0.0002011904761904762
2023-05-17,AMZN,115.5,0.018349125212474244,0.011820688622071574,0.00020238095238095236
2023-05-18,AMZN,118.1500015258789,0.022684486585828632,0.009400723063727155,0.00020396825396825393
2023-05-19,AMZN,116.25,-0.01621197208021114,-0.0014469138806754414,0.00020317460317460318
2023-05-22,AMZN,115.01000213623048,-0.010723944788673759,0.00015502267980239146,0.00020793650793650794
2023-05-23,AMZN,114.98999786376952,-0.00017395019575132932,-0.011285468768284297,0.00020555555555555556
2023-05-24,AMZN,116.75,0.015189747065966132,-0.007345512678305211,0.00020674603174603175
2023-05-25,AMZN,115.0,-0.01510276818575663,0.008719456079011883,0.00020674603174603175
2023-05-26,AMZN,120.11000061035156,0.04347586628475364,0.012964680931640788,0.00020476190476190477
2023-05-30,AMZN,121.66000366210938,0.012822304345733589,1.660313066576836e-05,0.0002095238095238095
2023-05-31,AMZN,120.58000183105467,-0.008916850747085097,-0.006127358186214099,0.00020873015873015873
2023-06-01,AMZN,122.7699966430664,0.01799921060282327,0.009806215085853812,0.00020793650793650794
2023-06-02,AMZN,124.25,0.011983006127262639,0.014429812390107408,0.00020753968253968256
2023-06-05,AMZN,125.3000030517578,0.008415221280893044,-0.002005591490657713,0.00020634920634920637
2023-06-06,AMZN,126.61000061035156,0.010400614095252173,0.002351130233850576,0.00020555555555555556
2023-06-07,AMZN,121.2300033569336,-0.043421904903774046,-0.003819293926420617,0.00020476190476190477
2023-06-08,AMZN,124.25,0.02460606952762862,0.00616957160752325,0.00020317460317460318
2023-06-09,AMZN,123.43000030517578,-0.006621468748440394,0.0011474010230505239,0.0002027777777777778
2023-06-12,AMZN,126.56999969482422,0.025121316164936732,0.00927797498175416,0.00020396825396825393
2023-06-13,AMZN,126.66000366210938,0.0007108476079609743,0.006908570725908898,0.0002027777777777778
2023-06-14,AMZN,126.41999816894533,-0.0018966774409431106,0.0008190899801265841,0.00020238095238095236
2023-06-15,AMZN,127.11000061035156,0.005443175548084132,0.012104580493589997,0.0002011904761904762
2023-06-16,AMZN,125.48999786376952,-0.012826801009233037,-0.0036783764677510893,0.00020198412698412699
2023-06-20,AMZN,125.77999877929688,0.002308282311188502,-0.004746353835236048,0.00020396825396825393
2023-06-21,AMZN,124.83000183105467,-0.007581513078945958,-0.005259086366925201,0.0002043650793650794
2023-06-22,AMZN,130.14999389648438,0.04173475821321792,0.0037039303873345254,0.0002043650793650794
2023-06-23,AMZN,129.3300018310547,-0.006320292959406817,-0.007688288056502158,0.0002043650793650794
2023-06-26,AMZN,127.33000183105467,-0.015585135619426043,-0.004496934363132171,0.00020793650793650794
2023-06-27,AMZN,129.17999267578125,0.014424567940817595,0.01139073352418076,0.00020595238095238096
2023-06-28,AMZN,129.0399932861328,-0.0010843421189455317,-0.0003541393883898215,0.00020555555555555556
2023-06-29,AMZN,127.9000015258789,-0.008873661272556729,0.00446356811449,0.00020634920634920637
2023-06-30,AMZN,130.36000061035156,0.01905113813636069,0.0121943502618858,0.00020515873015873015
2023-07-03,AMZN,130.22000122070312,-0.0010745214685311468,0.0011699930926736418,0.00020674603174603175
2023-07-05,AMZN,130.3800048828125,0.0012279637641415527,-0.0019702580976127164,0.00020674603174603175
2023-07-06,AMZN,128.36000061035156,-0.015614479950363446,-0.007954061175894762,0.00020753968253968256
2023-07-07,AMZN,129.77999877929688,0.011001878790426247,-0.002869212795733482,0.00020714285714285713
2023-07-10,AMZN,127.12999725341795,-0.020630536429565176,0.002402138610626312,0.00020833333333333332
2023-07-11,AMZN,128.77999877929688,0.01289534927354134,0.006719583998254874,0.00020833333333333332
2023-07-12,AMZN,130.8000030517578,0.015563949723523061,0.007383905235389679,0.00020793650793650794
2023-07-13,AMZN,134.3000030517578,0.026406663898050423,0.008434482989627111,0.00020793650793650794
2023-07-14,AMZN,134.67999267578125,0.0028254136578632553,-0.001024932196907484,0.00020833333333333332
2023-07-17,AMZN,133.55999755859375,-0.008350743114511814,0.0038479695744204137,0.00020873015873015873
2023-07-18,AMZN,132.8300018310547,-0.005480667866621605,0.007092066941428338,0.00020833333333333332
2023-07-19,AMZN,135.36000061035156,0.01886777143765127,0.002355134827233639,0.00020873015873015873
2023-07-20,AMZN,129.9600067138672,-0.04071113790508541,-0.006779827396257691,0.00020873015873015873
2023-07-21,AMZN,130.0,0.000307687993656272,0.0003240420146130911,0.0002091269841269841
2023-07-24,AMZN,128.8000030517578,-0.009273613091557636,0.004026038496874852,0.0002095238095238095
2023-07-25,AMZN,129.1300048828125,0.002558849307688174,0.0028107195758387046,0.0002095238095238095
2023-07-26,AMZN,128.14999389648438,-0.007618281489535843,-0.00015545097867591856,0.0002095238095238095
2023-07-27,AMZN,128.25,0.0007800788687019062,-0.006445393055197076,0.0002095238095238095
2023-07-28,AMZN,132.2100067138672,0.030410134252966122,0.009829375810433848,0.0002095238095238095
2023-07-31,AMZN,133.67999267578125,0.0110572111941032,0.0014676354365687912,0.0002095238095238095
2023-08-01,AMZN,131.69000244140625,-0.014998135236778893,-0.0026686453076827116,0.0002091269841269841
2023-08-02,AMZN,128.2100067138672,-0.026781097330387048,-0.013936200638336184,0.0002091269841269841
2023-08-03,AMZN,128.91000366210938,0.005444917932495522,-0.0025512254502915274,0.0002091269841269841
2023-08-04,AMZN,139.57000732421875,0.07945180513430172,-0.0053141693739379705,0.0002095238095238095
2023-08-07,AMZN,142.22000122070312,0.018808843040995626,0.008983618964856572,0.00020992063492063494
2023-08-08,AMZN,139.94000244140625,-0.016161386274731373,-0.004227205100058866,0.00021031746031746032
2023-08-09,AMZN,137.85000610351562,-0.01504759501753799,-0.007063619102045116,0.0002095238095238095
2023-08-10,AMZN,138.55999755859375,0.005137245447970533,0.00025068252108086326,0.0002095238095238095
2023-08-11,AMZN,138.41000366210938,-0.0010831058272496987,-0.0010702648992294865,0.0002095238095238095
2023-08-14,AMZN,140.57000732421875,0.015485316080358403,0.005734004879419051,0.00020992063492063494
2023-08-15,AMZN,137.6699981689453,-0.020846133672850414,-0.011618139396096483,0.00020992063492063494
2023-08-16,AMZN,135.07000732421875,-0.019066286976507706,-0.007584081792624527,0.00020992063492063494
2023-08-17,AMZN,133.97999572753906,-0.008102713606702033,-0.0077428113775290805,0.00020992063492063494
2023-08-18,AMZN,133.22000122070312,-0.005688597043229265,-0.00014871788395720285,0.0002095238095238095
2023-08-21,AMZN,134.67999267578125,0.010899633762398327,0.006855634859799785,0.00021031746031746032
2023-08-22,AMZN,134.25,-0.003197806521519639,-0.0027813310465456837,0.00021031746031746032
2023-08-23,AMZN,135.52000427246094,0.009415529041193322,0.010984330710791359,0.00021031746031746032
2023-08-24,AMZN,131.83999633789062,-0.027530224045928062,-0.01354935398400801,0.0002107142857142857
2023-08-25,AMZN,133.25999450683594,0.010713027528748599,0.006695501060295156,0.0002119047619047619
2023-08-28,AMZN,133.13999938964844,-0.0009008643247144191,0.006245078594196461,0.0002119047619047619
2023-08-29,AMZN,134.91000366210938,0.013206715007284348,0.014404068712056505,0.00021150793650793651
2023-08-30,AMZN,135.07000732421875,0.00118530020246871,0.003825854181192944,0.00021111111111111113
2023-08-31,AMZN,138.00999450683594,0.021532889699268778,-0.0015982129743398576,0.00021111111111111113
2023-09-01,AMZN,138.1199951171875,0.0007967306725371615,0.001797512765518541,0.00021031746031746032
2023-09-05,AMZN,137.27000427246094,-0.006173016781758742,-0.004202997821381205,0.00021111111111111113
2023-09-06,AMZN,135.36000061035156,-0.014011920021062172,-0.006996014491432261,0.0002107142857142857
2023-09-07,AMZN,137.85000610351562,0.018228281379293984,-0.003216433115732967,0.00021031746031746032
2023-09-08,AMZN,138.22999572753906,0.0027527518216119884,0.0014256060622570594,0.0002107142857142857
2023-09-11,AMZN,143.10000610351562,0.03462479564658769,0.006700951498135517,0.00021111111111111113
2023-09-12,AMZN,141.22999572753906,-0.013153992385327589,-0.005712169023003997,0.00021111111111111113
2023-09-13,AMZN,144.85000610351562,0.02530902952298205,0.0012408621175346041,0.0002107142857142857
2023-09-14,AMZN,144.72000122070312,-0.0008979168301894522,0.00839458553366625,0.0002107142857142857
2023-09-15,AMZN,140.38999938964844,-0.03037658988565322,-0.012234145842493929,0.00021111111111111113
2023-09-18,AMZN,139.97999572753906,-0.0029247348968620985,0.0007210276941755188,0.0002107142857142857
2023-09-19,AMZN,137.6300048828125,-0.016930564270193287,-0.0021533273615331264,0.0002107142857142857
2023-09-20,AMZN,135.2899932861328,-0.01714838747973992,-0.009439204206291041,0.00021150793650793651
2023-09-21,AMZN,129.3300018310547,-0.04505328140436448,-0.016536918318488084,0.00021150793650793651
2023-09-22,AMZN,129.1199951171875,-0.0016251248796010811,-0.0022982374027607495,0.00021111111111111113
2023-09-25,AMZN,131.27000427246094,0.01651413665688319,0.0040149942038066174,0.0002123015873015873
2023-09-26,AMZN,125.9800033569336,-0.04113311252209692,-0.014844165482264943,0.0002119047619047619
2023-09-27,AMZN,125.9800033569336,0.0,0.00022928777229479233,0.0002119047619047619
2023-09-28,AMZN,125.9800033569336,0.0,0.005875877143000698,0.00021111111111111113
2023-09-29,AMZN,127.12000274658205,0.009008352994332959,-0.002713259648289315,0.00021111111111111113
2023-10-02,AMZN,129.4600067138672,0.018240461143240468,7.936440615299324e-05,0.0002123015873015873
2023-10-03,AMZN,124.72000122070312,-0.0373007704408456,-0.013839395863449198,0.0002123015873015873
2023-10-04,AMZN,127.0,0.018115851921521226,0.008077047607828946,0.0002119047619047619
2023-10-05,AMZN,125.95999908447266,-0.008222697494164894,-0.0013048811469951228,0.0002119047619047619
2023-10-06,AMZN,127.95999908447266,0.015753318962097584,0.011745642093961117,0.0002126984126984127
2023-10-09,AMZN,128.25999450683594,0.0023417029658428425,0.006284068119387409,0.0002126984126984127
2023-10-10,AMZN,129.47999572753906,0.00946698516860395,0.005194476099985354,0.0002119047619047619
2023-10-11,AMZN,131.8300018310547,0.017986831598422272,0.004283819500095073,0.0002119047619047619
2023-10-12,AMZN,132.3300018310547,0.003785588962598881,-0.006266024940654918,0.0002123015873015873
2023-10-13,AMZN,129.7899932861328,-0.019381108651019514,-0.005031495660219892,0.0002123015873015873
2023-10-16,AMZN,132.5500030517578,0.021042247787508333,0.010538642302589985,0.0002119047619047619
2023-10-17,AMZN,131.47000122070312,-0.008181257764936053,-9.824987944376507e-05,0.0002123015873015873
2023-10-18,AMZN,128.1300048828125,-0.025733286363791553,-0.013490408251151898,0.0002119047619047619
2023-10-19,AMZN,128.39999389648438,0.00210493209093831,-0.008519032328057976,0.00021150793650793651
2023-10-20,AMZN,125.16999816894533,-0.0254775450093018,-0.012665149196155915,0.0002107142857142857
2023-10-23,AMZN,126.55999755859376,0.011043686017449744,-0.0016869920654349177,0.00021111111111111113
2023-10-24,AMZN,128.55999755859375,0.015679217710014463,0.0072395235196288195,0.0002107142857142857
2023-10-25,AMZN,121.38999938964844,-0.057387204557163146,-0.014443434657238052,0.00021111111111111113
2023-10-26,AMZN,119.56999969482422,-0.015106526502479031,-0.011903081205584871,0.00021111111111111113
2023-10-27,AMZN,127.73999786376952,0.06609496003096173,-0.00481183857862075,0.00021111111111111113
2023-10-30,AMZN,132.7100067138672,0.03816941562949805,0.011938474300285915,0.00021150793650793651
2023-10-31,AMZN,133.08999633789062,0.0028592165427562357,0.006454084821688244,0.00021150793650793651
2023-11-01,AMZN,137.0,0.028955362245697565,0.010451194990191868,0.0002107142857142857
2023-11-02,AMZN,138.07000732421875,0.007779930147075702,0.018682938934086474,0.0002095238095238095
2023-11-03,AMZN,138.60000610351562,0.0038312748175106013,0.00934988354455146,0.0002091269841269841
2023-11-06,AMZN,139.74000549316406,0.008191461641482902,0.0017514577241005862,0.00020992063492063494
2023-11-07,AMZN,142.7100067138672,0.021031053723631822,0.0028360934017119537,0.0002095238095238095
2023-11-08,AMZN,142.0800018310547,-0.004424354026475328,0.0010044110324198868,0.0002095238095238095
2023-11-09,AMZN,140.60000610351562,-0.010471269344291862,-0.008116690699068705,0.0002091269841269841
2023-11-10,AMZN,143.55999755859375,0.02083402648617425,0.015495759270772258,0.00020873015873015873
2023-11-13,AMZN,142.58999633789062,-0.006779695661997966,-0.0008361884413700847,0.0002095238095238095
2023-11-14,AMZN,145.8000030517578,0.022262486894446033,0.01889537047457725,0.00020873015873015873
2023-11-15,AMZN,143.1999969482422,-0.017993607290294027,0.0015957382078471765,0.00020873015873015873
2023-11-16,AMZN,142.8300018310547,-0.002587108521031568,0.0011897193967137305,0.00020833333333333332
2023-11-17,AMZN,145.17999267578125,0.016319176713110995,0.0012812279371779871,0.00020833333333333332
2023-11-20,AMZN,146.1300048828125,0.006522368493262836,0.007363103793795633,0.0002091269841269841
2023-11-21,AMZN,143.89999389648438,-0.015378098422388055,-0.002022975931757968,0.00020873015873015873
2023-11-22,AMZN,146.7100067138672,0.01933932343605667,0.004052905094313324,0.0002091269841269841
2023-11-24,AMZN,146.74000549316406,0.00020445580612358505,0.0005966956096450322,0.0002095238095238095
2023-11-27,AMZN,147.72999572753906,0.006723903692254734,-0.0019560693168983586,0.0002095238095238095
2023-11-28,AMZN,147.02999877929688,-0.00474961512561893,0.0009796385280502918,0.0002091269841269841
2023-11-29,AMZN,146.32000732421875,-0.004840585148378569,-0.0009466966151019382,0.00020833333333333332
2023-11-30,AMZN,146.08999633789062,-0.001573209061844679,0.003776931264994605,0.00020833333333333332
2023-12-01,AMZN,147.02999877929688,0.006413794210223246,0.005856558953846637,0.00020753968253968256
2023-12-04,AMZN,144.83999633789062,-0.01500697967354326,-0.005423188063826943,0.00020873015873015873
2023-12-05,AMZN,146.8800048828125,0.013986300502114904,-0.0005690315939348026,0.00020833333333333332
2023-12-06,AMZN,144.52000427246094,-0.016198024273178,-0.003913851944943747,0.00020833333333333332
2023-12-07,AMZN,146.8800048828125,0.016198024273177868,0.007936610684821922,0.00020793650793650794
2023-12-08,AMZN,147.4199981689453,0.003669683224747049,0.0040871341465037936,0.00020793650793650794
2023-12-11,AMZN,145.88999938964844,-0.010432734440314026,0.003916813547781492,0.00020873015873015873
2023-12-12,AMZN,147.47999572753906,0.010839635496016388,0.0045888127956924,0.00020873015873015873
2023-12-13,AMZN,148.83999633789062,0.009179334477907091,0.01355834517501981,0.00020793650793650794
2023-12-14,AMZN,147.4199981689453,-0.009586235533609468,0.002643565185154432,0.00020753968253968256
2023-12-15,AMZN,149.97000122070312,0.01714963889276147,-7.625240044859478e-05,0.00020793650793650794
2023-12-18,AMZN,154.07000732421875,0.026971809898698733,0.004518122263400515,0.00020873015873015873
2023-12-19,AMZN,153.7899932861328,-0.0018191003361762064,0.005849267450818904,0.00020753968253968256
2023-12-20,AMZN,152.1199951171875,-0.01091834083412718,-0.014793147965305628,0.00020793650793650794
2023-12-21,AMZN,153.83999633789062,0.011243426514228085,0.010248769307271876,0.00020714285714285713
2023-12-22,AMZN,153.4199981689453,-0.002733830879625901,0.0016586821527610754,0.00020793650793650794
2023-12-26,AMZN,153.41000366210938,-6.514686816695571e-05,0.004222761046978559,0.00020833333333333332
2023-12-27,AMZN,153.33999633789062,-0.00045644547960358643,0.0014294356164229985,0.00020793650793650794
2023-12-28,AMZN,153.3800048828125,0.00026087992298881607,0.0003701061103271183,0.00020833333333333332
2023-12-29,AMZN,151.94000244140625,-0.009432812028151797,-0.0028304770367338357,0.00020634920634920637
2024-01-02,AMZN,149.92999267578125,-0.013317252487412825,-0.005676660799723162,0.00020714285714285713
2024-01-03,AMZN,148.47000122070312,-0.009785543802100045,-0.008048618327197648,0.00020793650793650794
2024-01-04,AMZN,144.57000732421875,-0.02661905587134582,-0.003434271663317429,0.00020793650793650794
2024-01-05,AMZN,145.24000549316406,0.004623714384981175,0.0018240216394339805,0.00020793650793650794
2024-01-08,AMZN,149.10000610351562,0.026229678338986727,0.014015945436353141,0.00020833333333333332
2024-01-09,AMZN,151.3699951171875,0.015109875810597672,-0.0014789938523175842,0.00020793650793650794
2024-01-10,AMZN,153.72999572753906,0.015470650615520465,0.005649980650495912,0.00020753968253968256
2024-01-11,AMZN,155.17999267578125,0.009387897135060054,-0.0006712808369611647,0.00020753968253968256
2024-01-12,AMZN,154.6199951171875,-0.0036152239546972612,0.0007506937530339595,0.00020714285714285713
2024-01-16,AMZN,153.16000366210938,-0.009487311793446907,-0.0037383190523568345,0.00020714285714285713
2024-01-17,AMZN,151.7100067138672,-0.009512302504832145,-0.005632731271107821,0.00020793650793650794
2024-01-18,AMZN,153.5,0.011729719012639512,0.008766720726243148,0.00020714285714285713
2024-01-19,AMZN,155.33999633789062,0.011915672389449407,0.012238308232548512,0.00020714285714285713
2024-01-22,AMZN,154.77999877929688,-0.003611493461086361,0.0021919211872316853,0.00020714285714285713
2024-01-23,AMZN,156.02000427246094,0.007979485588611064,0.002917115340764486,0.00020674603174603175
2024-01-24,AMZN,156.8699951171875,0.005433174197432314,0.0008115989762168653,0.00020674603174603175
2024-01-25,AMZN,157.75,0.005594095679664069,0.00524657813497798,0.00020674603174603175
2024-01-26,AMZN,159.1199951171875,0.008647102438040672,-0.0006519977554263648,0.00020674603174603175
2024-01-29,AMZN,161.25999450683594,0.013359331333490848,0.007528365505246204,0.00020714285714285713
2024-01-30,AMZN,159.0,-0.014113732972622603,-0.0006008303969786162,0.00020674603174603175
2024-01-31,AMZN,155.1999969482422,-0.024189614134501332,-0.016236851740733683,0.00020714285714285713
2024-02-01,AMZN,159.27999877929688,0.02594906400632865,0.012416286114049784,0.00020714285714285713
2024-02-02,AMZN,171.80999755859375,0.07572554877189726,0.01062777072263312,0.00020753968253968256
2024-02-05,AMZN,170.30999755859375,-0.008768909348284514,-0.0031914247092839714,0.00020714285714285713
2024-02-06,AMZN,169.14999389648438,-0.006834432372405122,0.0023077459317481074,0.00020753968253968256
2024-02-07,AMZN,170.52999877929688,0.008125368023266808,0.008207682594008628,0.00020753968253968256
2024-02-08,AMZN,169.83999633789062,-0.0040544313336464575,0.000570420540090595,0.00020753968253968256
2024-02-09,AMZN,174.4499969482422,0.026781354306300166,0.0057259171287955156,0.00020793650793650794
2024-02-12,AMZN,172.33999633789062,-0.012168901576895616,-0.0009494041426524416,0.00020753968253968256
2024-02-13,AMZN,168.63999938964844,-0.02170298682855135,-0.013768609419845444,0.00020833333333333332
2024-02-14,AMZN,170.97999572753906,0.013780303876272836,0.009534168304216807,0.00020753968253968256
2024-02-15,AMZN,169.8000030517578,-0.006925273760105457,0.00580437267404004,0.00020753968253968256
2024-02-16,AMZN,169.50999450683594,-0.0017094021256489145,-0.0048150435759610425,0.00020793650793650794
2024-02-20,AMZN,167.0800018310547,-0.014439139136134756,-0.0060234264658172495,0.00020793650793650794
2024-02-21,AMZN,168.58999633789062,0.008996959517601153,0.0012634014951035982,0.00020793650793650794
2024-02-22,AMZN,174.5800018310547,0.03491338968982024,0.02090288866640342,0.00020833333333333332
2024-02-23,AMZN,174.99000549316406,0.0023457610294128446,0.000347887026502183,0.00020873015873015873
2024-02-26,AMZN,174.72999572753906,-0.0014869599257995307,-0.003793939244668484,0.00020873015873015873
2024-02-27,AMZN,173.5399932861328,-0.006833819221537168,0.001704895538720964,0.00020833333333333332
2024-02-28,AMZN,173.16000366210938,-0.0021920379551390117,-0.001659531321112244,0.00020793650793650794
2024-02-29,AMZN,176.75999450683594,0.02057680546309288,0.0052154704557999644,0.00020833333333333332
2024-03-01,AMZN,178.22000122070312,0.008225899848415687,0.007975936433387976,0.00020753968253968256
2024-03-04,AMZN,177.5800018310547,-0.0035975271186564546,-0.0011939745749630112,0.00020793650793650794
2024-03-05,AMZN,174.1199951171875,-0.019676533274039055,-0.010245406275917994,0.00020753968253968256
2024-03-06,AMZN,173.50999450683594,-0.0035094856867787733,0.005127932853001643,0.00020793650793650794
2024-03-07,AMZN,176.82000732421875,0.018897104445031784,0.010251402284983627,0.00020793650793650794
2024-03-08,AMZN,175.35000610351562,-0.00834829600574499,-0.006549922992050337,0.00020793650793650794
2024-03-11,AMZN,171.9600067138672,-0.01952208072253206,-0.0011228682680281005,0.00020793650793650794
2024-03-12,AMZN,175.38999938964844,0.01975013161880721,0.011139512586668012,0.00020833333333333332
2024-03-13,AMZN,176.55999755859375,0.006648685830772736,-0.0019263840021219723,0.00020833333333333332
2024-03-14,AMZN,178.75,0.012327433453265669,-0.002875221051495188,0.00020833333333333332
2024-03-15,AMZN,174.4199981689453,-0.02452200827324045,-0.0065040228597376655,0.00020833333333333332
2024-03-18,AMZN,174.47999572753906,0.00034392410567333365,0.006298184238480456,0.00020833333333333332
2024-03-19,AMZN,175.89999389648438,0.008105519638180665,0.00563325304434312,0.00020793650793650794
2024-03-20,AMZN,178.14999389648438,0.01271024074657137,0.008864765516360184,0.00020793650793650794
2024-03-21,AMZN,178.14999389648438,0.0,0.003231309094528888,0.00020833333333333332
2024-03-22,AMZN,178.8699951171875,0.004033399915744371,-0.0014031718343267125,0.00020793650793650794
2024-03-25,AMZN,179.7100067138672,0.00468522019633587,-0.0030596403820319297,0.00020753968253968256
2024-03-26,AMZN,178.3000030517578,-0.007876935918428052,-0.002803721982805726,0.00020714285714285713
2024-03-27,AMZN,179.8300018310547,0.008544428374293455,0.008593595582706042,0.00020714285714285713
2024-03-28,AMZN,180.3800048828125,0.003053793447902987,0.0011158627007616052,0.00020753968253968256
2024-04-01,AMZN,180.97000122070312,0.00326551461029285,-0.0020156145269577246,0.00020753968253968256
2024-04-02,AMZN,180.69000244140625,-0.0015484091821309372,-0.007265388203672426,0.00020714285714285713
2024-04-03,AMZN,182.41000366210935,0.009474051539763172,0.001090527523337898,0.00020714285714285713
2024-04-04,AMZN,180.0,-0.013300069884865783,-0.01241103561926225,0.00020674603174603175
2024-04-05,AMZN,185.07000732421875,0.027777320574842966,0.011038050135699558,0.00020753968253968256
2024-04-08,AMZN,185.19000244140625,0.0006481667921116775,-0.0003747011900415767,0.00020753968253968256
2024-04-09,AMZN,185.6699981689453,0.0025885563003378185,0.0014444494736345207,0.00020753968253968256
2024-04-10,AMZN,185.9499969482422,0.0015069094018642995,-0.009501981832212592,0.00020833333333333332
2024-04-11,AMZN,189.0500030517578,0.016533742520170792,0.007417221983342437,0.00020833333333333332
2024-04-12,AMZN,186.1300048828125,-0.015566165935951603,-0.014657587802248536,0.00020833333333333332
2024-04-15,AMZN,183.6199951171875,-0.013577002419975346,-0.012094195787459195,0.00020833333333333332
2024-04-16,AMZN,183.32000732421875,-0.0016350785294987403,-0.0020586245275039964,0.00020833333333333332
2024-04-17,AMZN,181.27999877929688,-0.011190509048215303,-0.005797375076004185,0.00020833333333333332
2024-04-18,AMZN,179.22000122070312,-0.011428682278624262,-0.0022106017004853043,0.00020833333333333332
2024-04-19,AMZN,174.6300048828125,-0.025944630354616176,-0.008797129654056974,0.00020833333333333332
2024-04-22,AMZN,177.22999572753906,0.01477882204751945,0.00869335115683908,0.00020714285714285713
2024-04-23,AMZN,179.5399932861328,0.0129496869735391,0.01189356656772209,0.00020833333333333332
2024-04-24,AMZN,176.58999633789062,-0.01656734624660272,0.00021298737793290078,0.00020873015873015873
2024-04-25,AMZN,173.6699981689453,-0.016673704471388103,-0.0045869342701194095,0.00020873015873015873
2024-04-26,AMZN,179.6199951171875,0.03368654484295438,0.010157381332325343,0.00020833333333333332
2024-04-29,AMZN,180.9600067138672,0.007432568410519159,0.0031734080766393944,0.00020833333333333332
2024-04-30,AMZN,175.0,-0.03349007554568368,-0.015855551118928123,0.00020833333333333332
2024-05-01,AMZN,179.0,0.022599831917240992,-0.0034413534856316866,0.00020873015873015873
2024-05-02,AMZN,184.72000122070312,0.031455365813882176,0.009087024725084856,0.00020833333333333332
2024-05-03,AMZN,186.2100067138672,0.008033933494385928,0.012478557659508005,0.00020833333333333332
2024-05-06,AMZN,188.6999969482422,0.013283331052944075,0.010273173691247842,0.00020833333333333332
2024-05-07,AMZN,188.75999450683597,0.00031790155490542276,0.0013425282288256131,0.00020833333333333332
2024-05-08,AMZN,188.0,-0.0040343749269230785,-5.835635193424912e-06,0.00020833333333333332
2024-05-09,AMZN,189.5,0.00794706169253194,0.005078032639106711,0.00020833333333333332
2024-05-10,AMZN,187.47999572753903,-0.01071687425686526,0.001648040080166728,0.00020873015873015873
2024-05-13,AMZN,186.57000732421875,-0.00486560722449323,-0.00024133317386520824,0.00020833333333333332
2024-05-14,AMZN,187.07000732421875,0.002676374471979152,0.004826148527454041,0.00020793650793650794
2024-05-15,AMZN,185.9900054931641,-0.005789979151338446,0.01164782778729962,0.00020833333333333332
2024-05-16,AMZN,183.6300048828125,-0.012770048240180923,-0.0020838374740880464,0.00020833333333333332
2024-05-17,AMZN,184.6999969482422,0.005809980560830076,0.0011640956878937513,0.00020833333333333332
2024-05-20,AMZN,183.5399932861328,-0.006300279871404103,0.0009159703084911664,0.00020833333333333332
2024-05-21,AMZN,183.1499938964844,-0.002127134911413819,0.0024987497668926086,0.00020833333333333332
2024-05-22,AMZN,183.1300048828125,-0.00010914608364288576,-0.0027097912093521476,0.00020833333333333332
2024-05-23,AMZN,181.0500030517578,-0.011423056748417279,-0.007408162283471933,0.00020873015873015873
2024-05-24,AMZN,180.75,-0.001658392028660058,0.0069766490766732595,0.00020873015873015873
2024-05-28,AMZN,182.1499938964844,0.007715628907514878,0.00024877090688591537,0.00020873015873015873
2024-05-29,AMZN,182.0200042724609,-0.000713895324699002,-0.007394317215742535,0.00020873015873015873
2024-05-30,AMZN,179.32000732421875,-0.0149446344900467,-0.005992957535754186,0.00020873015873015873
2024-05-31,AMZN,176.44000244140625,-0.01619107105787046,0.007995824231928897,0.00020833333333333332
2024-06-03,AMZN,178.33999633789062,0.010710931098535235,0.0011154602235352391,0.00020873015873015873
2024-06-04,AMZN,179.33999633789062,0.0055916049316681584,0.0015016810037827531,0.00020833333333333332
2024-06-05,AMZN,181.27999877929688,0.010759365441920877,0.011778015849957281,0.00020833333333333332
2024-06-06,AMZN,185.0,0.02031303453242799,-0.00019983660163685183,0.00020833333333333332
2024-06-07,AMZN,184.3000030517578,-0.0037909438439048654,-0.0011158420502790662,0.00020873015873015873
2024-06-10,AMZN,187.05999755859372,0.014864526720523909,0.002577529978240972,0.00020833333333333332
2024-06-11,AMZN,187.22999572753903,0.0009083768397987709,0.0027067148552095224,0.00020833333333333332
2024-06-12,AMZN,186.88999938964844,-0.0018175795783647649,0.008467720241887338,0.00020833333333333332
2024-06-13,AMZN,183.8300018310547,-0.016508777761010902,0.00234191143711672,0.00020833333333333332
2024-06-14,AMZN,183.66000366210935,-0.0009251853303780781,-0.00039393828099749413,0.00020833333333333332
2024-06-17,AMZN,184.05999755859372,0.002175536021534634,0.007635164372320518,0.00020833333333333332
2024-06-18,AMZN,182.80999755859372,-0.006814429382413544,0.0025181541815171163,0.00020793650793650794
2024-06-20,AMZN,186.1000061035156,0.017836847681061675,-0.0025291273954115403,0.00020793650793650794
2024-06-21,AMZN,189.0800018310547,0.015886019163884733,-0.0015633517188252497,0.00020753968253968256
2024-06-24,AMZN,185.57000732421875,-0.018738006784044702,-0.0030698791558664423,0.00020793650793650794
2024-06-25,AMZN,186.33999633789065,0.004140733544431425,0.003925873679181344,0.00020753968253968256
2024-06-26,AMZN,193.6100006103516,0.03827288718411035,0.0015711962247204525,0.00020793650793650794
2024-06-27,AMZN,197.8500061035156,0.0216633691270863,0.0009069098567990731,0.00020753968253968256
2024-06-28,AMZN,193.25,-0.02352451121310847,-0.0040920134623695995,0.00020714285714285713
2024-07-01,AMZN,197.1999969482422,0.020233739225558187,0.0026719909814295235,0.00020793650793650794
2024-07-02,AMZN,200.0,0.01409893985494711,0.0061762057711850496,0.00020793650793650794
2024-07-03,AMZN,197.58999633789065,-0.012123208336190783,0.0050715622695336636,0.00020793650793650794
2024-07-05,AMZN,200.0,0.012123208336190851,0.00543397436096954,0.00020753968253968256
2024-07-08,AMZN,199.2899932861328,-0.0035563498917093785,0.0010161824764044329,0.00020753968253968256
2024-07-09,AMZN,199.33999633789065,0.0002508745118111371,0.0007407974780654752,0.00020753968253968256
2024-07-10,AMZN,199.7899932861328,0.002254890139097774,0.010156314878105886,0.00020753968253968256
2024-07-11,AMZN,195.0500030517578,-0.02401082970854252,-0.008801649969266724,0.00020674603174603175
2024-07-12,AMZN,194.4900054931641,-0.002875175499739089,0.00550186402496512,0.00020674603174603175
2024-07-15,AMZN,192.72000122070312,-0.009142411458262677,0.0028222164233526843,0.00020634920634920637
2024-07-16,AMZN,193.0200042724609,0.00155546797310713,0.0063690499714532745,0.00020634920634920637
2024-07-17,AMZN,187.92999267578125,-0.02672431851841202,-0.014025441523645543,0.00020634920634920637
2024-07-18,AMZN,183.75,-0.022493376002440963,-0.007847112145350072,0.00020674603174603175
2024-07-19,AMZN,183.1300048828125,-0.0033798282769946274,-0.007165879226406085,0.00020634920634920637
2024-07-22,AMZN,182.5500030517578,-0.003172184996925187,0.010734217246220293,0.00020595238095238096
2024-07-23,AMZN,186.41000366210935,0.020924443707583142,-0.0015593176939461904,0.00020555555555555556
2024-07-24,AMZN,180.8300018310547,-0.03039119500388646,-0.02342124222289286,0.00020555555555555556
2024-07-25,AMZN,179.85000610351562,-0.005434169444389781,-0.005155889019717259,0.00020515873015873015
2024-07-26,AMZN,182.5,0.014626968944213104,0.011029420409570924,0.00020476190476190477
2024-07-29,AMZN,183.1999969482422,0.0038282625594168156,0.0008129795718284517,0.0002043650793650794
2024-07-30,AMZN,181.7100067138672,-0.008166388972744573,-0.0049725143613676215,0.00020396825396825393
2024-07-31,AMZN,186.97999572753903,0.02858958980412218,0.015669980701917767,0.0002043650793650794
2024-08-01,AMZN,184.07000732421875,-0.01568547657831172,-0.013788123791990166,0.00020317460317460318
2024-08-02,AMZN,167.89999389648438,-0.09194763210362274,-0.01855290660855327,0.0002003968253968254
2024-08-05,AMZN,161.02000427246094,-0.041839920325843556,-0.0304270413923931,0.00020198412698412699
2024-08-06,AMZN,161.92999267578125,0.005635490449044775,0.010300849493599515,0.00020198412698412699
2024-08-07,AMZN,162.77000427246094,0.005174089797253657,-0.007764715388769489,0.00020198412698412699
2024-08-08,AMZN,165.8000030517578,0.0184440734555928,0.02278113959089888,0.00020198412698412699
2024-08-09,AMZN,166.94000244140625,0.0068522199395901024,0.004660798434381699,0.00020198412698412699
2024-08-12,AMZN,166.8000030517578,-0.0008389728264874979,4.30330517200971e-05,0.0002011904761904762
2024-08-13,AMZN,170.22999572753906,0.020354930507755713,0.016707233419049988,0.0002007936507936508
2024-08-14,AMZN,170.10000610351562,-0.0007639034445704183,0.00381643656119841,0.0002011904761904762
2024-08-15,AMZN,177.58999633789062,0.043090966761615855,0.01600448993130413,0.00020198412698412699
2024-08-16,AMZN,177.05999755859375,-0.002988857651035908,0.0019878023683961516,0.00020158730158730158
2024-08-19,AMZN,178.22000122070312,0.006530104639669463,0.009675327436177775,0.0002007936507936508
2024-08-20,AMZN,178.8800048828125,0.0036964682293246748,-0.001986527237609709,0.0002
2024-08-21,AMZN,180.11000061035156,0.006852561474421805,0.004230714721006796,0.0001992063492063492
2024-08-22,AMZN,176.1300048828125,-0.02234539227075752,-0.00897294225665722,0.0002
2024-08-23,AMZN,177.0399932861328,0.005153271352930898,0.01141793740166443,0.0001988095238095238
2024-08-26,AMZN,175.5,-0.008736614913990125,-0.0031587101696058145,0.00019761904761904763
2024-08-27,AMZN,173.1199951171875,-0.013654075452589952,0.0015939251127232035,0.00019761904761904763
2024-08-28,AMZN,170.8000030517578,-0.013491668231426824,-0.005993900794735212,0.00019682539682539682
2024-08-29,AMZN,172.1199951171875,0.007698580379841969,-3.937984343658622e-05,0.00019761904761904763
2024-08-30,AMZN,178.5,0.036396721617948,0.010042457079144168,0.00019761904761904763
2024-09-03,AMZN,176.25,-0.012685159527315687,-0.021377963372397696,0.0001972222222222222
2024-09-04,AMZN,173.3300018310547,-0.016706139175178974,-0.0016038290273809634,0.00019682539682539682
2024-09-05,AMZN,177.88999938964844,0.025968075788917713,-0.003022581014674196,0.00019603174603174606
2024-09-06,AMZN,171.38999938964844,-0.03722372046282126,-0.017410944507424406,0.00019563492063492062
2024-09-09,AMZN,175.39999389648438,0.023127387297091972,0.011513534435818254,0.00019404761904761905
2024-09-10,AMZN,179.5500030517578,0.02338469252840609,0.004462699977793541,0.00019246031746031743
2024-09-11,AMZN,184.5200042724609,0.027304144175285646,0.01060855564984334,0.00019404761904761905
2024-09-12,AMZN,187.0,0.013350735010507413,0.00746735215680267,0.00019246031746031743
2024-09-13,AMZN,186.4900054931641,-0.0027309690556897217,0.0053931422343560355,0.0001896825396825397
2024-09-16,AMZN,184.88999938964844,-0.008616597457795857,0.0012558408673102855,0.0001884920634920635
2024-09-17,AMZN,186.8800048828125,0.010705675426824473,0.00026451509389645083,0.0001884920634920635
2024-09-18,AMZN,186.42999267578125,-0.002410931547252041,-0.0029006587083132912,0.00018452380952380955
2024-09-19,AMZN,189.8699951171875,0.018283807518041345,0.016834356892725128,0.00018293650793650796
2024-09-20,AMZN,191.6000061035156,0.009070295653554335,-0.0019429136300157343,0.00018095238095238093
2024-09-23,AMZN,193.8800048828125,0.011829538769620705,0.0028053344257131223,0.00017976190476190476
2024-09-24,AMZN,193.9600067138672,0.00041255068996117736,0.002508031103345345,0.00017857142857142857
2024-09-25,AMZN,192.52999877929688,-0.007400007450933529,-0.001862983206212128,0.00017896825396825398
2024-09-26,AMZN,191.16000366210935,-0.0071411865336607,0.004030542158199222,0.00017857142857142857
2024-09-27,AMZN,187.97000122070312,-0.016828410744614587,-0.0012540029000721238,0.00017857142857142857
2024-09-30,AMZN,186.3300018310547,-0.008763077056375612,0.004227603658441509,0.00017936507936507936
2024-10-01,AMZN,185.1300048828125,-0.006460997690134298,-0.009367848694454447,0.00017857142857142857
2024-10-02,AMZN,184.75999450683597,-0.0020006515450769115,0.00013838132698647728,0.0001777777777777778
2024-10-03,AMZN,181.9600067138672,-0.015270736231763055,-0.0016828286544586894,0.0001777777777777778
2024-10-04,AMZN,186.50999450683597,0.024697907897679776,0.008930255699186382,0.00017976190476190476
2024-10-07,AMZN,180.8000030517578,-0.03109336265970453,-0.009632263829388773,0.00018055555555555555
2024-10-08,AMZN,182.72000122070312,0.010563468311108654,0.009642706804694385,0.00017976190476190476
2024-10-09,AMZN,185.1699981689453,0.013319379012842232,0.007088231016994585,0.00018015873015873017
2024-10-10,AMZN,186.6499938964844,0.00796086049904925,-0.0020722685059824846,0.00018015873015873017
2024-10-11,AMZN,188.82000732421875,0.011559046433524522,0.00603360870729872,0.00017976190476190476
2024-10-14,AMZN,187.5399932861328,-0.006802098901968148,0.007678114574594323,0.00017976190476190476
2024-10-15,AMZN,187.69000244140625,0.0007995584839864811,-0.0076385660375134215,0.00017936507936507936
2024-10-16,AMZN,186.88999938964844,-0.0042714734594326426,0.004668232782779766,0.00017896825396825398
2024-10-17,AMZN,187.52999877929688,0.003418620886077508,-0.00017117512853816633,0.00018015873015873017
2024-10-18,AMZN,188.9900054931641,0.007755306570388279,0.003963686942774387,0.00017976190476190476
2024-10-21,AMZN,189.07000732421875,0.00042322292512559934,-0.001824432756419033,0.00017896825396825398
2024-10-22,AMZN,189.6999969482422,0.0033265052557146266,-0.0004749666671957937,0.00017896825396825398
2024-10-23,AMZN,184.7100067138672,-0.026656796914304174,-0.009233824267679564,0.00017936507936507936
2024-10-24,AMZN,186.3800048828125,0.009000562616286057,0.0021434731305568283,0.00017857142857142857
2024-10-25,AMZN,187.8300018310547,0.00774968161813032,-0.00029949201318627087,0.00017936507936507936
2024-10-28,AMZN,188.38999938964844,0.0029769707636567114,0.002647934626732945,0.0001781746031746032
2024-10-29,AMZN,190.8300018310547,0.01286871001658346,0.0016128259449012198,0.0001781746031746032
2024-10-30,AMZN,192.72999572753903,0.009907234588807516,-0.0033056916724881185,0.00017738095238095238
2024-10-31,AMZN,186.3999938964844,-0.033395354035536236,-0.018790134928745348,0.0001761904761904762
2024-11-01,AMZN,197.92999267578125,0.060018526321249224,0.004084158004525459,0.000175
2024-11-04,AMZN,195.77999877929688,-0.01092182223034851,-0.0028160448131902913,0.0001761904761904762
2024-11-05,AMZN,199.5,0.018822662731709527,0.012191031029563081,0.00017579365079365078
2024-11-06,AMZN,207.08999633789065,0.03733922736991464,0.024981280957186654,0.0001761904761904762
2024-11-07,AMZN,210.0500030517578,0.014192148444279072,0.007403754173995657,0.00017579365079365078
2024-11-08,AMZN,208.17999267578125,-0.008942557238934116,0.0037497940357180464,0.00017579365079365078
2024-11-11,AMZN,206.83999633789065,-0.006457525082191674,0.0009685941909569238,0.00017579365079365078
2024-11-12,AMZN,208.91000366210935,0.009958024917574623,-0.0028968514769364996,0.00017579365079365078
2024-11-13,AMZN,214.1000061035156,0.024539669362855586,0.00023220076414018386,0.00017460317460317462
2024-11-14,AMZN,211.47999572753903,-0.012312812938838414,-0.006068108582244,0.000175
2024-11-15,AMZN,202.6100006103516,-0.04284745921407231,-0.013291430866793769,0.000175
2024-11-18,AMZN,201.6999969482422,-0.004501522120521958,0.003910159746206537,0.00017539682539682538
2024-11-19,AMZN,204.6100006103516,0.014324301331484211,0.003955750520596487,0.000175
2024-11-20,AMZN,202.8800048828125,-0.00849103584511627,2.19506213354446e-05,0.00017539682539682538
2024-11-21,AMZN,198.3800048828125,-0.022430287385072762,0.005326251844288491,0.00017579365079365078
2024-11-22,AMZN,197.1199951171875,-0.00637175235688548,0.0034619595915364653,0.00017579365079365078
2024-11-25,AMZN,201.4499969482422,0.021728540914003922,0.0030159278201245415,0.00017539682539682538
2024-11-26,AMZN,207.8600006103516,0.03132358260823768,0.005705697155263866,0.00017460317460317462
2024-11-27,AMZN,205.7400054931641,-0.010251516694207487,-0.003808481083577712,0.00017460317460317462
2024-11-29,AMZN,207.88999938964844,0.010395828320660513,0.005592120396801623,0.00017420634920634919
2024-12-02,AMZN,210.7100067138672,0.01347372166869659,0.0024454638805813736,0.0001738095238095238
2024-12-03,AMZN,213.44000244140625,0.012872961773847143,0.0004513472420221813,0.00017301587301587302
2024-12-04,AMZN,218.16000366210935,0.021872981158047995,0.00603318162813612,0.00017261904761904762
2024-12-05,AMZN,220.5500030517578,0.01089568506430313,-0.0018715258393823342,0.00017222222222222224
2024-12-06,AMZN,227.02999877929688,0.0289577215747153,0.0024923453675383123,0.00017103174603174602
2024-12-09,AMZN,226.08999633789065,-0.004149028072046192,-0.006163167285227462,0.0001706349206349206
2024-12-10,AMZN,225.0399932861328,-0.0046549995431563376,-0.002968284314279252,0.00017023809523809523
2024-12-11,AMZN,230.25999450683597,0.02293094704166927,0.008132626411368235,0.00016904761904761904
2024-12-12,AMZN,228.97000122070312,-0.0056180854522786755,-0.005428731461463251,0.00016785714285714288
2024-12-13,AMZN,227.4600067138672,-0.006616567663893641,-2.646698937187397e-05,0.00016785714285714288
2024-12-16,AMZN,232.92999267578125,0.023763519526408726,0.0037921550087844295,0.00016865079365079366
2024-12-17,AMZN,231.1499938964844,-0.007671123770165903,-0.0038714794806554956,0.00016904761904761904
2024-12-18,AMZN,220.5200042724609,-0.04707841093326951,-0.02993650530451818,0.00016865079365079366
2024-12-19,AMZN,223.2899932861328,0.01248293187603738,-0.0008654867505367934,0.00016785714285714288
2024-12-20,AMZN,224.9199981689453,0.007273430311082978,0.010810479402397299,0.00016785714285714288
2024-12-23,AMZN,225.05999755859372,0.0006222471909635992,0.007260849585616372,0.00016825396825396826
2024-12-24,AMZN,229.0500030517578,0.017573311182246233,0.010982233165126825,0.00016984126984126986
2024-12-26,AMZN,227.0500030517578,-0.00877006267142877,-0.0004057410882578191,0.00016825396825396826
2024-12-27,AMZN,223.75,-0.014640913829901727,-0.01111730496491221,0.0001662698412698413
2024-12-30,AMZN,221.3000030517578,-0.011010096307821616,-0.010759673941729728,0.00016785714285714288
2024-12-31,AMZN,219.38999938964844,-0.008668295678212696,-0.0042940064589823065,0.00016785714285714288
2025-01-02,AMZN,220.22000122070312,0.0037760870596221323,-0.002226363149448992,0.00016746031746031745
2025-01-03,AMZN,224.19000244140625,0.017866865271653997,0.01251735670782609,0.0001666666666666667
2025-01-06,AMZN,227.6100006103516,0.015139723199454355,0.005522766496818171,0.00016706349206349207
2025-01-07,AMZN,222.1100006103516,-0.02446088330127337,-0.011166021516637011,0.00016706349206349207
2025-01-08,AMZN,222.1300048828125,9.006065292212719e-05,0.0015591440938312422,0.00016706349206349207
2025-01-10,AMZN,218.94000244140625,-0.01446508722386957,-0.015531637650233373,0.00016746031746031745
2025-01-13,AMZN,218.4600067138672,-0.002194768679336334,0.0015742043780551176,0.00016785714285714288
2025-01-14,AMZN,217.75999450683597,-0.003209448470719685,0.001145623334164268,0.00016746031746031745
2025-01-15,AMZN,223.3500061035156,0.025346561447878273,0.018147132504516373,0.00016706349206349207
2025-01-16,AMZN,220.66000366210935,-0.012117003196939351,-0.0021149243408667613,0.00016706349206349207
2025-01-17,AMZN,225.94000244140625,0.023646416176010977,0.009941478308394033,0.0001666666666666667
2025-01-21,AMZN,230.7100067138672,0.02089205157407654,0.00873000944059605,0.00016746031746031745
2025-01-22,AMZN,235.00999450683597,0.018466503377704703,0.006119181086994129,0.00016746031746031745
2025-01-23,AMZN,235.4199981689453,0.0017431021503980866,0.005299419459529372,0.00016746031746031745
2025-01-24,AMZN,234.8500061035156,-0.0024241067445139475,-0.002859215984467759,0.00016706349206349207
2025-01-27,AMZN,235.4199981689453,0.002424106744514067,-0.014688059032112328,0.0001666666666666667
2025-01-28,AMZN,238.1499938964844,0.011529556411484978,0.009175644177716802,0.0001666666666666667
2025-01-29,AMZN,237.07000732421875,-0.004545214548106087,-0.004689876056919602,0.0001666666666666667
2025-01-30,AMZN,234.63999938964844,-0.01030306500192206,0.005261548152180238,0.0001662698412698413
2025-01-31,AMZN,237.67999267578125,0.012872778270920829,-0.005059603990267195,0.0001666666666666667
2025-02-03,AMZN,237.4199981689453,-0.0010944834258047257,-0.007637690729495203,0.00016746031746031745
2025-02-04,AMZN,242.05999755859372,0.01935490231141661,0.007198907403029113,0.00016746031746031745
2025-02-05,AMZN,236.1699981689453,-0.02463374228856392,0.003901053915613614,0.00016746031746031745
2025-02-06,AMZN,238.8300018310547,0.011200132499427723,0.003637674355266266,0.00016746031746031745
2025-02-07,AMZN,229.1499938964844,-0.04137522511569357,-0.0095098456936602,0.00016825396825396826
2025-02-10,AMZN,233.13999938964844,0.01726234455405173,0.006690112295455172,0.00016785714285714288
2025-02-11,AMZN,232.75999450683597,-0.0016312726853762412,0.00033952514367385523,0.00016785714285714288
2025-02-12,AMZN,228.92999267578125,-0.01659160821196502,-0.0027275831896475754,0.00016785714285714288
2025-02-13,AMZN,230.3699951171875,0.006270442838655877,0.010372313214235747,0.00016746031746031745
2025-02-14,AMZN,228.67999267578125,-0.007363076447512864,-7.19463955744955e-05,0.00016746031746031745
2025-02-18,AMZN,226.6499938964844,-0.008916663909923328,0.002442003655551809,0.00016785714285714288
2025-02-19,AMZN,226.6300048828125,-8.819720145905549e-05,0.0023741488668242434,0.00016746031746031745
2025-02-20,AMZN,222.8800048828125,-0.016685221316839496,-0.004343604884290259,0.00016706349206349207
2025-02-21,AMZN,216.5800018310547,-0.028673529284667792,-0.017211396672539132,0.00016706349206349207
2025-02-24,AMZN,212.7100067138672,-0.018030235415601108,-0.004981493566252351,0.0001662698412698413
2025-02-25,AMZN,212.8000030517578,0.0004230045694208501,-0.004690715138395557,0.0001662698412698413
2025-02-26,AMZN,214.3500061035156,0.00725744971005982,0.00013601502958346571,0.0001666666666666667
2025-02-27,AMZN,208.7400054931641,-0.02652073681079169,-0.015991742678524653,0.0001666666666666667
2025-02-28,AMZN,212.27999877929688,0.01681666750153105,0.015729780420663385,0.0001666666666666667
2025-03-03,AMZN,205.0200042724609,-0.034798596014760694,-0.017753402648308866,0.00016706349206349207
2025-03-04,AMZN,203.8000030517578,-0.0059684204315927645,-0.012310288231505477,0.0001666666666666667
2025-03-05,AMZN,208.3600006103516,0.022128220043401252,0.011097472528735688,0.00016706349206349207
2025-03-06,AMZN,200.6999969482422,-0.03745611520958073,-0.017979677107455568,0.0001666666666666667
2025-03-07,AMZN,199.25,-0.0072509229263983,0.005505435045454467,0.0001666666666666667
2025-03-10,AMZN,194.5399932861328,-0.023922554740530594,-0.027343541788428148,0.0001662698412698413
2025-03-11,AMZN,196.58999633789065,0.010482560161564325,-0.007596646918536578,0.0001666666666666667
2025-03-12,AMZN,198.88999938964844,0.011631581915007296,0.004874967940490777,0.00016706349206349207
2025-03-13,AMZN,193.88999938964844,-0.02546092021137873,-0.013988366806464148,0.0001666666666666667
2025-03-14,AMZN,197.9499969482422,0.020723473340341268,0.02104290595319694,0.0001666666666666667
2025-03-17,AMZN,195.7400054931641,-0.011227182074080435,0.0063956349746060355,0.0001666666666666667
2025-03-18,AMZN,192.82000732421875,-0.015030126840267867,-0.010710667074319702,0.0001666666666666667
2025-03-19,AMZN,195.5399932861328,0.014007778521538292,0.010740608172953766,0.0001666666666666667
2025-03-20,AMZN,194.9499969482422,-0.0030218279679656837,-0.002187283513782985,0.0001662698412698413
2025-03-21,AMZN,196.2100067138672,0.006442448675219972,0.0008243136078323211,0.0001662698412698413
2025-03-24,AMZN,203.25999450683597,0.035300372234540224,0.01749211712863917,0.0001662698412698413
2025-03-25,AMZN,205.7100067138672,0.011981521917604297,0.0015730954906538206,0.0001662698412698413
2025-03-26,AMZN,201.1300048828125,-0.022515953159889142,-0.011219640357598032,0.0001666666666666667
2025-03-27,AMZN,201.3600006103516,0.001142864416179142,-0.0033124610071321114,0.0001666666666666667
2025-03-28,AMZN,192.72000122070312,-0.04385598921751466,-0.019934601126853548,0.0001666666666666667
2025-03-31,AMZN,190.25999450683597,-0.012846835734262143,0.005523240357645722,0.00016706349206349207
2025-04-01,AMZN,192.1699981689453,0.0099888585095992,0.0037741045552120668,0.0001666666666666667
2025-04-02,AMZN,196.00999450683597,0.019785262896237093,0.006705661429484109,0.00016706349206349207
2025-04-03,AMZN,178.41000366210938,-0.09408135739928593,-0.04960591182899663,0.0001666666666666667
2025-04-04,AMZN,171.0,-0.04242073641032032,-0.061609061898230934,0.00016547619047619047
2025-04-07,AMZN,175.25999450683594,0.024606997782102066,-0.0023341946059635883,0.00016547619047619047
2025-04-08,AMZN,170.66000366210938,-0.026597259717812963,-0.015825083277054855,0.0001662698412698413
2025-04-09,AMZN,191.1000061035156,0.11312358861813517,0.09089487983303646,0.00016825396825396826
2025-04-10,AMZN,181.22000122070312,-0.05308511365514066,-0.03522060702411168,0.00016746031746031745
2025-04-11,AMZN,184.8699951171875,0.019941079422269643,0.01793038083577807,0.00016785714285714288
2025-04-14,AMZN,182.1199951171875,-0.014987065296594422,0.007913319326342991,0.00016746031746031745
2025-04-15,AMZN,179.58999633789062,-0.013989329016472998,-0.001729275225300909,0.00016746031746031745
2025-04-16,AMZN,174.3300018310547,-0.029726389380639047,-0.022663253964902527,0.00016706349206349207
2025-04-17,AMZN,172.61000061035156,-0.00991534732389348,0.0013259586237727749,0.00016785714285714288
2025-04-21,AMZN,167.32000732421875,-0.031126527586896723,-0.02384964833401801,0.00016746031746031745
2025-04-22,AMZN,173.17999267578125,0.03442328337941731,0.02480695212545062,0.00016746031746031745
2025-04-23,AMZN,180.6000061035156,0.041953201051518486,0.016523864366879457,0.00016746031746031745
2025-04-24,AMZN,186.5399932861328,0.03236098252849648,0.020056628082583162,0.00016706349206349207
2025-04-25,AMZN,188.9900054931641,0.013048475365695443,0.0073460847957005125,0.00016706349206349207
2025-04-28,AMZN,187.6999969482422,-0.006849205339079859,0.0006405015390019333,0.0001666666666666667
2025-04-29,AMZN,187.38999938964844,-0.0016529240033086564,0.005785641545556399,0.0001666666666666667
2025-04-30,AMZN,184.4199981689453,-0.01597624814818092,0.0014788972519335208,0.0001666666666666667
2025-05-01,AMZN,190.1999969482422,0.030860378884021808,0.006279345716451974,0.0001666666666666667
2025-05-02,AMZN,189.97999572753903,-0.0011573530932638618,0.014619191109112719,0.00016746031746031745
2025-05-05,AMZN,186.3500061035156,-0.019292122294797282,-0.006402047029318447,0.00016746031746031745
2025-05-06,AMZN,185.00999450683597,-0.007216810697897855,-0.007722985278391797,0.00016746031746031745
2025-05-07,AMZN,188.7100067138672,0.019801632738363474,0.004336938106710132,0.00016746031746031745
2025-05-08,AMZN,192.0800018310547,0.01770048072706834,0.005783021147465641,0.00016785714285714288
2025-05-09,AMZN,193.05999755859372,0.005089047328857853,-0.0007117341348763632,0.00016746031746031745
2025-05-12,AMZN,208.63999938964844,0.07760926703827985,0.03203997667702081,0.00017103174603174602
2025-05-13,AMZN,211.3699951171875,0.012999853383055317,0.007222059020245977,0.00017023809523809523
2025-05-14,AMZN,210.25,-0.005312830342904736,0.001023891242276054,0.00017023809523809523
2025-05-15,AMZN,205.1699981689453,-0.024458403999516362,0.004123817438757677,0.00016944444444444442
2025-05-16,AMZN,205.58999633789065,0.002044981599618388,0.006980849368100189,0.00016865079365079366
2025-05-19,AMZN,206.16000366210935,0.0027687076543828405,0.0008757295660482738,0.00016984126984126986
2025-05-20,AMZN,204.07000732421875,-0.010189475975831036,-0.0038877770695725784,0.00016904761904761904
2025-05-21,AMZN,201.1199951171875,-0.01456138756787949,-0.016266719267758897,0.00016825396825396826
2025-05-22,AMZN,203.1000061035156,0.009796778074282054,-0.0004449700224211693,0.00016865079365079366
2025-05-23,AMZN,200.9900054931641,-0.010443315729919602,-0.006730899591473139,0.00016825396825396826
2025-05-27,AMZN,206.0200042724609,0.024718089285440805,0.02025258080218437,0.00016825396825396826
2025-05-28,AMZN,204.72000122070312,-0.0063300743793082,-0.005586802576444734,0.00016825396825396826
2025-05-29,AMZN,205.6999969482422,0.004775584008620333,0.0040031708706317415,0.00016865079365079366
2025-05-30,AMZN,205.00999450683597,-0.003360050181078922,-8.118845699520562e-05,0.00016865079365079366
2025-06-02,AMZN,206.6499938964844,0.007967779780350723,0.004093651490626028,0.00016865079365079366
2025-06-03,AMZN,205.7100067138672,-0.004559068820302432,0.005783533535368979,0.00016825396825396826
2025-06-04,AMZN,207.22999572753903,0.007361824330479196,7.368474471916267e-05,0.00016865079365079366
2025-06-05,AMZN,207.91000366210935,0.003276044436817532,-0.005291357978698112,0.00016865079365079366
2025-06-06,AMZN,213.57000732421875,0.0268593707089079,0.010228196215376713,0.00016865079365079366
2025-06-09,AMZN,216.97999572753903,0.015840481625608156,0.0009195251863913659,0.00016865079365079366
2025-06-10,AMZN,217.6100006103516,0.0028993089092675243,0.005468012541646841,0.00016904761904761904
2025-06-11,AMZN,213.1999969482422,-0.02047379463536867,-0.002747660318287345,0.00016904761904761904
2025-06-12,AMZN,213.2400054931641,0.00018763973740853443,0.0038151330716763875,0.00016944444444444442
2025-06-13,AMZN,212.1000061035156,-0.005360427367806428,-0.01136066859010289,0.00016904761904761904
2025-06-16,AMZN,216.1000061035156,0.01868340140955021,0.0093488231481891,0.00016825396825396826
2025-06-17,AMZN,214.82000732421875,-0.0059407894922021915,-0.008387259723643134,0.00016785714285714288
2025-06-18,AMZN,212.5200042724609,-0.0107643805780299,-0.00030928803472058796,0.00016785714285714288
2025-06-20,AMZN,209.69000244140625,-0.013405860444963166,-0.002181035215587759,0.00016706349206349207
2025-06-23,AMZN,208.47000122070312,-0.005835109391705959,0.009560655071259439,0.0001662698412698413
2025-06-24,AMZN,212.7700042724609,0.02041663831593163,0.011060328616958607,0.0001662698412698413
2025-06-25,AMZN,211.9900054931641,-0.0036726605052765328,-3.286108349665331e-06,0.0001662698412698413
2025-06-26,AMZN,217.1199951171875,0.023911043937020576,0.007988131032516797,0.00016706349206349207
2025-06-27,AMZN,223.3000030517578,0.028065998915184062,0.005205399256150098,0.0001666666666666667
2025-06-30,AMZN,219.38999938964844,-0.017665207343808734,0.005151137506128882,0.00016825396825396826
2025-07-01,AMZN,220.4600067138672,0.004865337820140418,-0.0011191571098791433,0.00016825396825396826
2025-07-02,AMZN,219.9199981689453,-0.002452467458083949,0.0047338743064907745,0.00016825396825396826
2025-07-03,AMZN,223.41000366210935,0.015744829251554494,0.00830437821066394,0.00016904761904761904
2025-07-07,AMZN,223.47000122070312,0.00026851753624558485,-0.007893368104244017,0.00016904761904761904
2025-07-08,AMZN,219.3600006103516,-0.018562963722362852,-0.0007161432504695748,0.00016904761904761904
2025-07-09,AMZN,222.5399932861328,0.014392611963869678,0.00604380277677969,0.00016904761904761904
2025-07-10,AMZN,222.25999450683597,-0.0012589875178301406,0.0027424410729257912,0.00016865079365079366
2025-07-11,AMZN,225.0200042724609,0.012341463087489441,-0.0033029717732258423,0.00016865079365079366
2025-07-14,AMZN,225.69000244140625,0.002973080927807535,0.0014064243309367943,0.00016904761904761904
2025-07-15,AMZN,226.3500061035156,0.0029201137891530816,-0.003964145065672561,0.00016865079365079366
2025-07-16,AMZN,223.19000244140625,-0.014059063272129541,0.0031885685253844154,0.00016825396825396826
2025-07-17,AMZN,223.8800048828125,0.003086778258328562,0.005359380240011013,0.00016825396825396826
2025-07-18,AMZN,226.1300048828125,0.009999860894734277,-9.049030280841674e-05,0.00016825396825396826
2025-07-21,AMZN,229.3000030517578,0.013921126445029842,0.001398157005673256,0.00016825396825396826
2025-07-22,AMZN,227.47000122070312,-0.008012836242670535,0.0006373284966667569,0.00016825396825396826
2025-07-23,AMZN,228.2899932861328,0.003598354221935051,0.007781532145702873,0.00016865079365079366
2025-07-24,AMZN,232.22999572753903,0.017111520335049226,0.0006979799969332514,0.00016865079365079366
2025-07-25,AMZN,231.44000244140625,-0.0034075702705455803,0.003966451001680552,0.00016865079365079366
2025-07-28,AMZN,232.7899932861328,0.00581605955069594,0.00017684247126657597,0.00016825396825396826
2025-07-29,AMZN,231.00999450683597,-0.007675754918145959,-0.002963830197466829,0.00016825396825396826
2025-07-30,AMZN,230.19000244140625,-0.003555910385463179,-0.0012502139385094711,0.00016865079365079366
2025-07-31,AMZN,234.1100006103516,0.016886027515609428,-0.003701662046374567,0.00016825396825396826
2025-08-01,AMZN,214.75,-0.08631653211497646,-0.0161213871855698,0.0001662698412698413
2025-08-04,AMZN,211.6499938964844,-0.014540622735209882,0.014629564491414495,0.00016507936507936506
2025-08-05,AMZN,213.75,0.009873169687714855,-0.004869703780462017,0.00016507936507936506
2025-08-06,AMZN,222.30999755859372,0.03926568541504018,0.007255522219852605,0.00016428571428571428
2025-08-07,AMZN,223.1300048828125,0.003681789897764909,-0.0007977981718278668,0.00016428571428571428
2025-08-08,AMZN,222.69000244140625,-0.0019739023688590293,0.0077694548163894745,0.00016428571428571428
2025-08-11,AMZN,221.3000030517578,-0.006261419913672536,-0.0025072683938851073,0.00016468253968253969
2025-08-12,AMZN,221.47000122070312,0.0007678847964323423,0.011281559075170764,0.00016428571428571428
2025-08-13,AMZN,224.55999755859372,0.013855775538096235,0.0032248733840464015,0.00016309523809523812
2025-08-14,AMZN,230.97999572753903,0.028188187008165968,0.00030304487855445177,0.0001634920634920635
2025-08-15,AMZN,231.02999877929688,0.0002164587456877612,-0.0029013399163647113,0.0001634920634920635
2025-08-18,AMZN,231.4900054931641,0.001989132843084511,-0.00010076825773579619,0.00016428571428571428
2025-08-19,AMZN,228.00999450683597,-0.015147236228621111,-0.005875329112207127,0.0001634920634920635
2025-08-20,AMZN,223.80999755859372,-0.01859199682633888,-0.002434630632264957,0.0001634920634920635
2025-08-21,AMZN,221.9499969482422,-0.008345349193359537,-0.004012219728951123,0.00016428571428571428
2025-08-22,AMZN,228.83999633789065,0.03057093586711227,0.015072285158779139,0.00016269841269841268
2025-08-25,AMZN,227.94000244140625,-0.003940606259072966,-0.004275512539646319,0.00016269841269841268
2025-08-26,AMZN,228.7100067138672,0.0033724076943096397,0.00412547371011636,0.00016269841269841268
2025-08-27,AMZN,229.1199951171875,0.0017910076284830656,0.0023881304533030262,0.00016190476190476192
2025-08-28,AMZN,231.6000061035156,0.010765909591411497,0.003151747441466755,0.00016190476190476192
2025-08-29,AMZN,229.0,-0.011289768498294493,-0.006418740402792551,0.0001607142857142857
2025-09-02,AMZN,225.33999633789065,-0.01611164706970365,-0.006946350061030363,0.0001607142857142857
2025-09-03,AMZN,225.9900054931641,0.00288041832828813,0.005087112302941308,0.00015992063492063492
2025-09-04,AMZN,235.67999267578125,0.041984146824532165,0.008311847102873571,0.0001591269841269841
2025-09-05,AMZN,232.3300018310547,-0.01431613896889294,-0.00317017266993674,0.00015555555555555556
2025-09-08,AMZN,235.83999633789065,0.014994810804568525,0.0021037644508885675,0.00015674603174603175
2025-09-09,AMZN,238.2400054931641,0.010124998519937195,0.0026845470300734414,0.00015674603174603175
2025-09-10,AMZN,230.3300018310547,-0.03376552082845374,0.0029790282293981275,0.00015634920634920635
2025-09-11,AMZN,229.9499969482422,-0.0016511904499798356,0.008450087623093565,0.00015634920634920635
2025-09-12,AMZN,228.1499938964844,-0.007858600093329381,-0.00048287788142832935,0.00015634920634920635
2025-09-15,AMZN,231.42999267578125,0.014274139722700788,0.004695577726559718,0.00015515873015873016
2025-09-16,AMZN,234.0500030517578,0.011257360441086762,-0.0012887604333313247,0.00015476190476190475
2025-09-17,AMZN,231.6199951171875,-0.010436704109897131,-0.0009706390782443865,0.00015396825396825397
2025-09-18,AMZN,231.22999572753903,-0.0016852089863250992,0.004777687836708263,0.00015436507936507937
2025-09-19,AMZN,231.47999572753903,0.001080590559717161,0.004873523937481177,0.00015436507936507937
2025-09-22,AMZN,227.6300048828125,-0.01677193303853678,0.004400350714762291,0.00015317460317460315
2025-09-23,AMZN,220.7100067138672,-0.030871872178262885,-0.005517351828739721,0.00015317460317460315
2025-09-24,AMZN,220.2100067138672,-0.002267986025112884,-0.0028506771652953692,0.00015357142857142856
2025-09-25,AMZN,218.1499938964844,-0.009398795415484247,-0.005021648742526333,0.00015436507936507937
2025-09-26,AMZN,219.77999877929688,0.007444168873481592,0.005884489130413512,0.00015357142857142856
2025-09-29,AMZN,222.1699981689453,0.010815805882780046,0.002632077259912619,0.00015317460317460315
2025-09-30,AMZN,219.57000732421875,-0.011771724709007034,0.004082503613507919,0.00015317460317460315
2025-10-01,AMZN,220.6300048828125,0.004815990813160187,0.0033941541712235066,0.00015277777777777777
2025-10-02,AMZN,222.41000366210935,0.008035429408424596,0.0006181636213842448,0.00015317460317460315
2025-10-03,AMZN,219.50999450683597,-0.013124777320547301,6.55106568658717e-05,0.00015357142857142856
2025-10-06,AMZN,220.8999938964844,0.006312318256467209,0.003639959282762629,0.00015317460317460315
2025-10-07,AMZN,221.77999877929688,0.003975811225101454,-0.003818687706853079,0.00015277777777777777
2025-10-08,AMZN,225.22000122070312,0.015391813667974614,0.005810748494187323,0.00015277777777777777
2025-10-09,AMZN,227.7400054931641,0.011126943813862119,-0.0027593739802789824,0.00015357142857142856
2025-10-10,AMZN,216.3699951171875,-0.051214768870408295,-0.027485975439899807,0.00015317460317460315
2025-10-13,AMZN,220.07000732421875,0.016955828210376053,0.015478263036934031,0.00015317460317460315
2025-10-14,AMZN,216.38999938964844,-0.016863378479674927,-0.00156555149694257,0.00015277777777777777
2025-10-15,AMZN,215.57000732421875,-0.0037966156016826813,0.004017918503427979,0.00015357142857142856
2025-10-16,AMZN,214.47000122070312,-0.005115842622809568,-0.006314280275141975,0.00015317460317460315
2025-10-17,AMZN,213.0399932861328,-0.006689964147498498,0.0052568739445263,0.00015238095238095237
2025-10-20,AMZN,216.47999572753903,0.016018234695332437,0.010615724136144117,0.0001511904761904762
2025-10-21,AMZN,222.02999877929688,0.025314357693141158,3.269591641698797e-05,0.0001507936507936508
2025-10-22,AMZN,217.9499969482422,-0.01854683769726401,-0.005351834774743029,0.0001507936507936508
2025-10-23,AMZN,221.08999633789065,0.014304177190941961,0.0058104798620133855,0.0001507936507936508
2025-10-24,AMZN,224.2100067138672,0.014013300747684945,0.007871361975244856,0.00014960317460317458
2025-10-27,AMZN,226.97000122070312,0.012234712914707927,0.012215141327379352,0.000148015873015873
2025-10-28,AMZN,229.25,0.009995255600938363,0.0022853305022299255,0.000148015873015873
2025-10-29,AMZN,230.3000030517578,0.00456970894129321,-4.3579204733175357e-05,0.00014960317460317458
2025-10-30,AMZN,222.8600006103516,-0.032839045720237554,-0.009954191424534511,0.00014920634920634917
2025-10-31,AMZN,244.22000122070312,0.09152568904562086,0.0026145009178832708,0.000148015873015873
2025-11-03,AMZN,254.0,0.039264803615285844,0.0017192339969181521,0.00015158730158730158
2025-11-04,AMZN,249.32000732421875,-0.018597025701107325,-0.011806250392326717,0.0001507936507936508
2025-11-05,AMZN,250.1999969482422,0.0035233445181079427,0.0036468976756877185,0.0001507936507936508
2025-11-06,AMZN,243.0399932861328,-0.029034574612610754,-0.011241134514722728,0.00014960317460317458
2025-11-07,AMZN,244.41000366210935,0.005621146751201127,0.0012610463474931072,0.00014960317460317458
2025-11-10,AMZN,248.3999938964844,0.016193167513876918,0.015283626703501816,0.00015039682539682542
2025-11-11,AMZN,249.1000061035156,0.0028141212824004096,0.0020731999523923177,0.00015039682539682542
2025-11-12,AMZN,244.1999969482422,-0.019866897590761556,0.0006293191259445972,0.00015039682539682542
2025-11-13,AMZN,237.5800018310547,-0.027483132611142096,-0.01669545163092778,0.0001507936507936508
2025-11-14,AMZN,234.69000244140625,-0.01223891180071706,-0.0005018514712717733,0.0001507936507936508
2025-11-17,AMZN,232.8699951171875,-0.007785167790615942,-0.009204497894305158,0.0001507936507936508
2025-11-18,AMZN,222.5500030517578,-0.045328527802621185,-0.008290709844169318,0.00015000000000000001
2025-11-19,AMZN,222.69000244140625,0.0006288715862684946,0.00374680773726533,0.00015039682539682542
2025-11-20,AMZN,217.13999938964844,-0.025238376767976148,-0.01568972611631523,0.00015000000000000001
2025-11-21,AMZN,220.69000244140625,0.01621670892983362,0.009775103041592069,0.0001488095238095238
2025-11-24,AMZN,226.27999877929688,0.025014152157624068,0.015348818899081837,0.0001488095238095238
2025-11-25,AMZN,229.6699981689453,0.01487032297548011,0.009020886000832944,0.00014841269841269842
2025-11-26,AMZN,229.16000366210935,-0.002223022534822027,0.006882969436149685,0.00014920634920634917
2025-11-28,AMZN,233.22000122070312,0.017561753805358658,0.005340487341137372,0.000148015873015873
2025-12-01,AMZN,233.8800048828125,0.002825964858582112,-0.005337548746055966,0.00014722222222222223
2025-12-02,AMZN,234.4199981689453,0.0023061862991379644,0.002454221195936617,0.00014603174603174603
2025-12-03,AMZN,232.3800048828125,-0.008740386717129234,0.0029753605210852863,0.00014444444444444446
2025-12-04,AMZN,229.1100006103516,-0.014171743534491094,0.001079738711974404,0.00014404761904761903
2025-12-05,AMZN,229.52999877929688,0.00183149436118387,0.0019347688846794776,0.00014365079365079365
2025-12-08,AMZN,226.88999938964844,-0.011568418747626617,-0.0034833153316476935,0.00014444444444444446
2025-12-09,AMZN,227.9199981689453,0.004529366309921425,-0.0008767431610132386,0.00014444444444444446
2025-12-10,AMZN,231.77999877929688,0.016793958483706913,0.006726880659139976,0.00014285714285714287
2025-12-11,AMZN,230.27999877929688,-0.006492686132941979,0.00207719198371703,0.00014206349206349206
2025-12-12,AMZN,226.19000244140625,-0.017920589673159203,-0.010720913458554537,0.00014047619047619049
2025-12-15,AMZN,222.5399932861328,-0.016268534273204432,-0.0015978388918367072,0.00014126984126984127
2025-12-16,AMZN,222.55999755859372,8.988664518458119e-05,-0.00238676400843967,0.00014126984126984127
2025-12-17,AMZN,221.2700042724609,-0.005813022613826566,-0.01165985661137129,0.00014087301587301586
2025-12-18,AMZN,226.75999450683597,0.024508470639878342,0.007902951520479156,0.00014007936507936508
2025-12-19,AMZN,227.3500061035156,0.002598541885829773,0.008779407421828872,0.00014047619047619049
2025-12-22,AMZN,228.42999267578125,0.004739078487121393,0.006415870575561936,0.00014126984126984127
2025-12-23,AMZN,232.13999938964844,0.016110849706755952,0.004540067046788208,0.00014126984126984127
2025-12-24,AMZN,232.3800048828125,0.0010333484556670999,0.003216304344700708,0.00014285714285714287
2025-12-26,AMZN,232.5200042724609,0.000602277440840304,-0.00030440987710828846,0.00014126984126984127
2025-12-29,AMZN,232.07000732421875,-0.0019371793526923157,-0.003498162923937312,0.00014166666666666665
2025-12-30,AMZN,232.52999877929688,0.0019801618568183687,-0.0013766142506534472,0.00014087301587301586
2025-12-31,AMZN,230.82000732421875,-0.007381025988312501,-0.007384867434248815,0.00014166666666666665
2026-01-02,AMZN,226.5,-0.01889327280046985,0.0018929140261155547,0.00014047619047619049
2026-01-05,AMZN,233.05999755859372,0.028550975746587545,0.006334024511051582,0.00014047619047619049
2026-01-06,AMZN,240.92999267578125,0.033210483799024845,0.0061775920038938375,0.00014007936507936508
2026-01-07,AMZN,241.55999755859372,0.002611474864167473,-0.0034458535710101927,0.00014007936507936508
2019-01-03,GOOG,50.42480850219727,-0.028897419264978613,-0.02506833181891511,9.365079365079364e-05
2019-01-04,GOOG,53.136966705322266,0.052389571350682285,0.03375939906034647,9.404761904761906e-05
2019-01-07,GOOG,53.02182388305664,-0.0021692573319558477,0.006985975995229761,9.563492063492063e-05
2019-01-08,GOOG,53.41339492797852,0.007357955682650142,0.009648587336497393,9.563492063492063e-05
2019-01-09,GOOG,53.3329963684082,-0.0015063474052190054,0.004089671332822161,9.523809523809524e-05
2019-01-10,GOOG,53.118106842041016,-0.004037343189133375,0.004508241374462229,9.444444444444444e-05
2019-01-11,GOOG,52.46599960327149,-0.012352532071748726,-0.0001463085444824661,9.444444444444444e-05
2019-01-14,GOOG,51.84564971923828,-0.011894303305208602,-0.00527139458724949,9.523809523809524e-05
2019-01-15,GOOG,53.45656967163086,0.030598512502660175,0.010664618879761001,9.523809523809524e-05
2019-01-16,GOOG,53.64614486694336,0.003540067011561156,0.0022195205290883643,9.444444444444444e-05
2019-01-17,GOOG,54.08932113647461,0.008227165773981906,0.007562730706235749,9.404761904761906e-05
2019-01-18,GOOG,54.50420379638672,0.007641057397664675,0.01309691283985578,9.365079365079364e-05
2019-01-22,GOOG,53.12753677368164,-0.02558245543464525,-0.014258476827972471,9.444444444444444e-05
2019-01-23,GOOG,53.37815475463867,0.004706198136909188,0.002200489919450871,9.365079365079364e-05
2019-01-24,GOOG,53.2952766418457,-0.0015538663823552346,0.001374780110977555,9.206349206349206e-05
2019-01-25,GOOG,54.14341354370117,0.01578862361395138,0.008452867700518018,9.285714285714285e-05
2019-01-28,GOOG,53.10569763183594,-0.01935210998081785,-0.007877775848708898,9.404761904761906e-05
2019-01-29,GOOG,52.63622283935547,-0.008879692655166613,-0.0014573079351148383,9.404761904761906e-05
2019-01-30,GOOG,54.04763412475586,0.026461241281216987,0.015429609891560045,9.404761904761906e-05
2019-01-31,GOOG,55.40297317504883,0.024767488580565863,0.008560648809767757,9.365079365079364e-05
2019-02-01,GOOG,55.124053955078125,-0.005047087925744823,0.0008982065848071141,9.325396825396825e-05
2019-02-04,GOOG,56.21835708618164,0.019657170301944426,0.006753381117479676,9.404761904761906e-05
2019-02-05,GOOG,56.87294006347656,0.011576315842007256,0.0046973704373502,9.404761904761906e-05
2019-02-06,GOOG,55.34639358520508,-0.027208157464715513,-0.0022269157175087858,9.404761904761906e-05
2019-02-07,GOOG,54.52653884887695,-0.014923965983936624,-0.009401193202230233,9.404761904761906e-05
2019-02-08,GOOG,54.345401763916016,-0.0033275286740965574,0.0006759725660127,9.444444444444444e-05
2019-02-11,GOOG,54.342918395996094,-4.569705220760244e-05,0.0007088518038183947,9.523809523809524e-05
2019-02-12,GOOG,55.65110778808594,0.02378767509208789,0.012807852902838604,9.444444444444444e-05
2019-02-13,GOOG,55.59105682373047,-0.0010796440432119154,0.0030194315937109753,9.484126984126985e-05
2019-02-14,GOOG,55.66599655151367,0.0013471458544538023,-0.0026551633836986214,9.444444444444444e-05
2019-02-15,GOOG,55.26797866821289,-0.007175792455027602,0.010820004664957538,9.444444444444444e-05
2019-02-19,GOOG,55.51165771484375,0.004399354386907346,0.0014976213265920058,9.563492063492063e-05
2019-02-20,GOOG,55.27542495727539,-0.004264632841712523,0.00177553356074094,9.523809523809524e-05
2019-02-21,GOOG,54.44019317626953,-0.01522568856739517,-0.0035326693258413886,9.523809523809524e-05
2019-02-22,GOOG,55.10520935058594,0.01214152905551028,0.006390638694710404,9.563492063492063e-05
2019-02-25,GOOG,55.05706405639648,-0.0008740795876081109,0.0012311044497517107,9.603174603174603e-05
2019-02-26,GOOG,55.341426849365234,0.005151581684179729,-0.0007907696728402984,9.523809523809524e-05
2019-02-27,GOOG,55.3870849609375,0.0008246857726793708,-0.0005441974362980739,9.523809523809524e-05
2019-02-28,GOOG,55.57914733886719,0.0034616399194351516,-0.002829507598950442,9.523809523809524e-05
2019-03-01,GOOG,56.62480545043945,0.018639064997070666,0.006871656588713028,9.484126984126985e-05
2019-03-04,GOOG,56.9627685546875,0.0059507231228678684,-0.003888107395255168,9.563492063492063e-05
2019-03-05,GOOG,57.66897201538086,0.012321411009602098,-0.001132173489706859,9.563492063492063e-05
2019-03-06,GOOG,57.46202850341797,-0.0035949263690889105,-0.00654547360412503,9.563492063492063e-05
2019-03-07,GOOG,56.739444732666016,-0.012654712644877298,-0.008158911138331157,9.523809523809524e-05
2019-03-08,GOOG,56.69081497192383,-0.0008574389911162551,-0.0021339641314536495,9.563492063492063e-05
2019-03-11,GOOG,58.35035705566406,0.028853273748884332,0.014559535563489445,9.563492063492063e-05
2019-03-12,GOOG,59.21586990356445,0.014724100740501456,0.002948965727805163,9.563492063492063e-05
2019-03-13,GOOG,59.221824645996094,0.00010055485222509023,0.0069255467570192835,9.523809523809524e-05
2019-03-14,GOOG,58.83621597290039,-0.0065325503010012324,-0.0008683993315961826,9.523809523809524e-05
2019-03-15,GOOG,58.78212356567383,-0.0009197955225757086,0.0049725194084307206,9.523809523809524e-05
2019-03-18,GOOG,58.77219772338867,-0.00016887243616227481,0.0036990967989080333,9.484126984126985e-05
2019-03-19,GOOG,59.49627304077149,0.012244757366790966,-0.00013057007992675946,9.563492063492063e-05
2019-03-20,GOOG,60.74291610717773,0.0207367955127263,-0.002948696740769673,9.603174603174603e-05
2019-03-21,GOOG,61.11859893798828,0.006165753328273786,0.010794015494689354,9.642857142857143e-05
2019-03-22,GOOG,59.826297760009766,-0.02137089529777168,-0.019156827134273257,9.563492063492063e-05
2019-03-25,GOOG,59.2059440612793,-0.010423382872646374,-0.000839372833310059,9.563492063492063e-05
2019-03-26,GOOG,58.7900619506836,-0.0070491171142252895,0.007157052947934055,9.563492063492063e-05
2019-03-27,GOOG,58.2143783569336,-0.009840451144087946,-0.00465514327659887,9.484126984126985e-05
2019-03-28,GOOG,57.98956680297852,-0.003869263373468379,0.0035830547152617266,9.444444444444444e-05
2019-03-29,GOOG,58.22877883911133,0.004116602634922665,0.006711706043324668,9.325396825396825e-05
2019-04-01,GOOG,59.27691650390625,0.017840249550667483,0.011502195518044496,9.444444444444444e-05
2019-04-02,GOOG,59.57766342163086,0.005060765176916051,1.7455554858152623e-05,9.404761904761906e-05
2019-04-03,GOOG,59.84713745117188,0.004512873120395648,0.002146072420089187,9.484126984126985e-05
2019-04-04,GOOG,60.29775238037109,0.007501226939867004,0.0020824652429942735,9.484126984126985e-05
2019-04-05,GOOG,59.908180236816406,-0.006481768395397835,0.004625717623099122,9.484126984126985e-05
2019-04-08,GOOG,59.74391555786133,-0.002745706726858081,0.0010469117505236662,9.444444444444444e-05
2019-04-09,GOOG,59.41686248779297,-0.005489287610735352,-0.0060859764356695385,9.404761904761906e-05
2019-04-10,GOOG,59.66054153442383,0.004092789707432177,0.003471837754499924,9.444444444444444e-05
2019-04-11,GOOG,59.78261947631836,0.002044118447121328,3.8122340342693696e-05,9.444444444444444e-05
2019-04-12,GOOG,60.44019317626953,0.010939359062723877,0.0065875783895457275,9.484126984126985e-05
2019-04-15,GOOG,60.60047912597656,0.0026484658478908487,-0.0006295672443571088,9.444444444444444e-05
2019-04-16,GOOG,60.89974212646485,0.004926140917019161,0.0005092283251399622,9.444444444444444e-05
2019-04-17,GOOG,61.356815338134766,0.007477314112810165,-0.0022764008207388597,9.484126984126985e-05
2019-04-18,GOOG,61.35830307006836,2.4246921698986923e-05,0.0015778468242496745,9.404761904761906e-05
2019-04-22,GOOG,61.97716522216797,0.010035512971881764,0.0010115058169329091,9.484126984126985e-05
2019-04-23,GOOG,62.75681686401367,0.012501193057920707,0.008802351174995391,9.523809523809524e-05
2019-04-24,GOOG,62.33249282836914,-0.006784363335886838,-0.0021941686030362366,9.484126984126985e-05
2019-04-25,GOOG,62.70221710205078,0.00591396343427893,-0.0003690417402728576,9.444444444444444e-05
2019-04-26,GOOG,63.13547897338867,0.006886069864304655,0.004674350323304823,9.404761904761906e-05
2019-04-29,GOOG,63.89974594116211,0.01203250813663648,0.0010709485042338864,9.484126984126985e-05
2019-04-30,GOOG,58.98162841796875,-0.08008937282417454,0.0009509646987914453,9.444444444444444e-05
2019-05-01,GOOG,57.96921920776367,-0.017313846310600966,-0.00753044585029134,9.444444444444444e-05
2019-05-02,GOOG,57.69775772094727,-0.004693854588988634,-0.0021262446486827887,9.563492063492063e-05
2019-05-03,GOOG,58.82877349853516,0.019412768657276383,0.00959212747891747,9.444444444444444e-05
2019-05-06,GOOG,59.02679061889648,0.003360338702312698,-0.004481013189072523,9.484126984126985e-05
2019-05-07,GOOG,58.26798248291016,-0.012938662172770805,-0.016649488088905522,9.444444444444444e-05
2019-05-08,GOOG,57.87939453125,-0.006691316007742886,-0.0016067153894199682,9.444444444444444e-05
2019-05-09,GOOG,57.68634033203125,-0.003341031474901997,-0.0030259986619282898,9.444444444444444e-05
2019-05-10,GOOG,57.7801399230957,0.0016247072135664466,0.003713394069918638,9.444444444444444e-05
2019-05-13,GOOG,56.18014526367188,-0.028081709332132124,-0.024426469138497504,9.365079365079364e-05
2019-05-14,GOOG,55.60495376586914,-0.010291113559655169,0.007983987523216093,9.365079365079364e-05
2019-05-15,GOOG,57.77716064453125,0.038321259233749586,0.005821994327723055,9.404761904761906e-05
2019-05-16,GOOG,58.510162353515625,0.012606901565875617,0.008855957116499086,9.325396825396825e-05
2019-05-17,GOOG,57.682376861572266,-0.014248754743162445,-0.005854437174043804,9.285714285714285e-05
2019-05-20,GOOG,56.51860046386719,-0.020381904128619996,-0.006772257975405369,9.285714285714285e-05
2019-05-21,GOOG,57.05358505249024,0.009421119144189418,0.008459949093190606,9.285714285714285e-05
2019-05-22,GOOG,57.14242172241211,0.001555863297700592,-0.0028283923638994365,9.246031746031747e-05
2019-05-23,GOOG,56.6138916015625,-0.00929238841428883,-0.01198569224128196,9.206349206349206e-05
2019-05-24,GOOG,56.25160217285156,-0.006419865999749277,0.0013526437720373175,9.126984126984126e-05
2019-05-28,GOOG,56.28534698486328,0.0005997108198801066,-0.008410950000260244,9.206349206349206e-05
2019-05-29,GOOG,55.40743637084961,-0.01572041930581228,-0.00693591016723137,9.206349206349206e-05
2019-05-30,GOOG,55.48138046264648,0.0013336620385801996,0.002096272674997037,9.246031746031747e-05
2019-05-31,GOOG,54.77070617675781,-0.012891985096280085,-0.013283205250452958,9.126984126984126e-05
2019-06-03,GOOG,51.42579650878906,-0.06301556804260168,-0.002769070654307939,9.126984126984126e-05
2019-06-04,GOOG,52.26054000854492,0.016101668987642297,0.021205927081077776,9.126984126984126e-05
2019-06-05,GOOG,51.72307205200195,-0.01033764325634804,0.008128726978813691,9.126984126984126e-05
2019-06-06,GOOG,51.82827758789063,0.0020319497998323045,0.006116840676004416,9.047619047619046e-05
2019-06-07,GOOG,52.90520477294922,0.020565823230311028,0.010442979247260026,8.849206349206349e-05
2019-06-10,GOOG,53.61686325073242,0.013361908556284007,0.004649220074765499,8.88888888888889e-05
2019-06-11,GOOG,53.53448486328125,-0.001537608348029461,-0.0003499414579512858,8.80952380952381e-05
2019-06-12,GOOG,53.45061874389648,-0.0015678096059330109,-0.002039657827237423,8.69047619047619e-05
2019-06-13,GOOG,54.033241271972656,0.01084122275444163,0.004089010502850191,8.492063492063493e-05
2019-06-14,GOOG,53.86351776123047,-0.003146037976492823,-0.0016128117861529605,8.53174603174603e-05
2019-06-17,GOOG,54.218353271484375,0.006566074064180098,0.0009313154323528439,8.650793650793651e-05
2019-06-18,GOOG,54.76922607421875,0.010108995855436212,0.009670489592970687,8.611111111111112e-05
2019-06-19,GOOG,54.70619201660156,-0.001151565633313222,0.0029807167930238428,8.452380952380952e-05
2019-06-20,GOOG,55.15730667114258,0.00821232156766392,0.00942760533587314,8.293650793650792e-05
2019-06-21,GOOG,55.67641830444336,0.009367463367059892,-0.0012600162797279978,8.214285714285714e-05
2019-06-24,GOOG,55.360782623291016,-0.0056852393374110305,-0.0017333884605870258,8.253968253968253e-05
2019-06-25,GOOG,53.91314315795898,-0.026497156625050963,-0.009541775640387554,8.214285714285714e-05
2019-06-26,GOOG,53.58808135986328,-0.006047610904459733,-0.0012346956788039985,8.333333333333334e-05
2019-06-27,GOOG,53.39999008178711,-0.0035161204295820116,0.0038158857925908473,8.293650793650792e-05
2019-06-28,GOOG,53.64316940307617,0.0045435829960860765,0.005740941840599626,8.253968253968253e-05
2019-07-01,GOOG,54.48882293701172,0.01564145368420577,0.007643018610953927,8.571428571428571e-05
2019-07-02,GOOG,55.14887619018555,0.012040771248613113,0.002923847276988696,8.53174603174603e-05
2019-07-03,GOOG,55.66152572631836,0.009252799101377466,0.007643095660684157,8.571428571428571e-05
2019-07-05,GOOG,56.158302307128906,0.00888536242462681,-0.0018075342045486649,8.650793650793651e-05
2019-07-08,GOOG,55.4019775390625,-0.01355924091960622,-0.004847173010123794,8.769841269841269e-05
2019-07-09,GOOG,55.82281494140625,0.007567366973301212,0.0012357930584538906,8.769841269841269e-05
2019-07-10,GOOG,56.599491119384766,0.013817338604716466,0.004500546936082614,8.53174603174603e-05
2019-07-11,GOOG,56.78460311889648,0.0032652227849477612,0.002282619578948549,8.412698412698413e-05
2019-07-12,GOOG,56.81884765625,0.0006028784892902648,0.004609534302066538,8.333333333333334e-05
2019-07-15,GOOG,57.08882141113281,0.004740229742455465,0.00017585372838413283,8.373015873015872e-05
2019-07-16,GOOG,57.24961471557617,0.0028125871909495358,-0.003409584555010327,8.333333333333334e-05
2019-07-17,GOOG,56.89081573486328,-0.006286995083676909,-0.006552665466093182,8.293650793650792e-05
2019-07-18,GOOG,56.88981628417969,-1.756802833464928e-05,0.0035755977088190827,7.976190476190474e-05
2019-07-19,GOOG,56.0843620300293,-0.014259327463466764,-0.006195889464844692,8.015873015873015e-05
2019-07-22,GOOG,56.47989273071289,0.007027671962137399,0.002824701686250326,8.095238095238096e-05
2019-07-23,GOOG,56.88386535644531,0.00712704558356997,0.00682414513927642,8.015873015873015e-05
2019-07-24,GOOG,56.46698760986328,-0.007355562225496719,0.004677192813475714,8.134920634920634e-05
2019-07-25,GOOG,56.18460464477539,-0.0050133966309840045,-0.005276296483599537,8.174603174603175e-05
2019-07-26,GOOG,62.05507659912109,0.0993795422888875,0.007360535770783042,8.253968253968253e-05
2019-07-29,GOOG,61.50917434692383,-0.008835982895879136,-0.0016174219290574364,8.214285714285714e-05
2019-07-30,GOOG,60.80098342895508,-0.011580376399878233,-0.0025819853720443708,8.095238095238096e-05
2019-07-31,GOOG,60.38113021850586,-0.006929321131073013,-0.01094520695213996,8.095238095238096e-05
2019-08-01,GOOG,60.00049209594727,-0.00632387874098845,-0.009039527568806017,8.055555555555556e-05
2019-08-02,GOOG,59.25508117675781,-0.012501229191861748,-0.007309388539565105,8.015873015873015e-05
2019-08-05,GOOG,57.18709182739258,-0.03552332902996026,-0.030230182169694777,7.936507936507937e-05
2019-08-06,GOOG,58.0620231628418,0.01518359849390963,0.012933023911166613,7.976190476190474e-05
2019-08-07,GOOG,58.26252746582031,0.0034473290541379826,0.0007665823338588767,7.857142857142857e-05
2019-08-08,GOOG,59.79154968261719,0.025905208202390426,0.018588462466865085,7.857142857142857e-05
2019-08-09,GOOG,58.95830535888672,-0.014033836065171716,-0.006638593133657111,7.777777777777778e-05
2019-08-12,GOOG,58.29825592041016,-0.011258327943951237,-0.012393809115915354,7.777777777777778e-05
2019-08-13,GOOG,59.41785430908203,0.019022581491095748,0.015018346267301863,7.777777777777778e-05
2019-08-14,GOOG,57.781131744384766,-0.027932476821682747,-0.02973035245453567,7.619047619047618e-05
2019-08-15,GOOG,57.92852020263672,0.0025475582284642403,0.0024612366981802422,7.420634920634921e-05
2019-08-16,GOOG,58.44167709350586,0.008819443964362607,0.014323058172245003,7.261904761904762e-05
2019-08-19,GOOG,59.47642135620117,0.017550670114989505,0.012033175564397505,7.53968253968254e-05
2019-08-20,GOOG,58.69428253173828,-0.013237633697702126,-0.007946215312115467,7.53968253968254e-05
2019-08-21,GOOG,59.11909484863281,0.007211645527349329,0.008212979557352937,7.658730158730158e-05
2019-08-22,GOOG,59.03374099731445,-0.00144480435962401,-0.00050620295927854,7.777777777777778e-05
2019-08-23,GOOG,57.13597106933594,-0.03267527724975317,-0.02628888112283785,7.658730158730158e-05
2019-08-26,GOOG,58.009422302246094,0.01517156633470057,0.01092311273079789,7.777777777777778e-05
2019-08-27,GOOG,57.95730972290039,-0.000898750563088062,-0.0032083218005562386,7.698412698412698e-05
2019-08-28,GOOG,58.11512756347656,0.0027193008351625776,0.006524151530562512,7.738095238095238e-05
2019-08-29,GOOG,59.19850158691406,0.018470229426416643,0.012607482441094399,7.738095238095238e-05
2019-08-30,GOOG,58.9627685546875,-0.0039900272684845,0.0006425807598767749,7.738095238095238e-05
2019-09-03,GOOG,57.98460006713867,-0.016728744062321676,-0.0069230093326854165,7.698412698412698e-05
2019-09-04,GOOG,58.63076019287109,0.011082017621839843,0.010783725278421427,7.658730158730158e-05
2019-09-05,GOOG,60.11809921264648,0.02505147100003974,0.01292591292175976,7.658730158730158e-05
2019-09-06,GOOG,59.79800033569336,-0.00533872663381549,0.0009101908043767861,7.619047619047618e-05
2019-09-09,GOOG,59.77219772338867,-0.0004315893612964599,-9.401467889992668e-05,7.619047619047618e-05
2019-09-10,GOOG,59.851104736328125,0.0013192584180737052,0.0003222524259310153,7.579365079365079e-05
2019-09-11,GOOG,60.55432891845703,0.011681070477599902,0.0072036723263872,7.619047619047618e-05
2019-09-12,GOOG,61.25309371948242,0.011473397125691159,0.0028750162782333164,7.579365079365079e-05
2019-09-13,GOOG,61.51661682128906,0.004292972678111712,-0.0007246768769660504,7.619047619047618e-05
2019-09-16,GOOG,61.10668563842773,-0.006686049090867231,-0.0031405129163559896,7.738095238095238e-05
2019-09-17,GOOG,60.9999885559082,-0.0017476048771127516,0.0025784253724619854,7.738095238095238e-05
2019-09-18,GOOG,61.16177749633789,0.002648767126576082,0.00034263328426719085,7.579365079365079e-05
2019-09-19,GOOG,61.47443771362305,0.00509899778257606,1.9974521929475905e-05,7.500000000000001e-05
2019-09-20,GOOG,61.038700103759766,-0.007113350534905603,-0.004907599104880387,7.420634920634921e-05
2019-09-23,GOOG,61.2421760559082,0.003328012463459495,-9.694061782751375e-05,7.53968253968254e-05
2019-09-24,GOOG,60.48435592651367,-0.012451351530690423,-0.00845198896355148,7.460317460317459e-05
2019-09-25,GOOG,61.86202239990234,0.0225217080268317,0.0061396852419639035,7.341269841269842e-05
2019-09-26,GOOG,61.6074333190918,-0.00412392587525844,-0.002431871009613191,7.103174603174603e-05
2019-09-27,GOOG,60.79850387573242,-0.013217352661496255,-0.005330534579128577,6.984126984126985e-05
2019-09-30,GOOG,60.49626541137695,-0.004983546968396176,0.005034910215248393,7.301587301587302e-05
2019-10-01,GOOG,59.80644226074219,-0.011468249127068062,-0.012334126945412846,7.063492063492064e-05
2019-10-02,GOOG,58.393531799316406,-0.02390825842769294,-0.01806540418764383,6.944444444444444e-05
2019-10-03,GOOG,58.94936752319336,0.009473771048375827,0.007940304773866787,6.626984126984126e-05
2019-10-04,GOOG,59.99999237060547,0.01766553717797424,0.014116785239259274,6.666666666666666e-05
2019-10-07,GOOG,59.934478759765625,-0.0010924902029992175,-0.00448835227368152,6.785714285714286e-05
2019-10-08,GOOG,59.013893127441406,-0.015479051940798535,-0.01568315955210993,6.666666666666666e-05
2019-10-09,GOOG,59.6679801940918,0.011022638434731483,0.009063296514845923,6.587301587301587e-05
2019-10-10,GOOG,59.98361587524414,0.005275924829660202,0.0063952024117826045,6.547619047619048e-05
2019-10-11,GOOG,60.32009506225586,0.00559384347812787,0.010879579673789056,6.547619047619048e-05
2019-10-14,GOOG,60.403953552246094,0.0013892592973840288,-0.0013880816732189801,6.547619047619048e-05
2019-10-15,GOOG,61.68783187866211,0.021032138216180506,0.009906445376489171,6.507936507936507e-05
2019-10-16,GOOG,61.71909332275391,0.0005066400400054136,-0.002001544553193733,6.468253968253968e-05
2019-10-17,GOOG,62.18708801269531,0.007554052757575269,0.002759021969775287,6.468253968253968e-05
2019-10-18,GOOG,61.81090545654297,-0.006067577381519801,-0.003927045709799847,6.468253968253968e-05
2019-10-21,GOOG,61.84366226196289,0.0005298115029720857,0.006848114105333746,6.507936507936507e-05
2019-10-22,GOOG,61.67741012573242,-0.002691884605738922,-0.003575049258376838,6.42857142857143e-05
2019-10-23,GOOG,62.487831115722656,0.013054096145896695,0.002843103345830729,6.42857142857143e-05
2019-10-24,GOOG,62.58013916015625,0.0014761263174125816,0.0019186046591713529,6.507936507936507e-05
2019-10-25,GOOG,62.78559875488281,0.0032777660323161416,0.004064429510656049,6.468253968253968e-05
2019-10-28,GOOG,64.01983642578125,0.01946725150301469,0.0055658199161177,6.42857142857143e-05
2019-10-29,GOOG,62.66103744506836,-0.0214531373669032,-0.0008327519564807664,6.349206349206349e-05
2019-10-30,GOOG,62.59502410888672,-0.0010540542545337164,0.0032480894008573105,6.30952380952381e-05
2019-10-31,GOOG,62.536468505859375,-0.0009359051998490422,-0.0030274386345390905,5.992063492063492e-05
2019-11-01,GOOG,63.212890625,0.010758363271651193,0.009615930559647514,5.9126984126984124e-05
2019-11-04,GOOG,64.08782958984375,0.01374623396661479,0.0036972458053124275,5.9523809523809524e-05
2019-11-05,GOOG,64.12059020996094,0.0005110525639637146,-0.0011864027118206639,6.071428571428572e-05
2019-11-06,GOOG,64.10916137695312,-0.00017825555920742222,0.0007022505922896238,6.071428571428572e-05
2019-11-07,GOOG,64.95581817626953,0.013120041504457012,0.002726375244280665,6.071428571428572e-05
2019-11-08,GOOG,65.08038330078125,0.0019158536038135726,0.002557403145115828,6.0317460317460316e-05
2019-11-11,GOOG,64.47590637207031,-0.00933156262225287,-0.0019643954133371925,6.0317460317460316e-05
2019-11-12,GOOG,64.45655822753906,-0.0003001283615662017,0.0015634233012630327,6.19047619047619e-05
2019-11-13,GOOG,64.4168701171875,-0.0006159238892920186,0.0007112815701162954,6.111111111111111e-05
2019-11-14,GOOG,65.08484649658203,0.010316192262164644,0.0008366926144567594,6.111111111111111e-05
2019-11-15,GOOG,66.24663543701172,0.0176929283114615,0.007666028777973181,6.111111111111111e-05
2019-11-18,GOOG,65.54342651367188,-0.01067175455786414,0.0005030263228096366,6.111111111111111e-05
2019-11-19,GOOG,65.28336334228516,-0.003975692046289044,-0.0005927700996925261,6.111111111111111e-05
2019-11-20,GOOG,64.66747283935547,-0.009478894210623954,-0.0037632564209410676,6.111111111111111e-05
2019-11-21,GOOG,64.5831069946289,-0.00130546194557119,-0.0015840060861895076,6.150793650793651e-05
2019-11-22,GOOG,64.28485107421875,-0.004628869075386891,0.002172573942375937,6.150793650793651e-05
2019-11-25,GOOG,64.84812927246094,0.008724057468182903,0.0074792518874672075,6.26984126984127e-05
2019-11-26,GOOG,65.18856811523438,0.005236054550892655,0.0021931636449402277,6.230158730158731e-05
2019-11-27,GOOG,65.16078186035156,-0.00042633515715869005,0.0041657356252997445,6.30952380952381e-05
2019-11-29,GOOG,64.76226806640625,-0.006134631906581363,-0.004019286229989053,6.19047619047619e-05
2019-12-02,GOOG,64.015869140625,-0.01159214289376244,-0.008668483693963605,6.230158730158731e-05
2019-12-03,GOOG,64.28186798095703,0.0041465925656497945,-0.006660225258045148,6.111111111111111e-05
2019-12-04,GOOG,65.53546905517578,0.019313907857346324,0.006303657608769993,6.0317460317460316e-05
2019-12-05,GOOG,65.91215515136719,0.005731364558271467,0.0014991269266302707,5.992063492063492e-05
2019-12-06,GOOG,66.531982421875,0.009359897795318484,0.009094246030426013,5.9523809523809524e-05
2019-12-09,GOOG,66.67790222167969,0.0021908262822935743,-0.003167833684474369,5.992063492063492e-05
2019-12-10,GOOG,66.73249053955078,0.000818351850822752,-0.0010975361689841293,6.071428571428572e-05
2019-12-11,GOOG,66.75037384033203,0.00026794901310097,0.0029039375293507703,6.111111111111111e-05
2019-12-12,GOOG,67.01091003417969,0.0038955445967090506,0.008538667375555057,6.071428571428572e-05
2019-12-13,GOOG,66.88982391357422,-0.0018085958163449813,7.25791502146863e-05,6.111111111111111e-05
2019-12-16,GOOG,67.55184936523438,0.009848595105856806,0.007122360942542787,6.111111111111111e-05
2019-12-17,GOOG,67.25160217285156,-0.004454599425341633,0.0003352360284609262,6.071428571428572e-05
2019-12-18,GOOG,67.12752532958984,-0.0018466689109867855,-0.0004323936405227425,6.071428571428572e-05
2019-12-19,GOOG,67.29727172851562,0.002525523457943718,0.004449378821864254,6.111111111111111e-05
2019-12-20,GOOG,66.97716522216797,-0.004767953156864219,0.004932595804334098,6.150793650793651e-05
2019-12-23,GOOG,66.93994140625,-0.0005559232545237369,0.0008657687142985109,6.19047619047619e-05
2019-12-24,GOOG,66.67790222167969,-0.003922223460372077,-0.00019546730246814044,6.150793650793651e-05
2019-12-26,GOOG,67.51363372802734,0.01245596163402056,0.005115062410053991,6.150793650793651e-05
2019-12-27,GOOG,67.09130096435547,-0.0062751659218259785,3.3984139657930306e-05,6.111111111111111e-05
2019-12-30,GOOG,66.30967712402344,-0.01171854653806364,-0.005797596079349905,6.111111111111111e-05
2019-12-31,GOOG,66.35332489013672,0.0006580247246865211,0.002941690644190719,6.0317460317460316e-05
2020-01-02,GOOG,67.85954284667969,0.02244615171694969,0.008343895362316707,5.992063492063492e-05
2020-01-03,GOOG,67.52653503417969,-0.004919390372910887,-0.007084909364954553,5.9126984126984124e-05
2020-01-06,GOOG,69.1915512084961,0.02435813055913814,0.003527145194272564,6.071428571428572e-05
2020-01-07,GOOG,69.14837646484375,-0.0006241834267262414,-0.0028071750845948405,5.992063492063492e-05
2020-01-08,GOOG,69.69329071044922,0.007849474218542223,0.004890473485641129,5.992063492063492e-05
2020-01-09,GOOG,70.4630126953125,0.010983875926660733,0.006633214116906491,5.992063492063492e-05
2020-01-10,GOOG,70.95433807373047,0.006948614899703349,-0.0028592624875049015,5.992063492063492e-05
2020-01-13,GOOG,71.42578887939453,0.006622448494457893,0.006951994045933256,6.111111111111111e-05
2020-01-14,GOOG,71.01140594482422,-0.00581848167045881,-0.0015156808368957204,6.111111111111111e-05
2020-01-15,GOOG,71.42430114746094,0.005797652395050325,0.0018684502436879626,6.111111111111111e-05
2020-01-16,GOOG,72.0446548461914,0.008647969320578867,0.008331747422232019,6.0317460317460316e-05
2020-01-17,GOOG,73.46847534179688,0.019570274332803197,0.003854723247485144,6.071428571428572e-05
2020-01-21,GOOG,73.66748809814453,0.0027051561434377077,-0.002655500369585384,6.071428571428572e-05
2020-01-22,GOOG,73.74440002441406,0.0010434970235861398,0.00028903429668107475,6.0317460317460316e-05
2020-01-23,GOOG,73.77912902832031,0.00047082665078307465,0.001140326193358241,6.0317460317460316e-05
2020-01-24,GOOG,72.7895736694336,-0.01350316099600684,-0.009083289426193788,5.992063492063492e-05
2020-01-27,GOOG,71.1612777709961,-0.022623907173291765,-0.015855752356844034,6.0317460317460316e-05
2020-01-28,GOOG,72.08733367919922,0.01292953278555374,0.010003383500352516,6.111111111111111e-05
2020-01-29,GOOG,72.38858032226562,0.004170204863837667,-0.0008672501435846315,6.071428571428572e-05
2020-01-30,GOOG,72.25011444091797,-0.0019146456468536021,0.0031294569302110597,6.111111111111111e-05
2020-01-31,GOOG,71.17765045166016,-0.014955039957876311,-0.01786444357136295,6.0317460317460316e-05
2020-02-03,GOOG,73.74391174316406,0.03541956818645645,0.007228425761232584,6.111111111111111e-05
2020-02-04,GOOG,71.81488037109375,-0.026506737087559396,0.014869315917506062,6.111111111111111e-05
2020-02-05,GOOG,71.87244415283203,0.0008012367828348085,0.011187778658972936,6.111111111111111e-05
2020-02-06,GOOG,73.26203155517578,0.019149548849573338,0.003320155057001924,6.111111111111111e-05
2020-02-07,GOOG,73.4109115600586,0.0020300957061630486,-0.005415491009458352,6.071428571428572e-05
2020-02-10,GOOG,74.87244415283203,0.01971333757112254,0.007299690120573207,6.150793650793651e-05
2020-02-11,GOOG,74.8779067993164,7.29567103124059e-05,0.0016870486860021178,6.111111111111111e-05
2020-02-12,GOOG,75.3483657836914,0.006263358789118175,0.006441853105203067,6.150793650793651e-05
2020-02-13,GOOG,75.1692123413086,-0.002380499729220126,-0.0016317763599886593,6.19047619047619e-05
2020-02-14,GOOG,75.47095489501953,0.00400614209087204,0.0018418360984854144,6.150793650793651e-05
2020-02-18,GOOG,75.4178466796875,-0.0007039384894152364,-0.0029242139861477136,6.150793650793651e-05
2020-02-19,GOOG,75.76625061035156,0.0046090105198944836,0.004694748284284925,6.150793650793651e-05
2020-02-20,GOOG,75.34241485595703,-0.0056096963671691475,-0.0038228174279975285,6.150793650793651e-05
2020-02-21,GOOG,73.70271301269531,-0.02200364443616036,-0.010573809232819777,6.071428571428572e-05
2020-02-24,GOOG,70.55035400390625,-0.04371291402804288,-0.03408807942044074,5.9523809523809524e-05
2020-02-25,GOOG,68.90570831298828,-0.023587672226616452,-0.030747904375353224,5.9523809523809524e-05
2020-02-26,GOOG,69.14043426513672,0.0034006915945062567,-0.00378569732353003,5.9523809523809524e-05
2020-02-27,GOOG,65.41388702392578,-0.055405139689798814,-0.045168136352261155,5.634920634920634e-05
2020-02-28,GOOG,66.46797943115234,0.015985743646404742,-0.008272463109653077,4.96031746031746e-05
2020-03-02,GOOG,68.9384536743164,0.036493811431613725,0.0450108687694132,4.3650793650793655e-05
2020-03-03,GOOG,66.57022094726562,-0.03495678618697257,-0.02851048492291458,3.690476190476191e-05
2020-03-04,GOOG,68.80990600585938,0.03309037258942698,0.041336349360633136,2.817460317460317e-05
2020-03-05,GOOG,65.4610366821289,-0.04989261139101284,-0.034510782439981125,2.4206349206349206e-05
2020-03-06,GOOG,64.43720245361328,-0.01576396165725661,-0.01720094365238617,1.785714285714286e-05
2020-03-09,GOOG,60.32554626464844,-0.06593547733879598,-0.07901041294037148,1.2698412698412699e-05
2020-03-10,GOOG,63.54291915893555,0.0519599030220085,0.048215052425859106,1.7063492063492063e-05
2020-03-11,GOOG,60.31809997558594,-0.05208334572792819,-0.05010289280860541,1.6269841269841268e-05
2020-03-12,GOOG,55.33051300048828,-0.08630769560637995,-0.09994485240247351,1.3095238095238094e-05
2020-03-13,GOOG,60.53249740600586,0.08985583951285127,0.08880840694923595,1.0714285714285714e-05
2020-03-16,GOOG,53.81288909912109,-0.11766735522408653,-0.12765219747281742,9.523809523809523e-06
2020-03-17,GOOG,55.57319641113281,0.03218799327517076,0.05822631263569171,7.5396825396825394e-06
2020-03-18,GOOG,54.43175506591797,-0.020753289697131912,-0.053222272332080246,7.936507936507937e-07
2020-03-19,GOOG,55.34937286376953,0.016717612330387044,0.004696760970401053,1.5873015873015873e-06
2020-03-20,GOOG,53.21686553955078,-0.0392899611888688,-0.04432762405336681,1.984126984126984e-06
2020-03-23,GOOG,52.43770599365234,-0.014749454942103522,-0.02973150100957679,7.936507936507937e-07
2020-03-24,GOOG,56.30073928833008,0.07108175370592086,0.08968323251796326,3.9682539682539683e-07
2020-03-25,GOOG,54.71413040161133,-0.028585664782414918,0.011468990420822226,-1.5873015873015873e-06
2020-03-26,GOOG,57.65507888793945,0.05235633998945631,0.06054383107424656,-1.984126984126984e-06
2020-03-27,GOOG,55.12207794189453,-0.044928016992656916,-0.0342678455416263,1.1904761904761904e-06
2020-03-30,GOOG,56.91413879394531,0.03199347071485881,0.032966590569974794,4.7619047619047615e-06
2020-03-31,GOOG,57.70768356323242,0.013846533435894573,-0.016142310788415843,4.365079365079366e-06
2020-04-01,GOOG,54.86946487426758,-0.050433330243077654,-0.04514636273278691,3.5714285714285714e-06
2020-04-02,GOOG,55.62480163574219,0.013672175968097847,0.022572657056960366,3.5714285714285714e-06
2020-04-03,GOOG,54.485347747802734,-0.020697357522281364,-0.015252860825944299,3.968253968253968e-06
2020-04-06,GOOG,58.904205322265625,0.07798066891165738,0.06796824414483035,5.9523809523809525e-06
2020-04-07,GOOG,58.88386154174805,-0.0003454302504744437,-0.001604339048362459,5.555555555555557e-06
2020-04-08,GOOG,60.063514709472656,0.0198355252942667,0.033489371191284686,8.730158730158731e-06
2020-04-09,GOOG,60.12157440185547,0.0009661713832990676,0.014383470303699339,9.92063492063492e-06
2020-04-13,GOOG,60.4248046875,0.005030942074041937,-0.01015605944467711,1.0317460317460317e-05
2020-04-14,GOOG,62.989070892333984,0.04156153917150261,0.03011455957230757,7.936507936507936e-06
2020-04-15,GOOG,62.653594970703125,-0.005340171932342659,-0.022276732672369248,5.555555555555557e-06
2020-04-16,GOOG,62.70321273803711,0.0007916246565633171,0.0057998378395412884,5.555555555555557e-06
2020-04-17,GOOG,63.68485641479492,0.015534115256153318,0.026440932021320578,4.7619047619047615e-06
2020-04-20,GOOG,62.85905075073242,-0.013051871174498585,-0.018042845615347775,4.7619047619047615e-06
2020-04-21,GOOG,60.3642578125,-0.0404977585372507,-0.031155115236330667,4.365079365079366e-06
2020-04-22,GOOG,62.690311431884766,0.037809741369891785,0.02267130058213675,4.7619047619047615e-06
2020-04-23,GOOG,63.34043502807617,0.010316996146749104,-0.0005395676601955963,4.365079365079366e-06
2020-04-24,GOOG,63.48931503295898,0.002347715314329774,0.013822090566839217,4.7619047619047615e-06
2020-04-27,GOOG,63.319091796875,-0.0026847327016233592,0.014606868181735996,4.7619047619047615e-06
2020-04-28,GOOG,61.22430419921875,-0.03364265371874806,-0.005256170190483643,4.365079365079366e-06
2020-04-29,GOOG,66.57466888427734,0.08377991999085792,0.02623670404507307,3.968253968253968e-06
2020-04-30,GOOG,66.9310073852539,0.0053381902122284445,-0.009255143319054839,3.5714285714285714e-06
2020-05-01,GOOG,65.53894805908203,-0.021017755548428305,-0.028460211014775954,4.7619047619047615e-06
2020-05-04,GOOG,65.84613800048828,0.004676185256463223,0.0042408225788494016,5.158730158730158e-06
2020-05-05,GOOG,67.05258178710938,0.01815633635357456,0.008999935197779802,5.158730158730158e-06
2020-05-06,GOOG,66.86351776123047,-0.0028236209407419117,-0.007003880399042588,4.7619047619047615e-06
2020-05-07,GOOG,68.11710357666016,0.01857484201769428,0.011438955754890805,4.365079365079366e-06
2020-05-08,GOOG,68.90171813964844,0.011452778959566244,0.016730795065226244,4.7619047619047615e-06
2020-05-11,GOOG,69.64068603515625,0.010667851593354538,0.0001330693667907644,4.7619047619047615e-06
2020-05-12,GOOG,68.27493286132812,-0.019806282014149183,-0.020713365772047604,5.158730158730158e-06
2020-05-13,GOOG,66.96426391601562,-0.01938358129426408,-0.017616996624280044,5.158730158730158e-06
2020-05-14,GOOG,67.30172729492188,0.0050267992135275144,0.01145891780407149,4.7619047619047615e-06
2020-05-15,GOOG,68.14837646484375,0.012501432970479101,0.003918675203723029,4.7619047619047615e-06
2020-05-18,GOOG,68.68186950683594,0.007797921308540516,0.031015208770073424,5.158730158730158e-06
2020-05-19,GOOG,68.16300964355469,-0.00758321908615227,-0.010539747711599283,5.158730158730158e-06
2020-05-20,GOOG,69.8124008178711,0.023909619020610867,0.0165139906134157,4.7619047619047615e-06
2020-05-21,GOOG,69.61785125732422,-0.0027906380990993097,-0.007803968309953686,4.7619047619047615e-06
2020-05-22,GOOG,69.99602508544922,0.005417437907148369,0.002350945686812366,4.7619047619047615e-06
2020-05-26,GOOG,70.32355499267578,0.004668350658962751,0.01221428502146052,5.555555555555557e-06
2020-05-27,GOOG,70.3642578125,0.0005786261105105975,0.014718447490314346,5.9523809523809525e-06
2020-05-28,GOOG,70.30916595458984,-0.000783258973179183,-0.0021101393249195488,5.9523809523809525e-06
2020-05-29,GOOG,70.91413116455078,0.008567551145112038,0.004800793552307952,5.555555555555557e-06
2020-06-01,GOOG,71.05805969238281,0.0020275601337247013,0.003744216478364391,5.555555555555557e-06
2020-06-02,GOOG,71.42529296875,0.005154764857406033,0.008177307282398658,5.9523809523809525e-06
2020-06-03,GOOG,71.28435516357422,-0.0019751692032072177,0.01355667081256392,6.349206349206349e-06
2020-06-04,GOOG,70.08336639404297,-0.01699139875370563,-0.003374389083608904,5.9523809523809525e-06
2020-06-05,GOOG,71.38411712646484,0.018389913471767785,0.025874012821635813,5.9523809523809525e-06
2020-06-08,GOOG,71.79204559326172,0.005698288916963568,0.011969656405806002,6.746031746031747e-06
2020-06-09,GOOG,72.2659912109375,0.006579949833749794,-0.007829743419721978,7.5396825396825394e-06
2020-06-10,GOOG,72.74689483642578,0.0066325883382759784,-0.005327255735182077,6.746031746031747e-06
2020-06-11,GOOG,69.6694564819336,-0.04322421478972429,-0.06075269299628893,6.746031746031747e-06
2020-06-12,GOOG,70.13298797607422,0.0066312601976681405,0.012976286605211731,6.349206349206349e-06
2020-06-15,GOOG,70.4640121459961,0.004708845584050905,0.00827786081817526,7.142857142857143e-06
2020-06-16,GOOG,71.59898376464844,0.015978767162856043,0.018784852866710527,6.746031746031747e-06
2020-06-17,GOOG,72.015869140625,0.005805618826695779,-0.0036067962326294138,6.746031746031747e-06
2020-06-18,GOOG,71.26350402832031,-0.010502168049187856,0.0005940434038017573,6.349206349206349e-06
2020-06-19,GOOG,71.05308532714844,-0.0029570530807794563,-0.005665513565673728,5.9523809523809525e-06
2020-06-22,GOOG,72.0525894165039,0.013968982628657894,0.006474093296658384,6.349206349206349e-06
2020-06-23,GOOG,72.67542266845703,0.008607001339374736,0.004298169191483789,6.349206349206349e-06
2020-06-24,GOOG,71.06550598144531,-0.022401191152903708,-0.0261952655956623,5.9523809523809525e-06
2020-06-25,GOOG,71.53001403808594,0.0065150672282294,0.01089982772821816,6.349206349206349e-06
2020-06-26,GOOG,67.48882293701172,-0.05815514032555059,-0.024525204274831163,5.555555555555557e-06
2020-06-29,GOOG,69.2292709350586,0.025461765530183398,0.01457888811353358,5.555555555555557e-06
2020-06-30,GOOG,70.15432739257812,0.01327372877246554,0.015292349435755562,6.349206349206349e-06
2020-07-01,GOOG,71.36674499511719,0.01713451212454859,0.005009563975870565,5.555555555555557e-06
2020-07-02,GOOG,72.6898193359375,0.018369333612384107,0.0045309704768169146,5.555555555555557e-06
2020-07-06,GOOG,74.22827911376953,0.020943859608343687,0.01575693083216329,5.9523809523809525e-06
2020-07-07,GOOG,73.7061996459961,-0.007058282012685926,-0.010877477869643567,5.9523809523809525e-06
2020-07-08,GOOG,74.24317169189453,0.0072588940238724085,0.007796986263430269,5.9523809523809525e-06
2020-07-09,GOOG,74.98707580566406,0.009969966387564644,-0.005659591476194623,5.158730158730158e-06
2020-07-10,GOOG,76.51313781738281,0.020146686166539227,0.010411809774443004,5.158730158730158e-06
2020-07-13,GOOG,75.00446319580078,-0.019914841219412765,-0.009406645216058874,5.555555555555557e-06
2020-07-14,GOOG,75.4630126953125,0.006095017097332089,0.01331730058290395,5.9523809523809525e-06
2020-07-15,GOOG,75.11859893798828,-0.004574454399550402,0.009041056936355048,6.349206349206349e-06
2020-07-16,GOOG,75.3349838256836,0.0028764358138343832,-0.0034119152141152374,4.365079365079366e-06
2020-07-17,GOOG,75.21339416503906,-0.0016152905624702617,0.0028445625875835605,4.365079365079366e-06
2020-07-20,GOOG,77.7032241821289,0.03256742278599792,0.008371797255140334,5.158730158730158e-06
2020-07-21,GOOG,77.3409194946289,-0.004673576677873861,0.0016776293345600682,5.158730158730158e-06
2020-07-22,GOOG,77.84068298339844,0.006441036934705259,0.005730630594473862,5.158730158730158e-06
2020-07-23,GOOG,75.21984100341797,-0.034249172749148175,-0.012396378412246847,4.7619047619047615e-06
2020-07-24,GOOG,75.03075408935547,-0.0025169552742054227,-0.006209640024276134,4.365079365079366e-06
2020-07-27,GOOG,75.94043731689453,0.012051229491425362,0.007367928821482373,4.365079365079366e-06
2020-07-28,GOOG,74.45854949951172,-0.019706725512680757,-0.006494435418646306,4.365079365079366e-06
2020-07-29,GOOG,75.53446197509766,0.014346414124245992,0.012351783351742583,4.365079365079366e-06
2020-07-30,GOOG,76.00245666503906,0.0061766621892323055,-0.0037573017634548516,3.5714285714285714e-06
2020-07-31,GOOG,73.59602355957031,-0.03217466775184094,0.0076412362421762695,3.5714285714285714e-06
2020-08-03,GOOG,73.17369842529297,-0.005754951282373759,0.007155362664358673,3.968253968253968e-06
2020-08-04,GOOG,72.70321655273438,-0.006450417517279524,0.003605423026133557,3.5714285714285714e-06
2020-08-05,GOOG,73.1319808959961,0.005880138487497395,0.006409160435517922,3.968253968253968e-06
2020-08-06,GOOG,74.4466323852539,0.017816758626691586,0.006407126020664802,3.968253968253968e-06
2020-08-07,GOOG,74.1682357788086,-0.0037465555839928306,0.0006328292699566697,3.968253968253968e-06
2020-08-10,GOOG,74.24812316894531,0.0010765308948199148,0.0027384652733919213,4.365079365079366e-06
2020-08-11,GOOG,73.46500396728516,-0.010603343847121435,-0.008001055401377298,4.365079365079366e-06
2020-08-12,GOOG,74.77021026611328,0.01761039084974933,0.013899502293613534,4.365079365079366e-06
2020-08-13,GOOG,75.35730743408203,0.00782135307186408,-0.002049272676156681,3.968253968253968e-06
2020-08-14,GOOG,74.8252944946289,-0.007084910742353004,-0.00017189739627902921,3.968253968253968e-06
2020-08-17,GOOG,75.33399200439453,0.006775464477566301,0.002706177507423456,3.968253968253968e-06
2020-08-18,GOOG,77.34986114501953,0.026407327878690334,0.0023007404198168474,3.5714285714285714e-06
2020-08-19,GOOG,76.80048370361328,-0.007127843507885437,-0.004414123345182018,4.365079365079366e-06
2020-08-20,GOOG,78.49874114990234,0.02187164999487934,0.0031536547683461333,4.365079365079366e-06
2020-08-21,GOOG,78.43274688720703,-0.0008410583167344338,0.0034351999829724668,3.968253968253968e-06
2020-08-24,GOOG,78.81885528564453,0.004910718479482175,0.009993615364903508,4.7619047619047615e-06
2020-08-25,GOOG,79.81239318847656,0.012526546995673252,0.003589899745540117,4.365079365079366e-06
2020-08-26,GOOG,82.00395965576172,0.02708873907207638,0.010144001344841499,4.365079365079366e-06
2020-08-27,GOOG,81.10816192626953,-0.010983938251232733,0.0016716460318091384,4.365079365079366e-06
2020-08-28,GOOG,81.60841369628906,0.006148769345773583,0.006710002849570254,3.968253968253968e-06
2020-08-31,GOOG,81.1007308959961,-0.006240392315998585,-0.002197375175508541,4.365079365079366e-06
2020-09-01,GOOG,82.41736602783203,0.016104194113290546,0.007496831420705943,4.7619047619047615e-06
2020-09-02,GOOG,85.77070617675781,0.03988136087044833,0.01524905014386973,4.7619047619047615e-06
2020-09-03,GOOG,81.48087310791016,-0.05130922143429841,-0.0357575941421853,4.365079365079366e-06
2020-09-04,GOOG,78.95978546142578,-0.03142962884362687,-0.008166280754275102,4.365079365079366e-06
2020-09-08,GOOG,76.04911804199219,-0.03755925651057219,-0.02814882908646679,5.158730158730158e-06
2020-09-09,GOOG,77.26847839355469,0.015906668121974613,0.019944760662180386,4.7619047619047615e-06
2020-09-10,GOOG,76.03075408935547,-0.01614817217466229,-0.017741245925395586,4.7619047619047615e-06
2020-09-11,GOOG,75.46996307373047,-0.007403180491819762,0.0005329301580873496,4.365079365079366e-06
2020-09-14,GOOG,75.39849853515625,-0.0009473755237799311,0.012661335025022992,4.365079365079366e-06
2020-09-15,GOOG,76.49824523925781,0.01448044103169432,0.005205785930499657,4.365079365079366e-06
2020-09-16,GOOG,75.47889709472656,-0.013414694014462254,-0.0046296468921518345,4.7619047619047615e-06
2020-09-17,GOOG,74.2198486328125,-0.01682149231499326,-0.008447949528552457,3.5714285714285714e-06
2020-09-18,GOOG,72.45606994628906,-0.02405116975657876,-0.011245576947828505,3.968253968253968e-06
2020-09-21,GOOG,71.02530670166016,-0.019944200482337193,-0.011638564027297718,3.968253968253968e-06
2020-09-22,GOOG,72.72753143310547,0.02368376611631008,0.010463016398376152,3.968253968253968e-06
2020-09-23,GOOG,70.2337417602539,-0.034891164657297996,-0.02400733891437413,4.365079365079366e-06
2020-09-24,GOOG,70.88286590576172,0.0091998912759925,0.0029830055546290505,3.968253968253968e-06
2020-09-25,GOOG,71.71015930175781,0.011603690676901021,0.015850439224188495,3.968253968253968e-06
2020-09-28,GOOG,72.68087005615234,0.013445785145571631,0.0159821918538544,4.365079365079366e-06
2020-09-29,GOOG,72.91958618164062,0.0032790603209749422,-0.004824282704443997,3.5714285714285714e-06
2020-09-30,GOOG,72.9329833984375,0.0001837090271790451,0.00821984256837961,3.968253968253968e-06
2020-10-01,GOOG,73.94985961914062,0.01384630697596596,0.0052789495642950775,3.5714285714285714e-06
2020-10-02,GOOG,72.37814331054688,-0.021482924995266536,-0.009623812866370861,3.5714285714285714e-06
2020-10-05,GOOG,73.74787902832031,0.018747870029902573,0.017813109002900934,3.968253968253968e-06
2020-10-06,GOOG,72.13099670410156,-0.02216837128518139,-0.014072064387523205,3.968253968253968e-06
2020-10-07,GOOG,72.47095489501953,0.004701994869307498,0.017247163770241564,3.968253968253968e-06
2020-10-08,GOOG,73.74341583251953,0.017405854934842122,0.007978212894869286,3.5714285714285714e-06
2020-10-09,GOOG,75.19700622558594,0.019519704946026298,0.008755095180752877,3.968253968253968e-06
2020-10-12,GOOG,77.87342834472656,0.03497337580145352,0.01628253015832422,3.968253968253968e-06
2020-10-13,GOOG,77.99899291992188,0.0016111201883862451,-0.006326891629163268,4.365079365079366e-06
2020-10-14,GOOG,77.82034301757812,-0.002293039943313707,-0.0066451720840594065,4.7619047619047615e-06
2020-10-15,GOOG,77.37615966796875,-0.005724156856166888,-0.001528923514213078,4.365079365079366e-06
2020-10-16,GOOG,78.06498718261719,0.008862930281166513,0.00013491045663045577,4.365079365079366e-06
2020-10-19,GOOG,76.1593017578125,-0.024714426459740025,-0.016464663514942676,4.365079365079366e-06
2020-10-20,GOOG,77.21736145019531,0.01379709865303467,0.0047161953200011274,3.968253968253968e-06
2020-10-21,GOOG,79.07244110107422,0.02374008726619474,-0.0021981140115702774,3.968253968253968e-06
2020-10-22,GOOG,80.1652603149414,0.013725849610502095,0.0052053540034913415,3.5714285714285714e-06
2020-10-23,GOOG,81.43920135498047,0.015766488334328047,0.003439838320389479,3.968253968253968e-06
2020-10-26,GOOG,78.93051147460938,-0.03128888240586928,-0.018764472985322012,4.365079365079366e-06
2020-10-27,GOOG,79.6158676147461,0.008645551074853612,-0.003030205350445511,3.968253968253968e-06
2020-10-28,GOOG,75.26649475097656,-0.05617833592133341,-0.03592554210857772,3.968253968253968e-06
2020-10-29,GOOG,77.77864074707031,0.03283177400826425,0.01187652493999744,3.5714285714285714e-06
2020-10-30,GOOG,80.44712829589844,0.03373332432218075,-0.012203713445259962,3.5714285714285714e-06
2020-11-02,GOOG,80.69625854492188,0.0030920343973819373,0.012242950890591667,3.5714285714285714e-06
2020-11-03,GOOG,81.8962631225586,0.014761150814208108,0.01764273768407783,3.968253968253968e-06
2020-11-04,GOOG,86.8054428100586,0.05821596238654444,0.021807525655091704,3.968253968253968e-06
2020-11-05,GOOG,87.51215362548828,0.008108357409640044,0.01927326577670128,3.968253968253968e-06
2020-11-06,GOOG,87.43175506591797,-0.0009191353483733531,-0.00028775658537381985,3.968253968253968e-06
2020-11-09,GOOG,87.49378967285156,0.0007092687306114233,0.011631974746344153,4.365079365079366e-06
2020-11-10,GOOG,86.3717041015625,-0.01290769233125143,-0.001400775220867666,3.968253968253968e-06
2020-11-11,GOOG,86.98310852050781,0.007053821521332059,0.007622728362991461,3.968253968253968e-06
2020-11-12,GOOG,86.84068298339844,-0.001638735040240535,-0.01002865154706935,3.968253968253968e-06
2020-11-13,GOOG,88.18955993652344,0.015413378112923783,0.013518546706294007,3.5714285714285714e-06
2020-11-16,GOOG,88.40593719482422,0.0024505422855880207,0.011580734922832603,3.5714285714285714e-06
2020-11-17,GOOG,87.84861755371094,-0.006324052156765459,-0.004803443784647531,3.5714285714285714e-06
2020-11-18,GOOG,86.68881225585938,-0.013290242333538791,-0.011631210647481315,3.5714285714285714e-06
2020-11-19,GOOG,87.5394515991211,0.009764731432967019,0.003938675690732779,2.7777777777777783e-06
2020-11-20,GOOG,86.46102905273438,-0.012395785932410358,-0.006815737372918576,2.7777777777777783e-06
2020-11-23,GOOG,86.09725189208984,-0.004216287941217745,0.005620108181849693,3.1746031746031746e-06
2020-11-24,GOOG,87.78559875488281,0.019419970600184886,0.016032458814031775,3.5714285714285714e-06
2020-11-25,GOOG,87.91215515136719,0.0014406150967591592,-0.0015856747555094064,3.5714285714285714e-06
2020-11-27,GOOG,88.99205017089844,0.012208962828399035,0.0023941110259011363,3.5714285714285714e-06
2020-11-30,GOOG,87.3816146850586,-0.018262139581474934,-0.004606140636972006,3.1746031746031746e-06
2020-12-01,GOOG,89.23572540283203,0.020996566165445162,0.011208140661592923,3.5714285714285714e-06
2020-12-02,GOOG,90.71710205078124,0.016464427180537144,0.0017895645286042845,3.5714285714285714e-06
2020-12-03,GOOG,90.65853881835938,-0.0006457673607809388,-0.0006243520802942291,3.1746031746031746e-06
2020-12-04,GOOG,90.71908569335938,0.000667633368911678,0.00879746371518688,3.5714285714285714e-06
2020-12-07,GOOG,90.29676818847656,-0.004666091528064471,-0.001937513438963252,3.1746031746031746e-06
2020-12-08,GOOG,90.25059509277344,-0.000511479047609348,0.002783271170170473,3.5714285714285714e-06
2020-12-09,GOOG,88.54241180419922,-0.019108524370879655,-0.00798096494847171,3.1746031746031746e-06
2020-12-10,GOOG,88.10569763183594,-0.004944463470107733,-0.0012859345277717227,3.1746031746031746e-06
2020-12-11,GOOG,88.42530059814453,0.003620931379868595,-0.0012657980842328352,3.1746031746031746e-06
2020-12-14,GOOG,87.34786224365234,-0.01225957173090248,-0.0043687882451469585,3.5714285714285714e-06
2020-12-15,GOOG,87.73049926757812,0.0043710442552188445,0.012838482022218645,3.1746031746031746e-06
2020-12-16,GOOG,87.49378967285156,-0.002701791402891359,0.0017712256203230642,3.5714285714285714e-06
2020-12-17,GOOG,86.74440002441406,-0.008601951966660646,0.0057411428089832834,3.1746031746031746e-06
2020-12-18,GOOG,85.90618133544922,-0.009710077641776322,-0.003517296952148704,3.1746031746031746e-06
2020-12-21,GOOG,86.32108306884766,0.004818081939089163,-0.003913928486909485,3.5714285714285714e-06
2020-12-22,GOOG,85.53347778320312,-0.009166015682199153,-0.0020752446917703606,3.5714285714285714e-06
2020-12-23,GOOG,85.97418212890625,0.005139191052954031,0.0007455332718186887,3.5714285714285714e-06
2020-12-24,GOOG,86.29527282714844,0.00372777716346363,0.0035303499794869524,3.5714285714285714e-06
2020-12-28,GOOG,88.1434097290039,0.02119032349899185,0.0086847075384115,4.365079365079366e-06
2020-12-29,GOOG,87.28136444091797,-0.009828169722432991,-0.002229864827278697,3.968253968253968e-06
2020-12-30,GOOG,86.32852172851562,-0.01097693571477407,0.0013406480950792154,3.1746031746031746e-06
2020-12-31,GOOG,86.94192504882812,0.007080328980106684,0.006418204711703793,3.5714285714285714e-06
2021-01-04,GOOG,85.76873016357422,-0.013585877826294107,-0.014864762712025787,3.5714285714285714e-06
2021-01-05,GOOG,86.39801025390625,0.0073101563183799205,0.007057631383362026,3.5714285714285714e-06
2021-01-06,GOOG,86.11859893798828,-0.003239242430528609,0.005693603382474094,3.5714285714285714e-06
2021-01-07,GOOG,88.697265625,0.02950365796813725,0.014738260107752971,3.5714285714285714e-06
2021-01-08,GOOG,89.68782043457031,0.011105917123433411,0.00547683739351537,3.1746031746031746e-06
2021-01-11,GOOG,87.67839813232422,-0.022659425180604743,-0.006576327616621317,3.1746031746031746e-06
2021-01-12,GOOG,86.67740631103516,-0.01148229991300837,0.000415702030569564,3.5714285714285714e-06
2021-01-13,GOOG,87.06697845458984,0.0044844361093269195,0.0022730563867261076,3.5714285714285714e-06
2021-01-14,GOOG,86.36127471923828,-0.00813832368676918,-0.003760513068743101,3.5714285714285714e-06
2021-01-15,GOOG,86.16326141357422,-0.002295480944922599,-0.007216000798278504,3.5714285714285714e-06
2021-01-19,GOOG,88.87641906738281,0.031002969877620485,0.008103457635761657,3.5714285714285714e-06
2021-01-20,GOOG,93.64266204833984,0.05223921575823568,0.013839417376510862,3.1746031746031746e-06
2021-01-21,GOOG,93.85855102539062,0.002302801874342486,0.00031667316131354906,3.5714285714285714e-06
2021-01-22,GOOG,94.34490203857422,0.005168365275797105,-0.0030151526629377105,3.1746031746031746e-06
2021-01-25,GOOG,94.26300811767578,-0.0008684039389135079,0.0036093175130174657,3.5714285714285714e-06
2021-01-26,GOOG,95.14837646484376,0.009348696725964046,-0.001489943161153501,2.7777777777777783e-06
2021-01-27,GOOG,90.85803985595705,-0.04613924382972764,-0.02601331512610035,3.1746031746031746e-06
2021-01-28,GOOG,92.46202087402344,0.017499688194993843,0.009713298778760395,2.7777777777777783e-06
2021-01-29,GOOG,91.10370635986328,-0.014799487100204832,-0.019500377654792,2.3809523809523808e-06
2021-02-01,GOOG,94.35978698730467,0.03511650913064229,0.015924300234678626,2.7777777777777783e-06
2021-02-02,GOOG,95.65805053710938,0.013664861873507605,0.013802528814310624,2.7777777777777783e-06
2021-02-03,GOOG,102.73298645019533,0.07135339870942754,0.0010082606153447803,1.5873015873015873e-06
2021-02-04,GOOG,102.350830078125,-0.0037268354067443257,0.010794847643921975,1.5873015873015873e-06
2021-02-05,GOOG,104.11910247802734,0.01712903775032642,0.003889919607763825,1.1904761904761904e-06
2021-02-08,GOOG,103.8664779663086,-0.0024292514453422174,0.007372107476289037,1.984126984126984e-06
2021-02-09,GOOG,103.39997863769533,-0.0045014530955231466,-0.0011141454217211749,1.5873015873015873e-06
2021-02-10,GOOG,103.9890594482422,0.005680940519043801,-0.0003452445223915674,1.984126984126984e-06
2021-02-11,GOOG,104.01436614990234,0.00024332966355950568,0.0016610748145877074,1.984126984126984e-06
2021-02-12,GOOG,104.42230987548828,0.003914323085920916,0.004699970926162608,1.5873015873015873e-06
2021-02-16,GOOG,105.3051986694336,0.008419439257218254,-0.0005694345154154666,1.5873015873015873e-06
2021-02-17,GOOG,105.62330627441406,0.0030162622755934712,-0.0003204533489169501,1.5873015873015873e-06
2021-02-18,GOOG,105.07194519042967,-0.0052337424666844285,-0.004425614227243303,1.1904761904761904e-06
2021-02-19,GOOG,104.27490997314452,-0.0076145310875497495,-0.0018566190956649255,1.5873015873015873e-06
2021-02-22,GOOG,102.47543334960938,-0.017407681508768563,-0.007762892893710863,1.1904761904761904e-06
2021-02-23,GOOG,102.77218627929688,0.0028916597133143112,0.0012555296115265332,1.5873015873015873e-06
2021-02-24,GOOG,103.97864532470705,0.011670789714038475,0.011287667670985945,1.1904761904761904e-06
2021-02-25,GOOG,100.8118896484375,-0.030929243098442617,-0.02478339442417185,1.5873015873015873e-06
2021-02-26,GOOG,101.0848388671875,0.002703851489291481,-0.004761532293798778,1.5873015873015873e-06
2021-03-01,GOOG,103.3007354736328,0.021684342851569626,0.02351217322569352,1.984126984126984e-06
2021-03-02,GOOG,103.01934051513672,-0.0027277532894201266,-0.008113678739508762,1.5873015873015873e-06
2021-03-03,GOOG,100.58113861083984,-0.02395199146476794,-0.01315233589480116,1.984126984126984e-06
2021-03-04,GOOG,101.69178009033205,0.010981723587978434,-0.013508038064390469,1.5873015873015873e-06
2021-03-05,GOOG,104.64216613769533,0.028600113634298104,0.019308356338709188,1.5873015873015873e-06
2021-03-08,GOOG,100.45507049560548,-0.04083602055889894,-0.005373643224025429,1.984126984126984e-06
2021-03-09,GOOG,101.8709487915039,0.013996236513644586,0.014055400743930569,1.984126984126984e-06
2021-03-10,GOOG,101.98658752441406,0.0011345054728239112,0.006012203770988197,1.5873015873015873e-06
2021-03-11,GOOG,104.95134735107422,0.028655574433196104,0.010341825500657608,1.5873015873015873e-06
2021-03-12,GOOG,102.32852172851562,-0.025308445338498856,0.0010148833275308508,1.5873015873015873e-06
2021-03-15,GOOG,102.5553207397461,0.002213928644989794,0.006470939539413048,1.5873015873015873e-06
2021-03-16,GOOG,103.84712982177734,0.012517544691491024,-0.0015709169785959108,7.936507936507937e-07
2021-03-17,GOOG,103.77567291259766,-0.0006883339504137391,0.0028752446501592592,7.936507936507937e-07
2021-03-18,GOOG,101.0530776977539,-0.026585677697144552,-0.014870560065947797,3.9682539682539683e-07
2021-03-19,GOOG,101.39949035644533,0.003422164510894774,-0.0006028856737550234,3.9682539682539683e-07
2021-03-22,GOOG,101.1707000732422,-0.0022588751089355056,0.007000556898342752,1.1904761904761904e-06
2021-03-23,GOOG,101.88385009765624,0.007024249947137557,-0.007660118119334028,3.9682539682539683e-07
2021-03-24,GOOG,101.49178314208984,-0.003855598972351376,-0.00548233660034883,7.936507936507937e-07
2021-03-25,GOOG,101.45703887939452,-0.00034239433063658407,0.005226583432729291,7.936507936507937e-07
2021-03-26,GOOG,101.01982879638672,-0.004318624320323046,0.016494418658716575,7.936507936507937e-07
2021-03-29,GOOG,102.03224182128906,0.00997203733472833,-0.0008683896263867381,1.1904761904761904e-06
2021-03-30,GOOG,102.01189422607422,-0.00019944307811489196,-0.0031628294096500294,7.936507936507937e-07
2021-03-31,GOOG,102.66152954101562,0.006348039570018132,0.003615953592419885,1.1904761904761904e-06
2021-04-01,GOOG,106.09178161621094,0.03286712765627683,0.011755830427674127,7.936507936507937e-07
2021-04-05,GOOG,110.44910430908205,0.04025023659194581,0.0143349877622439,1.1904761904761904e-06
2021-04-06,GOOG,110.40940856933594,-0.00035946760354582235,-0.0009740049407969285,7.936507936507937e-07
2021-04-07,GOOG,111.6466293334961,0.011143435491283176,0.0014741456981068137,7.936507936507937e-07
2021-04-08,GOOG,112.42877197265624,0.006981094855747924,0.004211750940591775,3.9682539682539683e-07
2021-04-09,GOOG,113.44314575195312,0.008981909827762284,0.007690288135687276,7.936507936507937e-07
2021-04-12,GOOG,111.90022277832033,-0.01369418674928031,-0.0001960980747395339,7.936507936507937e-07
2021-04-13,GOOG,112.51958465576172,0.005519686136682492,0.0032890718770625686,1.1904761904761904e-06
2021-04-14,GOOG,111.9027099609375,-0.005497459594904577,-0.004096104320730151,7.936507936507937e-07
2021-04-15,GOOG,113.97814178466795,0.018376858551908508,0.011033101401119478,7.936507936507937e-07
2021-04-16,GOOG,114.0327377319336,0.00047888897604178636,0.0036023233905179666,7.936507936507937e-07
2021-04-19,GOOG,114.26301574707033,0.0020173664181280357,-0.005320689893757947,7.936507936507937e-07
2021-04-20,GOOG,113.8277816772461,-0.003816327558857528,-0.006825561005077803,1.1904761904761904e-06
2021-04-21,GOOG,113.81089782714844,-0.00014833902714054753,0.009263020919853236,1.1904761904761904e-06
2021-04-22,GOOG,112.5518569946289,-0.011124213584926615,-0.009253337860554323,1.1904761904761904e-06
2021-04-23,GOOG,114.90321350097656,0.02067608576766543,0.01086940989553096,1.1904761904761904e-06
2021-04-26,GOOG,115.470947265625,0.004928807224691418,0.001780684564582624,1.1904761904761904e-06
2021-04-27,GOOG,114.49726104736328,-0.00846805777043786,-0.0002149189814442344,3.9682539682539683e-07
2021-04-28,GOOG,118.1096649169922,0.031062654853468423,-0.0008458975873960478,3.9682539682539683e-07
2021-04-29,GOOG,120.59005737304688,0.020783281306987107,0.0067400415367024095,3.9682539682539683e-07
2021-04-30,GOOG,119.60890197753906,-0.008169567887921846,-0.0072207134171198275,3.9682539682539683e-07
2021-05-03,GOOG,118.86697387695312,-0.006222268744560978,0.002744321649512167,1.5873015873015873e-06
2021-05-04,GOOG,116.8362045288086,-0.01723200860826908,-0.0067007374898472305,7.936507936507937e-07
2021-05-05,GOOG,116.95978546142578,0.0010571690654909943,0.0007032164471135163,7.936507936507937e-07
2021-05-06,GOOG,118.18112182617188,0.010388216684163377,0.008132299498632055,7.936507936507937e-07
2021-05-07,GOOG,119.04167175292967,0.007255236215758001,0.007346291419186351,7.936507936507937e-07
2021-05-10,GOOG,116.21139526367188,-0.02406270904748663,-0.010490480503138024,7.936507936507937e-07
2021-05-11,GOOG,114.57865142822266,-0.014149406347001419,-0.008711750141781542,3.9682539682539683e-07
2021-05-12,GOOG,111.12056732177734,-0.030645695294471552,-0.021682782358302413,7.936507936507937e-07
2021-05-13,GOOG,112.25655364990234,0.010171105406377594,0.012099644578094055,7.936507936507937e-07
2021-05-14,GOOG,114.94588470458984,0.02367454049831852,0.014807778563623631,3.9682539682539683e-07
2021-05-17,GOOG,115.2064437866211,0.002264232519894853,-0.002533258183961915,7.936507936507937e-07
2021-05-18,GOOG,114.31414031982422,-0.0077754068617580585,-0.0085537723840327,7.936507936507937e-07
2021-05-19,GOOG,114.57616424560548,0.0022895162880489754,-0.002947751811378411,3.9682539682539683e-07
2021-05-20,GOOG,116.9275131225586,0.020314405067320084,0.01049942933450842,3.9682539682539683e-07
2021-05-21,GOOG,116.38211059570312,-0.0046753623931989514,-0.0007841880752528091,3.9682539682539683e-07
2021-05-24,GOOG,119.4376983642578,0.025916048374075257,0.009862497481216075,7.936507936507937e-07
2021-05-25,GOOG,119.55680084228516,0.000996696478642882,-0.002127545400828599,7.936507936507937e-07
2021-05-26,GOOG,120.77069091796876,0.010102051912958066,0.0018750575506104544,7.936507936507937e-07
2021-05-27,GOOG,119.23123931884766,-0.012828836093102257,0.001164636089862995,7.936507936507937e-07
2021-05-28,GOOG,119.68038177490234,0.0037599090669802058,0.000768586452887337,3.9682539682539683e-07
2021-06-01,GOOG,120.5860824584961,0.007539170948502121,-0.0004924547586291649,7.936507936507937e-07
2021-06-02,GOOG,120.16276550292967,-0.003516672211839372,0.0014458890369002922,7.936507936507937e-07
2021-06-03,GOOG,119.3354721069336,-0.0069085826660501915,-0.003635303056049319,7.936507936507937e-07
2021-06-04,GOOG,121.67540740966795,0.019418283801404715,0.008795303383016323,7.936507936507937e-07
2021-06-07,GOOG,122.38656616210938,0.005827706420136145,-0.0007970562694215079,7.936507936507937e-07
2021-06-08,GOOG,123.21833801269533,0.006773277051049169,0.00017500954944121158,7.936507936507937e-07
2021-06-09,GOOG,123.64265441894533,0.0034376984386486364,-0.0018255325906156837,1.1904761904761904e-06
2021-06-10,GOOG,125.14142608642578,0.012048920466230116,0.004641454776462911,1.1904761904761904e-06
2021-06-11,GOOG,124.76078033447266,-0.0030463600284331557,0.0019465389328083601,1.1904761904761904e-06
2021-06-14,GOOG,125.41139221191406,0.005201324652625477,0.0018135563851361702,1.1904761904761904e-06
2021-06-15,GOOG,125.09476470947266,-0.0025279033054080645,-0.00201371995427588,1.1904761904761904e-06
2021-06-16,GOOG,124.76078033447266,-0.0026734213472173695,-0.005404703747026491,1.5873015873015873e-06
2021-06-17,GOOG,125.43024444580078,0.005351636492186121,-0.00043581054367264766,1.5873015873015873e-06
2021-06-18,GOOG,124.63272857666016,-0.006378541880578132,-0.013211355687284158,1.984126984126984e-06
2021-06-21,GOOG,125.51363372802734,0.007043146938113977,0.013905163512319857,1.984126984126984e-06
2021-06-22,GOOG,126.0540771484375,0.004296610641707496,0.005111406378990611,1.5873015873015873e-06
2021-06-23,GOOG,125.52008056640624,-0.004245248310568519,-0.0010838705186495853,1.984126984126984e-06
2021-06-24,GOOG,126.33446502685548,0.006467124084732731,0.005794429545916893,1.984126984126984e-06
2021-06-25,GOOG,126.04961395263672,-0.0022572833937969015,0.003325063164687565,2.3809523809523808e-06
2021-06-28,GOOG,125.87541198730467,-0.0013829669557198492,0.0023122888604717494,1.984126984126984e-06
2021-06-29,GOOG,125.08037567138672,-0.006336087986878235,0.0002772977426878152,1.5873015873015873e-06
2021-06-30,GOOG,124.3831024169922,-0.005590197615863351,0.0013272784229071918,1.984126984126984e-06
2021-07-01,GOOG,125.4277801513672,0.008363797553562159,0.005208041432254744,1.984126984126984e-06
2021-07-02,GOOG,127.76078033447266,0.018429475731609912,0.007472095894691671,1.984126984126984e-06
2021-07-06,GOOG,128.804931640625,0.00813949036920468,-0.0020239027700217787,1.984126984126984e-06
2021-07-07,GOOG,129.1091766357422,0.0023592748630457713,0.0033533465536629346,1.984126984126984e-06
2021-07-08,GOOG,128.21536254882812,-0.006947006954201454,-0.008597881009556396,2.3809523809523808e-06
2021-07-09,GOOG,128.60989379882812,0.003072373534893598,0.011214825902413766,2.3809523809523808e-06
2021-07-12,GOOG,129.59202575683594,0.007607508854835458,0.0034452326955940497,1.984126984126984e-06
2021-07-13,GOOG,130.0193328857422,0.003291901533281895,-0.0035230111811655838,1.984126984126984e-06
2021-07-14,GOOG,131.0992431640625,0.00827146388188098,0.0011642565654693257,2.3809523809523808e-06
2021-07-15,GOOG,130.289306640625,-0.006197204247839985,-0.0032675735627459117,1.984126984126984e-06
2021-07-16,GOOG,130.864013671875,0.00440130692810564,-0.007567415006813217,1.984126984126984e-06
2021-07-19,GOOG,128.29180908203125,-0.01985129280006106,-0.015996781399983978,1.984126984126984e-06
2021-07-20,GOOG,130.1255340576172,0.014192203449420602,0.0150488060047999,1.984126984126984e-06
2021-07-21,GOOG,131.61337280273438,0.011368999654717566,0.008208041662144044,1.984126984126984e-06
2021-07-22,GOOG,132.3359832763672,0.005475385806420754,0.0020146392092429753,1.984126984126984e-06
2021-07-23,GOOG,136.79005432128906,0.03310328363871925,0.010094332386254415,1.984126984126984e-06
2021-07-26,GOOG,138.6049346923828,0.013180389747397785,0.0023793669227295928,1.984126984126984e-06
2021-07-27,GOOG,135.7781524658203,-0.02060536800339858,-0.004723583382178003,1.984126984126984e-06
2021-07-28,GOOG,135.36624145507812,-0.003038317124399706,-0.000186279231552706,1.984126984126984e-06
2021-07-29,GOOG,135.52406311035156,0.0011652072478779655,0.004197331845272641,2.3809523809523808e-06
2021-07-30,GOOG,134.21435546875,-0.00971102256056746,-0.005420713608261166,2.3809523809523808e-06
2021-08-02,GOOG,134.97714233398438,0.005667258535630508,-0.001844505670060361,1.984126984126984e-06
2021-08-03,GOOG,135.26547241210938,0.002133861736069529,0.008169961338918062,1.984126984126984e-06
2021-08-04,GOOG,135.015869140625,-0.0018469890744793784,-0.004643150661295458,1.984126984126984e-06
2021-08-05,GOOG,135.92056274414062,0.006678296895236566,0.005987485990419113,1.984126984126984e-06
2021-08-06,GOOG,136.01583862304688,0.0007007218035224263,0.0016738645485288822,2.3809523809523808e-06
2021-08-09,GOOG,136.97467041015625,0.007024681798574601,-0.0009403502649549345,2.3809523809523808e-06
2021-08-10,GOOG,137.06845092773438,0.0006844216397849645,0.0009921869538634502,1.984126984126984e-06
2021-08-11,GOOG,136.66448974609375,-0.002951500640736305,0.0012749307180154837,1.984126984126984e-06
2021-08-12,GOOG,137.35928344726562,0.0050710577552865056,0.00413780773547866,2.3809523809523808e-06
2021-08-13,GOOG,137.3756561279297,0.00011918892230282572,0.0016060163209228441,2.3809523809523808e-06
2021-08-16,GOOG,137.88186645507812,0.003678089471126835,0.0026174222619943593,2.3809523809523808e-06
2021-08-17,GOOG,136.2783966064453,-0.011697451076960514,-0.007085743507137991,2.7777777777777783e-06
2021-08-18,GOOG,135.5533447265625,-0.0053345764241454685,-0.01080665284525433,2.7777777777777783e-06
2021-08-19,GOOG,135.89427185058594,0.0025119196667544993,0.001255903256156918,2.3809523809523808e-06
2021-08-20,GOOG,137.40643310546875,0.011066028434285825,0.00810860389074176,1.984126984126984e-06
2021-08-23,GOOG,140.04910278320312,0.01904989631727877,0.008487667984412181,1.984126984126984e-06
2021-08-24,GOOG,141.33843994140625,0.009164202289817108,0.0014946188019620721,1.984126984126984e-06
2021-08-25,GOOG,141.88583374023438,0.0038654489129406923,0.00221765740325088,2.3809523809523808e-06
2021-08-26,GOOG,141.06500244140625,-0.005801952116606199,-0.0058419498276026565,1.984126984126984e-06
2021-08-27,GOOG,143.4744110107422,0.0169359044477122,0.008769071540452218,1.984126984126984e-06
2021-08-30,GOOG,144.38658142089844,0.0063375968766688886,0.0042973241068746,1.984126984126984e-06
2021-08-31,GOOG,144.37913513183594,-5.1573221039150934e-05,-0.0013500269158932096,1.5873015873015873e-06
2021-09-01,GOOG,144.75628662109375,0.0026088239267109755,0.00031164006095334113,1.984126984126984e-06
2021-09-02,GOOG,143.14537048339844,-0.011190855695789212,0.002838605754404257,1.984126984126984e-06
2021-09-03,GOOG,143.69725036621094,0.003847967656583322,-0.0003350872611813474,1.984126984126984e-06
2021-09-07,GOOG,144.43569946289062,0.005125763741478869,-0.0034013524523203464,1.984126984126984e-06
2021-09-08,GOOG,143.80494689941406,-0.004376576157768197,-0.001319436813816666,1.984126984126984e-06
2021-09-09,GOOG,143.834716796875,0.0002069943844647729,-0.004616247150002522,1.5873015873015873e-06
2021-09-10,GOOG,140.864501953125,-0.02086639104144983,-0.0077525522862761,1.984126984126984e-06
2021-09-13,GOOG,142.39700317382812,0.010820504342896447,0.002273900346369644,2.3809523809523808e-06
2021-09-14,GOOG,142.33843994140625,-0.00041135190341557397,-0.005763213966258604,1.5873015873015873e-06
2021-09-15,GOOG,144.12503051757812,0.012473588607624703,0.008438294222079725,1.5873015873015873e-06
2021-09-16,GOOG,143.29876708984375,-0.005749459235531877,-0.0015523447127638308,1.5873015873015873e-06
2021-09-17,GOOG,140.41041564941406,-0.020362056720252184,-0.0091526302757993,1.5873015873015873e-06
2021-09-20,GOOG,137.98211669921875,-0.017445586753526015,-0.017123077726381844,1.5873015873015873e-06
2021-09-21,GOOG,138.60693359375,0.004518023809768972,-0.0008126886585469564,1.1904761904761904e-06
2021-09-22,GOOG,139.8893280029297,0.009209484289869703,0.009474585224220084,1.1904761904761904e-06
2021-09-23,GOOG,140.7707061767578,0.006280773632731723,0.012061680369935969,1.1904761904761904e-06
2021-09-24,GOOG,141.57118225097656,0.005670276014794958,0.0014599428113642636,1.1904761904761904e-06
2021-09-27,GOOG,140.4476318359375,-0.007967953223456314,-0.002780243920187674,1.5873015873015873e-06
2021-09-28,GOOG,135.1702117919922,-0.038299879796417996,-0.020574317739894057,1.5873015873015873e-06
2021-09-29,GOOG,133.5195770263672,-0.012286700869672066,0.0015679543362838073,1.5873015873015873e-06
2021-09-30,GOOG,132.2734375,-0.009376835272715293,-0.011981202945014901,1.5873015873015873e-06
2021-10-01,GOOG,135.44664001464844,0.023706485921409386,0.011425952113334161,1.5873015873015873e-06
2021-10-04,GOOG,132.7692108154297,-0.019965398237546377,-0.013070952048643704,1.5873015873015873e-06
2021-10-05,GOOG,135.16326904296875,0.017871084128782373,0.010469517498601526,1.5873015873015873e-06
2021-10-06,GOOG,136.33151245117188,0.008606063160364759,0.004094399349624824,1.5873015873015873e-06
2021-10-07,GOOG,138.1493682861328,0.013245967510916964,0.008264039225065405,1.984126984126984e-06
2021-10-08,GOOG,139.0133819580078,0.006234722883387364,-0.0019155566024214522,1.984126984126984e-06
2021-10-11,GOOG,137.81387329101562,-0.008666171060944208,-0.006889441644339833,1.984126984126984e-06
2021-10-12,GOOG,135.6952667236328,-0.015492344727356043,-0.0024197056865549256,2.3809523809523808e-06
2021-10-13,GOOG,136.8734130859375,0.008644820823232539,0.0030179558702319183,1.984126984126984e-06
2021-10-14,GOOG,140.35928344726562,0.025148938984721265,0.016919162285711567,1.984126984126984e-06
2021-10-15,GOOG,140.62033081054688,0.0018581236868658929,0.007432520637190081,1.984126984126984e-06
2021-10-18,GOOG,141.89625549316406,0.009032626185574481,0.0033690878018038262,2.3809523809523808e-06
2021-10-19,GOOG,142.7513427734375,0.00600805949277015,0.007366142784235753,1.984126984126984e-06
2021-10-20,GOOG,141.3548126220703,-0.009831123844588584,0.003657333598560689,1.984126984126984e-06
2021-10-21,GOOG,141.7176055908203,0.0025632533870847208,0.002991393168360022,2.3809523809523808e-06
2021-10-22,GOOG,137.59303283691406,-0.02953609373862212,-0.0010731292246643565,2.3809523809523808e-06
2021-10-25,GOOG,137.7399139404297,0.001066934554460794,0.004736959440853509,2.3809523809523808e-06
2021-10-26,GOOG,138.6322479248047,0.006457503383573306,0.0018181414322441137,2.3809523809523808e-06
2021-10-27,GOOG,145.3374481201172,0.047233538330524856,-0.0050643703711055294,2.3809523809523808e-06
2021-10-28,GOOG,145.04116821289062,-0.00204064620035077,0.009781288424184026,2.3809523809523808e-06
2021-10-29,GOOG,147.1667022705078,0.014548352471705885,0.0019474372317175562,1.984126984126984e-06
2021-11-01,GOOG,142.7036895751953,-0.030795593688655993,0.0017984589459023885,1.984126984126984e-06
2021-11-02,GOOG,144.77716064453125,0.01442535753950284,0.003673607120388547,1.984126984126984e-06
2021-11-03,GOOG,145.69725036621094,0.006335103981662653,0.00644049461289024,1.984126984126984e-06
2021-11-04,GOOG,147.57615661621094,0.012813517439626745,0.004173222342817036,1.5873015873015873e-06
2021-11-05,GOOG,148.13002014160156,0.003746043989701447,0.003725850045284445,1.984126984126984e-06
2021-11-08,GOOG,148.23965454101562,0.0007398490046757492,0.0008873940607025194,2.3809523809523808e-06
2021-11-09,GOOG,148.137451171875,-0.0006896846701164824,-0.0035049109264001276,1.5873015873015873e-06
2021-11-10,GOOG,145.53448486328125,-0.01772749900208376,-0.008259842163861058,1.984126984126984e-06
2021-11-11,GOOG,145.6555633544922,0.0008316115123433216,0.0005507883329889288,1.984126984126984e-06
2021-11-12,GOOG,148.531494140625,0.019552338100410908,0.007196697564130407,1.984126984126984e-06
2021-11-15,GOOG,148.27590942382812,-0.0017222264465162603,-1.0739878017001878e-05,1.984126984126984e-06
2021-11-16,GOOG,147.96624755859375,-0.0020906003465064713,0.0038577790571266367,1.984126984126984e-06
2021-11-17,GOOG,147.95233154296875,-9.405300388711391e-05,-0.0026050154828958787,1.984126984126984e-06
2021-11-18,GOOG,149.58705139160156,0.010988369210575734,0.0033790647401719144,1.984126984126984e-06
2021-11-19,GOOG,148.836181640625,-0.005032257897001393,-0.001399644604988097,1.984126984126984e-06
2021-11-22,GOOG,145.98358154296875,-0.019352088828680718,-0.003202258316960725,1.984126984126984e-06
2021-11-23,GOOG,145.66448974609375,-0.0021881984186481827,0.001655761383195201,2.3809523809523808e-06
2021-11-24,GOOG,145.62527465820312,-0.0002692513978837353,0.0022912237766672798,2.3809523809523808e-06
2021-11-26,GOOG,141.74290466308594,-0.02702182431491844,-0.022987011159321162,2.3809523809523808e-06
2021-11-29,GOOG,145.02626037597656,0.022899945995890736,0.013113836082824229,2.3809523809523808e-06
2021-11-30,GOOG,141.39154052734375,-0.025381906930573753,-0.019143381187850562,1.984126984126984e-06
2021-12-01,GOOG,140.56373596191406,-0.005871902482135684,-0.011885541457955926,2.3809523809523808e-06
2021-12-02,GOOG,142.7061767578125,0.015126785812759608,0.014094638396057768,1.984126984126984e-06
2021-12-03,GOOG,141.45953369140625,-0.008774113260650243,-0.00848445514173865,2.3809523809523808e-06
2021-12-06,GOOG,142.72601318359375,0.008913105473247142,0.011662599309686139,2.3809523809523808e-06
2021-12-07,GOOG,146.9344482421875,0.02905975632026537,0.020495603186252546,2.3809523809523808e-06
2021-12-08,GOOG,147.61337280273438,0.0046099527098474175,0.003080535586585806,2.7777777777777783e-06
2021-12-09,GOOG,147.00344848632812,-0.004140464112589196,-0.007206988232523656,2.3809523809523808e-06
2021-12-10,GOOG,147.56820678710938,0.00383444219861853,0.009503769118209724,2.3809523809523808e-06
2021-12-13,GOOG,145.61236572265625,-0.013342426222727242,-0.009178158342793815,1.984126984126984e-06
2021-12-14,GOOG,143.8912811279297,-0.011890039311408597,-0.0074987228546236715,1.984126984126984e-06
2021-12-15,GOOG,146.27145385742188,0.016406146137068187,0.016216267351890877,2.3809523809523808e-06
2021-12-16,GOOG,143.76026916503906,-0.017317053600046574,-0.008781863311112446,1.984126984126984e-06
2021-12-17,GOOG,141.73992919921875,-0.014153220925412642,-0.01034096458405368,1.984126984126984e-06
2021-12-20,GOOG,141.34140014648438,-0.002815652427145058,-0.01145339832325659,2.7777777777777783e-06
2021-12-21,GOOG,143.14686584472656,0.01269289565745578,0.017621755385195486,2.7777777777777783e-06
2021-12-22,GOOG,145.8550567626953,0.018742229593858063,0.010128728029127596,3.1746031746031746e-06
2021-12-23,GOOG,146.04713439941406,0.0013160412648955228,0.006204412685251626,3.1746031746031746e-06
2021-12-27,GOOG,146.9617462158203,0.006242915129328629,0.013744051573605864,2.3809523809523808e-06
2021-12-28,GOOG,145.3577880859375,-0.010974115916689224,-0.0010106653988873737,2.3809523809523808e-06
2021-12-29,GOOG,145.4138641357422,0.0003857050718074693,0.0014009134018576786,1.984126984126984e-06
2021-12-30,GOOG,144.91561889648438,-0.003432277860221443,-0.002994233841904309,1.984126984126984e-06
2021-12-31,GOOG,143.6024627685547,-0.009102827717715787,-0.0026296343734744394,2.3809523809523808e-06
2022-01-03,GOOG,143.9945068359375,0.0027263452098204863,0.006353824170388397,3.5714285714285714e-06
2022-01-04,GOOG,143.3414306640625,-0.00454574044681424,-0.0006298202522032699,3.1746031746031746e-06
2022-01-05,GOOG,136.62876892089844,-0.04796187943237872,-0.019583264304501073,3.5714285714285714e-06
2022-01-06,GOOG,136.52700805664062,-0.0007450757226620647,-0.0009642337401809882,3.968253968253968e-06
2022-01-07,GOOG,135.98460388183594,-0.003980783697397446,-0.004058441082336512,3.968253968253968e-06
2022-01-10,GOOG,137.5424346923828,0.011390812862645502,-0.0014420705375388979,5.158730158730158e-06
2022-01-11,GOOG,138.97515869140625,0.010362717269923478,0.009118286452399373,4.7619047619047615e-06
2022-01-12,GOOG,140.593505859375,0.011577586833891873,0.0028137920146670695,4.7619047619047615e-06
2022-01-13,GOOG,138.0952606201172,-0.017929048180616167,-0.014346029234400533,4.7619047619047615e-06
2022-01-14,GOOG,138.7458953857422,0.004700428021179772,0.0008196442695905652,5.158730158730158e-06
2022-01-18,GOOG,135.27590942382812,-0.02532770309904856,-0.0185591053980085,6.746031746031747e-06
2022-01-19,GOOG,134.6421661376953,-0.004695828164598712,-0.009736790941460195,6.746031746031747e-06
2022-01-20,GOOG,132.5126495361328,-0.015942529053147792,-0.011098742304330734,7.142857142857143e-06
2022-01-21,GOOG,129.12356567382812,-0.025908289732524986,-0.019095995324635427,6.746031746031747e-06
2022-01-24,GOOG,129.4014434814453,0.002149717859311995,0.0027679047582695165,7.936507936507936e-06
2022-01-25,GOOG,125.7920379638672,-0.028289486155349205,-0.012246590556866267,7.936507936507936e-06
2022-01-26,GOOG,128.27792358398438,0.01956913706385258,-0.0014977569258856588,7.5396825396825394e-06
2022-01-27,GOOG,128.1597900390625,-0.000921343055274848,-0.005398635199970923,7.936507936507936e-06
2022-01-28,GOOG,132.29725646972656,0.03177348866889316,0.024055967914736694,7.5396825396825394e-06
2022-01-31,GOOG,134.68832397460938,0.01791206424065215,0.018709826222984446,9.523809523809523e-06
2022-02-01,GOOG,136.85208129882812,0.015937246028786396,0.006839560348317067,7.936507936507936e-06
2022-02-02,GOOG,146.9344482421875,0.0710859130119309,0.009378400448324454,7.936507936507936e-06
2022-02-03,GOOG,141.58856201171875,-0.03706115575338238,-0.024693471720120656,8.333333333333332e-06
2022-02-04,GOOG,141.9513397216797,0.0025589196137892354,0.005143678439863626,9.126984126984127e-06
2022-02-07,GOOG,137.90370178222656,-0.02892869245739504,-0.003708580927828488,1.1111111111111113e-05
2022-02-08,GOOG,138.17665100097656,0.001977317870898387,0.00836611346663433,1.0714285714285714e-05
2022-02-09,GOOG,140.40000915527344,0.01596261052931328,0.014412842079264784,1.0714285714285714e-05
2022-02-10,GOOG,137.57069396972656,-0.020357633855572446,-0.01828182448505601,1.6269841269841268e-05
2022-02-11,GOOG,133.13150024414062,-0.03280055954800103,-0.019151682638086528,1.4682539682539683e-05
2022-02-14,GOOG,134.2927703857422,0.008684906857377933,-0.0038479907556283146,1.785714285714286e-05
2022-02-15,GOOG,135.40989685058594,0.008284180984177195,0.015643717646064172,1.6269841269841268e-05
2022-02-16,GOOG,136.46400451660156,0.0077544254359476275,0.0008808197202838003,1.5476190476190476e-05
2022-02-17,GOOG,131.32354736328125,-0.03839677128283102,-0.021400504136936647,1.4682539682539683e-05
2022-02-18,GOOG,129.49624633789062,-0.014012210479605826,-0.007191961663866342,1.3888888888888888e-05
2022-02-22,GOOG,128.439208984375,-0.008196184348600593,-0.010194735435016016,1.5476190476190476e-05
2022-02-23,GOOG,126.6352081298828,-0.014145134225799891,-0.018583735748788438,1.4285714285714285e-05
2022-02-24,GOOG,131.6858367919922,0.039108485186206854,0.014846105252724002,1.3095238095238094e-05
2022-02-25,GOOG,133.51808166503906,0.013817850329009727,0.022126080551265786,1.3095238095238094e-05
2022-02-28,GOOG,133.8868408203125,0.002758059841272601,-0.0024455914631261143,1.4682539682539683e-05
2022-03-01,GOOG,133.16920471191406,-0.005374436173884417,-0.015594467786613053,1.2698412698412699e-05
2022-03-02,GOOG,133.74835205078125,0.004339529064650489,0.018471046780652183,1.3095238095238094e-05
2022-03-03,GOOG,133.30816650390625,-0.0032965751811404984,-0.005268520744245652,1.4682539682539683e-05
2022-03-04,GOOG,131.13844299316406,-0.016409907498238667,-0.007965684543001903,1.3095238095238094e-05
2022-03-07,GOOG,125.5230484008789,-0.04376418759876735,-0.029962586814416495,1.5079365079365079e-05
2022-03-08,GOOG,126.33100128173828,0.006416062426221799,-0.007260043975698096,1.4285714285714285e-05
2022-03-09,GOOG,132.86944580078125,0.05046157887356165,0.025373598122141117,1.5079365079365079e-05
2022-03-10,GOOG,131.69427490234375,-0.008883898550936218,-0.004301049920247209,1.5079365079365079e-05
2022-03-11,GOOG,129.5041961669922,-0.01676985360670812,-0.013046278933238144,1.5476190476190476e-05
2022-03-14,GOOG,125.79749298095705,-0.02903986799003014,-0.007448675095533314,1.785714285714286e-05
2022-03-15,GOOG,128.69529724121094,0.022774158003611815,0.021182629724144964,1.8253968253968254e-05
2022-03-16,GOOG,132.69525146484375,0.03060758324815653,0.022136921648393443,1.7063492063492063e-05
2022-03-17,GOOG,133.5984649658203,0.006783614549456567,0.012272205068700267,1.5873015873015872e-05
2022-03-18,GOOG,135.78311157226562,0.01622007362946937,0.011594814411888112,1.6269841269841268e-05
2022-03-21,GOOG,135.46250915527344,-0.0023639280548033697,-0.0004347548543014596,2.1825396825396827e-05
2022-03-22,GOOG,139.2332305908203,0.02745552808427646,0.011240699554074212,2.023809523809524e-05
2022-03-23,GOOG,137.47242736816406,-0.01272707615206798,-0.012348630252495208,1.984126984126984e-05
2022-03-24,GOOG,140.26004028320312,0.020074761545892043,0.014242012281618024,1.984126984126984e-05
2022-03-25,GOOG,140.4679718017578,0.0014813737684052175,0.005053380704237665,2.1031746031746032e-05
2022-03-28,GOOG,140.89329528808594,0.00302332879504208,0.007119551020042568,2.380952380952381e-05
2022-03-29,GOOG,142.18360900878906,0.009116410681965992,0.01218204410139109,2.2222222222222227e-05
2022-03-30,GOOG,141.5825958251953,-0.004235980691476137,-0.006313588999088777,2.1825396825396827e-05
2022-03-31,GOOG,138.60992431640625,-0.02121957465961419,-0.015776335226881762,2.023809523809524e-05
2022-04-01,GOOG,139.652587890625,0.007494135273839949,0.0034044209614630277,2.0634920634920633e-05
2022-04-04,GOOG,142.5731658935547,0.020697489327368795,0.008058382532133647,2.6587301587301588e-05
2022-04-05,GOOG,140.01287841796875,-0.01812090572966151,-0.01263115907400537,2.5793650793650796e-05
2022-04-06,GOOG,136.15480041503906,-0.027941930298575814,-0.009764433912479721,2.6587301587301588e-05
2022-04-07,GOOG,135.4490966796875,-0.005196577302407391,0.004244365552037262,2.6984126984126987e-05
2022-04-08,GOOG,133.01287841796875,-0.018149945733093892,-0.0026545466755523947,2.738095238095238e-05
2022-04-11,GOOG,128.83023071289062,-0.03195045711044155,-0.017021334584696127,3.095238095238095e-05
2022-04-12,GOOG,127.4188232421875,-0.011016015255881598,-0.0034233005304522353,2.9365079365079366e-05
2022-04-13,GOOG,129.3161163330078,0.014780439579241396,0.011112603268901934,2.9761904761904762e-05
2022-04-14,GOOG,126.3056869506836,-0.023554865293148302,-0.012218480383508163,3.095238095238095e-05
2022-04-18,GOOG,127.00840759277344,0.005548230121195502,-0.0002048892724065068,3.2539682539682536e-05
2022-04-19,GOOG,129.5592803955078,0.01988525428437276,0.01593004474938665,3.2539682539682536e-05
2022-04-20,GOOG,127.29080200195312,-0.017664291618309225,-0.0006186664061825758,3.2539682539682536e-05
2022-04-21,GOOG,124.00743103027344,-0.02613275697839046,-0.014862855551311067,3.2539682539682536e-05
2022-04-22,GOOG,118.72354888916016,-0.043543819566355654,-0.028132076377366966,3.2539682539682536e-05
2022-04-25,GOOG,122.33248901367188,0.02994498566045928,0.0056817651441118085,3.690476190476191e-05
2022-04-26,GOOG,118.6163558959961,-0.03084827245118738,-0.028550008928597752,3.333333333333333e-05
2022-04-27,GOOG,114.16423797607422,-0.038256289510235096,0.0020958490249645954,3.2539682539682536e-05
2022-04-28,GOOG,118.5225601196289,0.03746522760580863,0.024445655340832175,3.214285714285715e-05
2022-04-29,GOOG,114.11065673828124,-0.0379346724726569,-0.03695915978469415,3.2936507936507936e-05
2022-05-02,GOOG,116.28484344482422,0.018874077376688128,0.005659199293818601,3.571428571428572e-05
2022-05-03,GOOG,117.25010681152344,0.008266590182992393,0.004825465075359521,3.571428571428572e-05
2022-05-04,GOOG,121.66252136230467,0.03694167504074093,0.029425221557325833,3.4920634920634925e-05
2022-05-05,GOOG,115.87740325927734,-0.048718229566611496,-0.03630067756409906,3.333333333333333e-05
2022-05-06,GOOG,114.79899597167967,-0.009350025816656136,-0.00569038441395277,3.333333333333333e-05
2022-05-09,GOOG,112.2421646118164,-0.022524016782679852,-0.03256151953960419,3.650793650793651e-05
2022-05-10,GOOG,113.7314910888672,0.013181607715908747,0.002454881760409255,3.531746031746032e-05
2022-05-11,GOOG,113.11264038085938,-0.00545618913976726,-0.016600232095697796,3.571428571428572e-05
2022-05-12,GOOG,112.31858825683594,-0.007044768489305361,-0.0012968049941124407,3.76984126984127e-05
2022-05-13,GOOG,115.64811706542967,0.029212735965579495,0.023589267956869442,4.0079365079365075e-05
2022-05-16,GOOG,113.93795013427734,-0.014898104082333307,-0.003954208517722458,4.2460317460317464e-05
2022-05-17,GOOG,115.8327407836914,0.016493257643844707,0.01996891958146264,4.2063492063492065e-05
2022-05-18,GOOG,111.5642547607422,-0.03754655998908677,-0.041233809291248875,4.047619047619048e-05
2022-05-19,GOOG,109.92106628417967,-0.014838171823613557,-0.005850864777347809,4.1269841269841266e-05
2022-05-20,GOOG,108.49923706054688,-0.013019387718712347,0.0001461310919903067,4.0079365079365075e-05
2022-05-23,GOOG,110.83521270751952,0.021301386787846693,0.018384995412060758,4.2460317460317464e-05
2022-05-24,GOOG,105.137451171875,-0.052775975176752477,-0.008153950903558081,4.166666666666667e-05
2022-05-25,GOOG,105.05159759521484,-0.0008169177408462483,0.009406385648931585,4.166666666666667e-05
2022-05-26,GOOG,107.48980712890624,0.022944390540728863,0.019688166007720866,4.2063492063492065e-05
2022-05-27,GOOG,111.95928955078124,0.040739293397511256,0.024441130195822013,4.2063492063492065e-05
2022-05-31,GOOG,113.19005584716795,0.010932996973082308,-0.006294135193666945,4.484126984126984e-05
2022-06-01,GOOG,113.2873306274414,0.0008590242740736345,-0.007510905041155451,4.444444444444445e-05
2022-06-02,GOOG,116.86946868896484,0.031130319452064913,0.018263225415545106,4.484126984126984e-05
2022-06-03,GOOG,113.71114349365234,-0.027396255949698706,-0.016482405609817057,4.642857142857142e-05
2022-06-06,GOOG,116.13943481445312,0.021130089702353222,0.003132489407036025,4.880952380952381e-05
2022-06-07,GOOG,116.35680389404295,0.0018698723397144465,0.00947833153171984,4.9206349206349204e-05
2022-06-08,GOOG,116.36524963378906,7.258220372143395e-05,-0.010852623040155319,4.96031746031746e-05
2022-06-09,GOOG,114.06250762939452,-0.01998733739491135,-0.02408645766515553,5e-05
2022-06-10,GOOG,110.5979995727539,-0.030844608785613622,-0.029542414811409477,5.3174603174603176e-05
2022-06-13,GOOG,106.08087921142578,-0.04170018728365801,-0.03953993199003993,6.706349206349206e-05
2022-06-14,GOOG,106.39600372314452,0.002966202613805548,-0.003780818039489633,7.063492063492064e-05
2022-06-15,GOOG,109.56871795654295,0.029383896460125222,0.014487058836534478,6.706349206349206e-05
2022-06-16,GOOG,105.8421630859375,-0.034602956751555586,-0.033052207113840666,6.111111111111111e-05
2022-06-17,GOOG,107.06251525878906,0.011463961688830529,0.0021984473410133873,6.26984126984127e-05
2022-06-21,GOOG,111.18112182617188,0.037747681047468645,0.024182474960671992,6.587301587301587e-05
2022-06-22,GOOG,111.19998168945312,0.00016961749922363416,-0.0013024200953574458,6.230158730158731e-05
2022-06-23,GOOG,111.84564208984376,0.005789507930334868,0.00948707248555652,6.30952380952381e-05
2022-06-24,GOOG,117.65557098388672,0.050641741147912915,0.030105539729901033,6.587301587301587e-05
2022-06-27,GOOG,115.75431060791016,-0.016291533285508336,-0.0029774998903406716,6.944444444444444e-05
2022-06-28,GOOG,111.73348999023438,-0.03535345094661116,-0.0203486731494949,6.944444444444444e-05
2022-06-29,GOOG,111.42081451416016,-0.002802327128662174,-0.0007119988201726959,6.865079365079365e-05
2022-06-30,GOOG,108.55828857421876,-0.026026904260042616,-0.008797866246367652,6.587301587301587e-05
2022-07-01,GOOG,108.26895904541016,-0.0026687577664564386,0.010498511296639174,6.587301587301587e-05
2022-07-05,GOOG,113.0391845703125,0.043116031867584864,0.0015828751061934918,7.380952380952382e-05
2022-07-06,GOOG,114.3558120727539,0.011580221511693623,0.003566795705066178,7.341269841269842e-05
2022-07-07,GOOG,118.41783905029295,0.03490463253165284,0.014853723180930391,7.500000000000001e-05
2022-07-08,GOOG,119.27392578125,0.007203366370848834,-0.00083061639612735,7.579365079365079e-05
2022-07-11,GOOG,115.65505981445312,-0.030810606307891876,-0.011594417660525545,8.452380952380952e-05
2022-07-12,GOOG,113.9945297241211,-0.014461676451078778,-0.00928686849749371,8.571428571428571e-05
2022-07-13,GOOG,111.35183715820312,-0.02345556984870003,-0.00446686411181668,9.246031746031747e-05
2022-07-14,GOOG,110.61041259765624,-0.006680661409030374,-0.003003138812764307,9.246031746031747e-05
2022-07-15,GOOG,111.92752838134766,0.011837362723223518,0.01901923165863364,9.087301587301587e-05
2022-07-18,GOOG,109.091796875,-0.025661892867105962,-0.008398742485835936,9.682539682539682e-05
2022-07-19,GOOG,113.76673126220705,0.04196043406863928,0.02725351764373082,9.761904761904762e-05
2022-07-20,GOOG,113.84613800048828,0.0006977350776338323,0.0058784939410571665,9.682539682539682e-05
2022-07-21,GOOG,114.18360900878906,0.002959887989238602,0.00981306668950467,9.523809523809524e-05
2022-07-22,GOOG,107.55333709716795,-0.05982087453601188,-0.009376287293813849,9.563492063492063e-05
2022-07-25,GOOG,107.4044418334961,-0.001385344491607815,0.001314302973305868,0.00010119047619047618
2022-07-26,GOOG,104.65506744384766,-0.025931668574427358,-0.011610342599263359,9.841269841269841e-05
2022-07-27,GOOG,112.75433349609376,0.07454154170044884,0.025820048778629066,9.404761904761906e-05
2022-07-28,GOOG,113.7369384765625,0.008676812458958686,0.012060319791912806,9.325396825396825e-05
2022-07-29,GOOG,115.77169799804688,0.017731906447073297,0.014107775781753557,9.285714285714285e-05
2022-08-01,GOOG,114.6203384399414,-0.009994869273351779,-0.002827076544916728,9.841269841269841e-05
2022-08-02,GOOG,115.03720092773438,0.003630300548919219,-0.00668468837887098,9.841269841269841e-05
2022-08-03,GOOG,117.89576721191406,0.024545343007413897,0.015517456270090707,9.682539682539682e-05
2022-08-04,GOOG,117.98509979248048,0.0007574381591168767,-0.0007776424495837734,9.563492063492063e-05
2022-08-05,GOOG,117.33993530273438,-0.005483191415745414,-0.0016270690189191196,9.841269841269841e-05
2022-08-08,GOOG,117.26052856445312,-0.0006769529778819589,-0.0012383171221209141,0.00010198412698412697
2022-08-09,GOOG,116.6252899169922,-0.0054320540988307565,-0.004257744235926498,0.00010238095238095239
2022-08-10,GOOG,119.75183868408205,0.026455445473712525,0.021067158460407496,0.00010158730158730159
2022-08-11,GOOG,118.9280242919922,-0.006903118287849193,-0.0007057229222018175,0.0001
2022-08-12,GOOG,121.7369613647461,0.02334419047351055,0.017174046951492668,0.0001003968253968254
2022-08-15,GOOG,121.96524810791016,0.0018734898664335199,0.003961684056233163,0.00010436507936507936
2022-08-16,GOOG,121.5979995727539,-0.003015634066042507,0.0018739228259478625,0.00010357142857142856
2022-08-17,GOOG,119.42430114746094,-0.018037811066974715,-0.007264114867648021,0.00010277777777777778
2022-08-18,GOOG,119.96028137207033,0.004477991979343385,0.0022669896063847975,0.00010357142857142856
2022-08-19,GOOG,117.24066925048828,-0.022931875220615353,-0.012983928713038868,0.00010476190476190476
2022-08-22,GOOG,114.21337127685548,-0.02616044735137158,-0.021632366466494565,0.00010873015873015873
2022-08-23,GOOG,113.91561126708984,-0.002610454625580608,-0.002240370434437464,0.00010753968253968253
2022-08-24,GOOG,113.84613800048828,-0.0006100521178783888,0.002911916698724165,0.00010833333333333334
2022-08-25,GOOG,116.82379913330078,0.02581893922914151,0.013993241836107048,0.0001103174603174603
2022-08-26,GOOG,110.4714584350586,-0.055909616452222796,-0.03426857631703952,0.0001103174603174603
2022-08-29,GOOG,109.51859283447266,-0.00866286047096115,-0.0066886751973248065,0.00011468253968253969
2022-08-30,GOOG,109.091796875,-0.0039046314522306297,-0.011089416492117008,0.00011428571428571428
2022-08-31,GOOG,108.33744049072266,-0.006938895800408001,-0.007847738208153028,0.00011388888888888889
2022-09-01,GOOG,109.72703552246094,0.012744981364658218,0.0029917522671948716,0.00011428571428571428
2022-09-02,GOOG,107.8709487915039,-0.017060192487108407,-0.010794552570724387,0.0001130952380952381
2022-09-06,GOOG,106.67989349365234,-0.01110289310148043,-0.004103464690895143,0.00011746031746031746
2022-09-07,GOOG,109.65755462646484,0.02752966919163943,0.018174848666169877,0.00011825396825396825
2022-09-08,GOOG,108.60543823242188,-0.009640888081668422,0.006588966880442448,0.00011785714285714286
2022-09-09,GOOG,110.94786071777344,0.021338885643427515,0.01515601498121106,0.00011825396825396825
2022-09-12,GOOG,111.03720092773438,0.0008049209628999847,0.010528651483995635,0.0001226190476190476
2022-09-13,GOOG,104.52603912353516,-0.060429070076623105,-0.04419916303197406,0.00012658730158730157
2022-09-14,GOOG,105.08187103271484,0.005303551870910677,0.003381289078844715,0.00012460317460317462
2022-09-15,GOOG,103.12653350830078,-0.018783055523883752,-0.011382272168149512,0.0001238095238095238
2022-09-16,GOOG,102.85853576660156,-0.002602109889418513,-0.007208049775663175,0.00012301587301587303
2022-09-19,GOOG,103.076904296875,0.002120748250521124,0.006833697724705768,0.00013055555555555555
2022-09-20,GOOG,101.07195281982422,-0.01964268593035848,-0.011336114736600402,0.00012936507936507936
2022-09-21,GOOG,99.26549530029295,-0.018034636044899344,-0.01726467409850635,0.00012738095238095236
2022-09-22,GOOG,99.8213119506836,0.005583675805974825,-0.008463293830453985,0.00012658730158730157
2022-09-23,GOOG,98.43175506591795,-0.01401824103787473,-0.017382828767330778,0.0001238095238095238
2022-09-26,GOOG,98.07442474365234,-0.0036368394771836943,-0.010394360890280502,0.00013095238095238096
2022-09-27,GOOG,97.35977935791016,-0.00731344417775801,-0.0021226109548247284,0.00012936507936507936
2022-09-28,GOOG,99.99006652832033,0.026657663910466877,0.019481144181152356,0.00013055555555555555
2022-09-29,GOOG,97.35977935791016,-0.02665766391046675,-0.0213527948230975,0.00012936507936507936
2022-09-30,GOOG,95.43423461914062,-0.019975814894955524,-0.0151813515462093,0.00012777777777777776
2022-10-03,GOOG,98.5607681274414,0.03223592572381381,0.02555457753093017,0.00013253968253968253
2022-10-04,GOOG,101.64762878417967,0.030838919288165435,0.030125341416799834,0.00013174603174603174
2022-10-05,GOOG,101.45903778076172,-0.001857064180184738,-0.0020199875589381176,0.00013214285714285715
2022-10-06,GOOG,101.4788818359375,0.00019556774087858727,-0.010297922911395202,0.00013174603174603174
2022-10-07,GOOG,98.82876586914062,-0.02646200120570774,-0.028403196531478058,0.00013134920634920634
2022-10-10,GOOG,97.97516632080078,-0.008674673230478337,-0.007520673133652772,0.00013134920634920634
2022-10-11,GOOG,97.3200912475586,-0.006708586150101567,-0.006540518412323781,0.00014007936507936508
2022-10-12,GOOG,97.56822967529295,0.002546469287100145,-0.0032961996501662937,0.00014126984126984127
2022-10-13,GOOG,98.9677276611328,0.014241888964291004,0.025634259307631132,0.00014444444444444446
2022-10-14,GOOG,96.4565658569336,-0.025701001494536142,-0.023947120744528417,0.00014484126984126984
2022-10-17,GOOG,100.0297622680664,0.0363749521128181,0.026135524557561848,0.00015158730158730158
2022-10-18,GOOG,100.63522338867188,0.006034565083631673,0.011362768207087462,0.00015436507936507937
2022-10-19,GOOG,99.54340362548828,-0.010908563080530091,-0.006694455239684375,0.00015515873015873016
2022-10-20,GOOG,99.7816162109375,0.00239019365510914,-0.007982686738766696,0.00015515873015873016
2022-10-21,GOOG,100.72454071044922,0.009405511184201043,0.023447759860447268,0.00015476190476190475
2022-10-24,GOOG,102.20346069335938,0.01457606793622574,0.011811940205111494,0.00015873015873015873
2022-10-25,GOOG,104.14886474609376,0.018855728299495868,0.01613577001587496,0.00015753968253968254
2022-10-26,GOOG,94.1141357421875,-0.101313011729597,-0.007415140398989885,0.00015634920634920635
2022-10-27,GOOG,91.91065216064452,-0.02369132274755483,-0.006101185053184453,0.00015674603174603175
2022-10-28,GOOG,95.86102294921876,0.04208253196897164,0.024328036770856338,0.00015833333333333335
2022-10-31,GOOG,93.955322265625,-0.020080090722897116,-0.007482327030336412,0.0001611111111111111
2022-11-01,GOOG,89.82628631591797,-0.04494172109391116,-0.0041096637203590055,0.0001611111111111111
2022-11-02,GOOG,86.42182159423828,-0.03863744447202469,-0.025319843737482882,0.0001603174603174603
2022-11-03,GOOG,82.86846923828125,-0.04198556582276503,-0.010642422531956597,0.0001611111111111111
2022-11-04,GOOG,86.05458068847656,0.03772711126461492,0.013526823285563951,0.0001595238095238095
2022-11-07,GOOG,87.99006652832031,0.02224217363586134,0.00956806167935914,0.0001634920634920635
2022-11-08,GOOG,88.24812316894531,0.0029285006330947005,0.005582282828760321,0.00016269841269841268
2022-11-09,GOOG,86.74935913085938,-0.017129397120682666,-0.020996784712303443,0.00016309523809523812
2022-11-10,GOOG,93.46895599365234,0.0746063284458951,0.05395251566479769,0.0001623015873015873
2022-11-11,GOOG,96.00991821289062,0.02682214114379942,0.009198312304769028,0.0001623015873015873
2022-11-14,GOOG,95.31512451171876,-0.007262998565567193,-0.008975940544918012,0.00016507936507936506
2022-11-15,GOOG,97.98509979248048,0.027626921893718844,0.008675376414669186,0.00016428571428571428
2022-11-16,GOOG,98.25308990478516,0.002731275490419101,-0.008286283111873759,0.00016428571428571428
2022-11-17,GOOG,97.76673889160156,-0.00496227360434141,-0.0030941046442292835,0.00016388888888888887
2022-11-18,GOOG,97.07193756103516,-0.007132098086567634,0.00474729564815821,0.00016468253968253969
2022-11-21,GOOG,95.11661529541016,-0.020348659748853196,-0.003891249800275618,0.00016785714285714288
2022-11-22,GOOG,96.6054458618164,0.015531446782904879,0.01348860626982839,0.00016706349206349207
2022-11-23,GOOG,98.0843505859375,0.015192713717405534,0.0058972660417383116,0.00016706349206349207
2022-11-25,GOOG,96.87342834472656,-0.012422564724366428,-0.0002830842622024787,0.00016746031746031745
2022-11-28,GOOG,95.53347778320312,-0.013928525242462759,-0.015564696794064813,0.0001706349206349206
2022-11-29,GOOG,94.72952270507812,-0.008451037363343133,-0.0015931337016243704,0.00016944444444444442
2022-11-30,GOOG,100.6947784423828,0.06106824437441136,0.030478643521294944,0.00016944444444444442
2022-12-01,GOOG,100.52603912353516,-0.0016771560760167842,-0.0008680098296065889,0.00016746031746031745
2022-12-02,GOOG,100.0793914794922,-0.004453003896825215,-0.001195374663761461,0.00016746031746031745
2022-12-05,GOOG,99.12653350830078,-0.009566635514578693,-0.01805624963097222,0.00016944444444444442
2022-12-06,GOOG,96.58558654785156,-0.02596762777804858,-0.014503869422986057,0.00016944444444444442
2022-12-07,GOOG,94.4416732788086,-0.022447092542863964,-0.001864107253381664,0.0001666666666666667
2022-12-08,GOOG,93.2506103515625,-0.012691826136302285,0.007493634413933237,0.00016547619047619047
2022-12-09,GOOG,92.37716674804688,-0.00941076883378579,-0.0073767194642132125,0.0001662698412698413
2022-12-12,GOOG,92.8635025024414,0.005250864983184927,0.01417830729965003,0.00017023809523809523
2022-12-13,GOOG,95.13645935058594,0.024181575184211233,0.007263223255457212,0.00016904761904761904
2022-12-14,GOOG,94.6004867553711,-0.0056496537109727765,-0.006071116623835963,0.00016785714285714288
2022-12-15,GOOG,90.52108001708984,-0.044079869502295005,-0.02523747790182607,0.00016746031746031745
2022-12-16,GOOG,90.18360900878906,-0.0037350596982159354,-0.011200239946011676,0.0001666666666666667
2022-12-19,GOOG,88.486328125,-0.018999636633044895,-0.0090483289411038,0.00016984126984126986
2022-12-20,GOOG,88.96276092529297,0.005369809985106443,0.001036800697890769,0.00016865079365079366
2022-12-21,GOOG,89.57814025878906,0.00689345428750885,0.014758548669054294,0.00016746031746031745
2022-12-22,GOOG,87.60295867919922,-0.02229654764057767,-0.014557142498145655,0.00016825396825396826
2022-12-23,GOOG,89.14143371582031,0.017409479006431715,0.005850952271915072,0.00016785714285714288
2022-12-27,GOOG,87.2754135131836,-0.02115546022673883,-0.004057844034659477,0.00017261904761904762
2022-12-28,GOOG,85.81635284423828,-0.01685921010473777,-0.012093470442948605,0.00017261904761904762
2022-12-29,GOOG,88.28783416748047,0.028392738796223248,0.01731063431499432,0.00017222222222222224
2022-12-30,GOOG,88.0694580078125,-0.002476521028256251,-0.002543975646110833,0.0001706349206349206
2023-01-03,GOOG,89.03223419189453,0.010872687399882454,-0.004008572481273608,0.00017460317460317462
2023-01-04,GOOG,88.04961395263672,-0.011098035569604977,0.007510694562138916,0.000175
2023-01-05,GOOG,86.12405395507812,-0.022111705804820955,-0.011713869136457158,0.00017896825396825398
2023-01-06,GOOG,87.50370788574219,0.015892423585722255,0.02258383558903089,0.00017896825396825398
2023-01-09,GOOG,88.13894653320312,0.007233338840881634,-0.0007679273259905782,0.00018055555555555555
2023-01-10,GOOG,88.5756607055664,0.004942602858239937,0.006953997970593733,0.00018134920634920636
2023-01-11,GOOG,91.57318115234376,0.033281336629447725,0.012767571192293676,0.00018134920634920636
2023-01-12,GOOG,91.22579193115234,-0.003800783270593308,0.0034100849120427303,0.00017857142857142857
2023-01-13,GOOG,92.10916137695312,0.009636747015941676,0.003988892144656051,0.00017896825396825398
2023-01-17,GOOG,91.47393798828124,-0.006920309396377239,-0.002032555430996314,0.00018095238095238093
2023-01-18,GOOG,91.09675598144533,-0.00413190677276068,-0.01568496697774467,0.00018015873015873017
2023-01-19,GOOG,93.21090698242188,0.022942548345155057,-0.007667671901812428,0.00018055555555555555
2023-01-20,GOOG,98.5409164428711,0.055607114731646874,0.01874167355235196,0.00018134920634920636
2023-01-23,GOOG,100.45655059814452,0.019253444375407942,0.011811315951328555,0.00018174603174603174
2023-01-24,GOOG,98.47144317626952,-0.019958712507981497,-0.0007117563642918193,0.00018134920634920636
2023-01-25,GOOG,96.00991821289062,-0.02531508830295083,-0.00018174157346566321,0.00018095238095238093
2023-01-26,GOOG,98.42182159423828,0.024811042792408384,0.010947708029114303,0.00018055555555555555
2023-01-27,GOOG,99.96028137207033,0.015510377168174418,0.002491734021703855,0.00018134920634920636
2023-01-30,GOOG,97.2208251953125,-0.027787981310920744,-0.013053569315292663,0.00018214285714285712
2023-01-31,GOOG,99.12653350830078,0.019412210786275298,0.014536304416419527,0.00018174603174603174
2023-02-01,GOOG,100.6749267578125,0.015499628941292304,0.01039805629688473,0.00018015873015873017
2023-02-02,GOOG,107.99005889892578,0.07014239642936584,0.014592384626854379,0.00017976190476190476
2023-02-03,GOOG,104.43669891357422,-0.03345803981567324,-0.010408592637285455,0.00018134920634920636
2023-02-06,GOOG,102.6997299194336,-0.016771648709752816,-0.006159393193939262,0.00018214285714285712
2023-02-07,GOOG,107.23572540283205,0.043219965342895204,0.012790364037397075,0.00018214285714285712
2023-02-08,GOOG,99.2555694580078,-0.0773314190341043,-0.011142573012411353,0.00018214285714285712
2023-02-09,GOOG,94.74935913085938,-0.04646295328955061,-0.008869009831037385,0.00018412698412698412
2023-02-10,GOOG,94.15382385253906,-0.006305211398839925,0.0021928557092171274,0.00018492063492063493
2023-02-13,GOOG,94.29278564453124,0.001474813662614874,0.011383569951155146,0.0001857142857142857
2023-02-14,GOOG,94.24314880371094,-0.0005265504649011028,-0.0002804538554937624,0.0001853174603174603
2023-02-15,GOOG,96.37715911865234,0.022391102990790283,0.002769337533076689,0.00018492063492063493
2023-02-16,GOOG,95.06698608398438,-0.013687475142826934,-0.013884689204881605,0.0001865079365079365
2023-02-17,GOOG,93.8858413696289,-0.01250216908695692,-0.0027712421722827342,0.0001865079365079365
2023-02-21,GOOG,91.36474609375,-0.02721989678834798,-0.020244783973471698,0.0001873015873015873
2023-02-22,GOOG,91.11661529541016,-0.002719521044537809,-0.0015747954856433837,0.0001869047619047619
2023-02-23,GOOG,90.3920440673828,-0.007983917455235525,0.005315278263237728,0.0001869047619047619
2023-02-24,GOOG,88.68485260009766,-0.019067151826103638,-0.010593464619774184,0.0001873015873015873
2023-02-27,GOOG,89.42927551269531,0.008358991564033367,0.0030682925395522777,0.00018809523809523813
2023-02-28,GOOG,89.62777709960938,0.002217189050488111,-0.0030406198309477117,0.0001873015873015873
2023-03-01,GOOG,89.83621978759766,0.0023229481716105136,-0.004736464203492832,0.0001876984126984127
2023-03-02,GOOG,91.62281036376952,0.019692029736878384,0.0075535937311959735,0.00018809523809523813
2023-03-03,GOOG,93.32008361816406,0.018355081071809158,0.01601874917648306,0.00018809523809523813
2023-03-06,GOOG,94.86848449707033,0.016456215565167506,0.0006869307788483012,0.00018888888888888888
2023-03-07,GOOG,93.46895599365234,-0.01486219904985145,-0.015445590479262547,0.00019325396825396824
2023-03-08,GOOG,93.94538879394533,0.005084283459152443,0.0014137941356032722,0.00019404761904761905
2023-03-09,GOOG,91.97020721435548,-0.021248953187488324,-0.018631857945482354,0.00019325396825396824
2023-03-10,GOOG,90.3324966430664,-0.017967420061895122,-0.01458396943606664,0.00019166666666666667
2023-03-13,GOOG,90.9776611328125,0.0071167244093736995,-0.001510901840738768,0.0001865079365079365
2023-03-14,GOOG,93.5483627319336,0.02786455671344835,0.016342388235363665,0.0001869047619047619
2023-03-15,GOOG,95.8312530517578,0.024110313010042354,-0.007005363929353597,0.00018214285714285712
2023-03-16,GOOG,100.31759643554688,0.045752253574097686,0.017409576249031722,0.00018134920634920636
2023-03-17,GOOG,101.69725036621094,0.013659148353477951,-0.011080621273953702,0.00017301587301587302
2023-03-20,GOOG,101.17120361328124,-0.005186098889597619,0.008878869635940853,0.00018452380952380955
2023-03-21,GOOG,105.05209350585938,0.037642188667977826,0.012898647518559103,0.00018333333333333334
2023-03-22,GOOG,103.44415283203124,-0.015424474841167672,-0.016600248639842885,0.00018373015873015874
2023-03-23,GOOG,105.4689712524414,0.01938491739315764,0.0029800838691824228,0.00018134920634920636
2023-03-24,GOOG,105.27045440673828,-0.001884003468276419,0.005623963084303207,0.00018134920634920636
2023-03-27,GOOG,102.29277801513672,-0.028693720509267596,0.0016455995637670831,0.0001884920634920635
2023-03-28,GOOG,100.60543823242188,-0.016632760147165557,-0.0015750832883878866,0.00018412698412698412
2023-03-29,GOOG,101.14142608642578,0.0053134814943688454,0.014136870775046802,0.00018412698412698412
2023-03-30,GOOG,100.56573486328124,-0.005708203750496849,0.005698999199482652,0.00019047619047619048
2023-03-31,GOOG,103.2257843017578,0.026107077801135862,0.014333327782036555,0.0001857142857142857
2023-04-03,GOOG,104.12902069091795,0.008712044094018868,0.003692022565802823,0.00018928571428571426
2023-04-04,GOOG,104.3374481201172,0.0019996261253698274,-0.005813839745162529,0.00018809523809523813
2023-04-05,GOOG,104.16871643066406,-0.0016184818961986847,-0.002495481657121423,0.0001873015873015873
2023-04-06,GOOG,108.0893096923828,0.036945968943417305,0.0035727731328032467,0.00018928571428571426
2023-04-10,GOOG,106.1538314819336,-0.01806854451649961,0.0009958070170100843,0.00019603174603174606
2023-04-11,GOOG,105.33001708984376,-0.007790841377110933,-4.135333298352082e-05,0.00019404761904761905
2023-04-12,GOOG,104.43669891357422,-0.008517305259152721,-0.0041434563234613855,0.00019325396825396824
2023-04-13,GOOG,107.38459777832033,0.027835626065526507,0.013175510497831548,0.00019642857142857144
2023-04-14,GOOG,108.64513397216795,0.011670157527919455,-0.0020715175845779886,0.00019761904761904763
2023-04-17,GOOG,105.62776947021484,-0.02816561426325968,0.0033007035826147536,0.0002007936507936508
2023-04-18,GOOG,104.3374481201172,-0.012290965224641476,0.0008548548034659753,0.0002
2023-04-19,GOOG,104.23820495605467,-0.0009516275757822676,-8.426554793962826e-05,0.0001988095238095238
2023-04-20,GOOG,105.11164855957033,0.00834439247907095,-0.005970335188311131,0.0001972222222222222
2023-04-21,GOOG,105.12156677246094,9.435438526975383e-05,0.0009027812573008861,0.00019761904761904763
2023-04-24,GOOG,105.9850845336914,0.008180913031030534,0.0008512167782723126,0.0002
2023-04-25,GOOG,103.8312530517578,-0.020531357720737983,-0.01593718381857645,0.0001972222222222222
2023-04-26,GOOG,103.67243957519533,-0.001530705362984528,-0.0038485835033448754,0.0001984126984126984
2023-04-27,GOOG,107.56324768066406,0.03684271589403149,0.019377193402696356,0.00019960317460317463
2023-04-28,GOOG,107.41438293457033,-0.0013849326505435162,0.008219331313243467,0.00019642857142857144
2023-05-01,GOOG,106.90817260742188,-0.004723826357787209,-0.0003861810485107871,0.00020238095238095236
2023-05-02,GOOG,105.1910629272461,-0.016191922535057947,-0.011653906680571788,0.00020158730158730158
2023-05-03,GOOG,105.33001708984376,0.0013200975670989103,-0.007022908054892971,0.00020198412698412699
2023-05-04,GOOG,104.42678833007812,-0.008612205364808527,-0.007244913455062742,0.00020238095238095236
2023-05-05,GOOG,105.42430114746094,0.009506934969360453,0.018306166381879797,0.00020238095238095236
2023-05-08,GOOG,107.4342269897461,0.018885647656718935,0.0004520264848820656,0.0002043650793650794
2023-05-09,GOOG,107.13645935058594,-0.0027754753958925604,-0.004589938949059595,0.00020357142857142856
2023-05-10,GOOG,111.44414520263672,0.039420182536902035,0.004473942241914432,0.00020158730158730158
2023-05-11,GOOG,116.0297622680664,0.040323203972813616,-0.0016980648897067581,0.0002
2023-05-12,GOOG,117.04215240478516,0.008687417403552005,-0.0015845615894390477,0.00020158730158730158
2023-05-15,GOOG,116.0893096923828,-0.00817434085951999,0.002953797680316935,0.0002007936507936508
2023-05-16,GOOG,119.19600677490234,0.026409447841503845,-0.006398107681917463,0.0002011904761904762
2023-05-17,GOOG,120.5756607055664,0.01150819170366073,0.011820688622071574,0.00020238095238095236
2023-05-18,GOOG,122.60047149658205,0.0166534237437528,0.009400723063727155,0.00020396825396825393
2023-05-19,GOOG,122.33248901367188,-0.002188211739922146,-0.0014469138806754414,0.00020317460317460318
2023-05-22,GOOG,124.9329833984375,0.021034803152170323,0.00015502267980239146,0.00020793650793650794
2023-05-23,GOOG,122.37220001220705,-0.0207102405208465,-0.011285468768284297,0.00020555555555555556
2023-05-24,GOOG,120.7344741821289,-0.013473514134403774,-0.007345512678305211,0.00020674603174603175
2023-05-25,GOOG,123.42430877685548,0.022034377715718458,0.008719456079011883,0.00020674603174603175
2023-05-26,GOOG,124.49626159667967,0.008647604338342718,0.012964680931640788,0.00020476190476190477
2023-05-30,GOOG,123.7121353149414,-0.006318310742816223,1.660313066576836e-05,0.0002095238095238095
2023-05-31,GOOG,122.45159912109376,-0.010241534682202317,-0.006127358186214099,0.00020873015873015873
2023-06-01,GOOG,123.44415283203124,0.008073007310835725,0.009806215085853812,0.00020793650793650794
2023-06-02,GOOG,124.29774475097656,0.006891004751897659,0.014429812390107408,0.00020753968253968256
2023-06-05,GOOG,125.68732452392578,0.011117416646275441,-0.002005591490657713,0.00020634920634920637
2023-06-06,GOOG,126.95780181884766,0.01005749070002009,0.002351130233850576,0.00020555555555555556
2023-06-07,GOOG,122.02479553222656,-0.03963049595222048,-0.003819293926420617,0.00020476190476190477
2023-06-08,GOOG,121.7568130493164,-0.002198546415481456,0.00616957160752325,0.00020317460317460318
2023-06-09,GOOG,121.95530700683594,0.001628921871951986,0.0011474010230505239,0.0002027777777777778
2023-06-12,GOOG,123.42430877685548,0.011973442173397101,0.00927797498175416,0.00020396825396825393
2023-06-13,GOOG,123.5037078857422,0.000643095203989375,0.006908570725908898,0.0002027777777777778
2023-06-14,GOOG,123.4540557861328,-0.00040211005752709535,0.0008190899801265841,0.00020238095238095236
2023-06-15,GOOG,124.85357666015624,0.011272595047739694,0.012104580493589997,0.0002011904761904762
2023-06-16,GOOG,123.13645935058594,-0.013848497944754352,-0.0036783764677510893,0.00020198412698412699
2023-06-20,GOOG,122.92801666259766,-0.0016942123562429907,-0.004746353835236048,0.00020396825396825393
2023-06-21,GOOG,120.35729217529295,-0.021134199876875148,-0.005259086366925201,0.0002043650793650794
2023-06-22,GOOG,122.9478759765625,0.021295739211169815,0.0037039303873345254,0.0002043650793650794
2023-06-23,GOOG,122.1042022705078,-0.00688569585288735,-0.007688288056502158,0.0002043650793650794
2023-06-26,GOOG,118.20344543457033,-0.0324675434144851,-0.004496934363132171,0.00020793650793650794
2023-06-27,GOOG,118.1240463256836,-0.0006719413918606553,0.01139073352418076,0.00020595238095238096
2023-06-28,GOOG,120.17863464355467,0.01724394556431166,-0.0003541393883898215,0.00020555555555555556
2023-06-29,GOOG,119.1166000366211,-0.008876412282489466,0.00446356811449,0.00020634920634920637
2023-06-30,GOOG,120.06946563720705,0.007967609975759045,0.0121943502618858,0.00020515873015873015
2023-07-03,GOOG,119.66251373291016,-0.003395060569375518,0.0011699930926736418,0.00020674603174603175
2023-07-05,GOOG,121.71710205078124,0.017024121385015363,-0.0019702580976127164,0.00020674603174603175
2023-07-06,GOOG,120.02975463867188,-0.013959849052699818,-0.007954061175894762,0.00020753968253968256
2023-07-07,GOOG,119.24564361572266,-0.006554069791651427,-0.002869212795733482,0.00020714285714285713
2023-07-10,GOOG,115.99998474121094,-0.02759553801174892,0.002402138610626312,0.00020833333333333332
2023-07-11,GOOG,116.8337173461914,0.007161645079355486,0.006719583998254874,0.00020833333333333332
2023-07-12,GOOG,118.72950744628906,0.016096154505247567,0.007383905235389679,0.00020793650793650794
2023-07-13,GOOG,123.90072631835938,0.042632791601891665,0.008434482989627111,0.00020793650793650794
2023-07-14,GOOG,124.76425170898438,0.006945319511111699,-0.001024932196907484,0.00020833333333333332
2023-07-17,GOOG,124.1290054321289,-0.005104579075556328,0.0038479695744204137,0.00020873015873015873
2023-07-18,GOOG,123.15631103515624,-0.007867021200746135,0.007092066941428338,0.00020833333333333332
2023-07-19,GOOG,121.86598205566406,-0.01053243679543248,0.002355134827233639,0.00020873015873015873
2023-07-20,GOOG,118.6401824951172,-0.026826697136578852,-0.006779827396257691,0.00020873015873015873
2023-07-21,GOOG,119.41437530517578,0.006504353847850567,0.0003240420146130911,0.0002091269841269841
2023-07-24,GOOG,120.9726791381836,0.012965137953203438,0.004026038496874852,0.0002095238095238095
2023-07-25,GOOG,121.87591552734376,0.0074387134536095635,0.0028107195758387046,0.0002095238095238095
2023-07-26,GOOG,128.69480895996094,0.054440338058161244,-0.00015545097867591856,0.0002095238095238095
2023-07-27,GOOG,128.90321350097656,0.0016180604532104149,-0.006445393055197076,0.0002095238095238095
2023-07-28,GOOG,132.0198211669922,0.02389023184903565,0.009829375810433848,0.0002095238095238095
2023-07-31,GOOG,132.11907958984375,0.0007515623578298814,0.0014676354365687912,0.0002095238095238095
2023-08-01,GOOG,130.9081573486328,-0.009207645645627413,-0.0026686453076827116,0.0002091269841269841
2023-08-02,GOOG,127.68235778808594,-0.024950388465255147,-0.013936200638336184,0.0002091269841269841
2023-08-03,GOOG,127.81140899658205,0.0010102103162452508,-0.0025512254502915274,0.0002091269841269841
2023-08-04,GOOG,127.58309936523438,-0.0017878982099467896,-0.0053141693739379705,0.0002095238095238095
2023-08-07,GOOG,130.95779418945312,0.02610717750687801,0.008983618964856572,0.00020992063492063494
2023-08-08,GOOG,130.85853576660156,-0.000758229462796474,-0.004227205100058866,0.00021031746031746032
2023-08-09,GOOG,129.1811065673828,-0.0129015134100789,-0.007063619102045116,0.0002095238095238095
2023-08-10,GOOG,129.24069213867188,0.00046114973770292224,0.00025068252108086326,0.0002095238095238095
2023-08-11,GOOG,129.2009735107422,-0.0003073701614063735,-0.0010702648992294865,0.0002095238095238095
2023-08-14,GOOG,130.84861755371094,0.012671937564788176,0.005734004879419051,0.00020992063492063494
2023-08-15,GOOG,129.30023193359375,-0.011903984258271844,-0.011618139396096483,0.00020992063492063494
2023-08-16,GOOG,128.14886474609375,-0.008944485558403275,-0.007584081792624527,0.00020992063492063494
2023-08-17,GOOG,129.4888153076172,0.010401915147596866,-0.0077428113775290805,0.00020992063492063494
2023-08-18,GOOG,127.15631866455078,-0.01817732392548933,-0.00014871788395720285,0.0002095238095238095
2023-08-21,GOOG,127.97020721435548,0.006380295486655552,0.006855634859799785,0.00021031746031746032
2023-08-22,GOOG,128.72451782226562,0.005877119438213194,-0.0027813310465456837,0.00021031746031746032
2023-08-23,GOOG,132.21836853027344,0.026780262647185995,0.010984330710791359,0.00021031746031746032
2023-08-24,GOOG,129.4490966796875,-0.021167134742746868,-0.01354935398400801,0.0002107142857142857
2023-08-25,GOOG,129.7171173095703,0.0020683307542787538,0.006695501060295156,0.0002119047619047619
2023-08-28,GOOG,130.8089141845703,0.008381529172303025,0.006245078594196461,0.0002119047619047619
2023-08-29,GOOG,134.48135375976562,0.02768796771586733,0.014404068712056505,0.00021150793650793651
2023-08-30,GOOG,135.91064453125,0.010572088619734238,0.003825854181192944,0.00021111111111111113
2023-08-31,GOOG,136.32752990722656,0.0030626542563078666,-0.0015982129743398576,0.00021111111111111113
2023-09-01,GOOG,135.7816162109375,-0.004012466589277486,0.001797512765518541,0.00021031746031746032
2023-09-05,GOOG,135.69227600097656,-0.0006581864094426915,-0.004202997821381205,0.00021111111111111113
2023-09-06,GOOG,134.3622589111328,-0.009850068571329201,-0.006996014491432261,0.0002107142857142857
2023-09-07,GOOG,135.1860809326172,0.006112629646200329,-0.003216433115732967,0.00021031746031746032
2023-09-08,GOOG,136.1786346435547,0.007315307261640531,0.0014256060622570594,0.0002107142857142857
2023-09-11,GOOG,136.71461486816406,0.003928136110077898,0.006700951498135517,0.00021111111111111113
2023-09-12,GOOG,135.05706787109375,-0.012198235912403056,-0.005712169023003997,0.00021111111111111113
2023-09-13,GOOG,136.47640991210938,0.010454364446544092,0.0012408621175346041,0.0002107142857142857
2023-09-14,GOOG,137.95530700683594,0.010777991900179733,0.00839458553366625,0.0002107142857142857
2023-09-15,GOOG,137.2704315185547,-0.0049768375994570496,-0.012234145842493929,0.00021111111111111113
2023-09-18,GOOG,137.925537109375,0.004761020530520247,0.0007210276941755188,0.0002107142857142857
2023-09-19,GOOG,137.79652404785156,-0.000935819719302271,-0.0021533273615331264,0.0002107142857142857
2023-09-20,GOOG,133.58807373046875,-0.03101714501158865,-0.009439204206291041,0.00021150793650793651
2023-09-21,GOOG,130.3821258544922,-0.02429142020399349,-0.016536918318488084,0.00021150793650793651
2023-09-22,GOOG,130.27291870117188,-0.0008379439568987467,-0.0022982374027607495,0.00021111111111111113
2023-09-25,GOOG,131.18606567382812,0.006985039642823619,0.0040149942038066174,0.0002123015873015873
2023-09-26,GOOG,128.486328125,-0.020794161354862343,-0.014844165482264943,0.0002119047619047619
2023-09-27,GOOG,130.48138427734375,0.01540806461119346,0.00022928777229479233,0.0002119047619047619
2023-09-28,GOOG,132.13894653320312,0.012623426844795081,0.005875877143000698,0.00021111111111111113
2023-09-29,GOOG,130.86846923828125,-0.009661227028921315,-0.002713259648289315,0.00021111111111111113
2023-10-02,GOOG,134.1637420654297,0.02486824249533511,7.936440615299324e-05,0.0002123015873015873
2023-10-03,GOOG,132.30767822265625,-0.013930903793544872,-0.013839395863449198,0.0002123015873015873
2023-10-04,GOOG,135.2555694580078,0.02203598997658994,0.008077047607828946,0.0002119047619047619
2023-10-05,GOOG,134.97764587402344,-0.0020569172566887923,-0.0013048811469951228,0.0002119047619047619
2023-10-06,GOOG,137.69723510742188,0.019948147820141454,0.011745642093961117,0.0002126984126984127
2023-10-09,GOOG,138.4615020751953,0.005534997203097599,0.006284068119387409,0.0002126984126984127
2023-10-10,GOOG,138.1637420654297,-0.002152805147554665,0.005194476099985354,0.0002119047619047619
2023-10-11,GOOG,140.64511108398438,0.017800256401325237,0.004283819500095073,0.0002119047619047619
2023-10-12,GOOG,139.24562072753906,-0.010000345567669384,-0.006266024940654918,0.0002123015873015873
2023-10-13,GOOG,137.54833984375,-0.012264011495519549,-0.005031495660219892,0.0002123015873015873
2023-10-16,GOOG,139.4441375732422,0.013688655734256696,0.010538642302589985,0.0002119047619047619
2023-10-17,GOOG,139.94041442871094,0.003552647230379792,-9.824987944376507e-05,0.0002123015873015873
2023-10-18,GOOG,138.2431640625,-0.012202527810238145,-0.013490408251151898,0.0002119047619047619
2023-10-19,GOOG,137.9453887939453,-0.002156319520528977,-0.008519032328057976,0.00021150793650793651
2023-10-20,GOOG,135.7220458984375,-0.0162488592480616,-0.012665149196155915,0.0002107142857142857
2023-10-23,GOOG,136.8734130859375,0.008447492402043268,-0.0016869920654349177,0.00021111111111111113
2023-10-24,GOOG,139.076904296875,0.015970541846182993,0.0072395235196288195,0.0002107142857142857
2023-10-25,GOOG,125.72702026367188,-0.10091399761842079,-0.014443434657238052,0.00021111111111111113
2023-10-26,GOOG,122.52107238769533,-0.02583001615610772,-0.011903081205584871,0.00021111111111111113
2023-10-27,GOOG,122.48136901855467,-0.00032410590898863175,-0.00481183857862075,0.00021111111111111113
2023-10-30,GOOG,124.81387329101562,0.01886468517434968,0.011938474300285915,0.00021150793650793651
2023-10-31,GOOG,124.3672332763672,-0.0035848664381119555,0.006454084821688244,0.00021150793650793651
2023-11-01,GOOG,126.6203384399414,0.01795440048166256,0.010451194990191868,0.0002107142857142857
2023-11-02,GOOG,127.62281036376952,0.007885971549117956,0.018682938934086474,0.0002095238095238095
2023-11-03,GOOG,129.3994903564453,0.013825324005711409,0.00934988354455146,0.0002091269841269841
2023-11-06,GOOG,130.47145080566406,0.008249991510642263,0.0017514577241005862,0.00020992063492063494
2023-11-07,GOOG,131.41433715820312,0.00720077583448354,0.0028360934017119537,0.0002095238095238095
2023-11-08,GOOG,132.26795959472656,0.006474650965191757,0.0010044110324198868,0.0002095238095238095
2023-11-09,GOOG,130.7096710205078,-0.011851249927801979,-0.008116690699068705,0.0002091269841269841
2023-11-10,GOOG,133.06202697753906,0.01783677582928103,0.015495759270772258,0.00020873015873015873
2023-11-13,GOOG,132.64515686035156,-0.003137818505354432,-0.0008361884413700847,0.0002095238095238095
2023-11-14,GOOG,134.42181396484375,0.013305151952149706,0.01889537047457725,0.00020873015873015873
2023-11-15,GOOG,135.36474609375,0.0069902367877156864,0.0015957382078471765,0.00020873015873015873
2023-11-16,GOOG,137.66744995117188,0.01686803600212779,0.0011897193967137305,0.00020833333333333332
2023-11-17,GOOG,135.92056274414062,-0.012770376379575978,0.0012812279371779871,0.00020833333333333332
2023-11-20,GOOG,136.89328002929688,0.007131026763734392,0.007363103793795633,0.0002091269841269841
2023-11-21,GOOG,137.5880584716797,0.00506249299161909,-0.002022975931757968,0.00020873015873015873
2023-11-22,GOOG,138.97764587402344,0.010048961776939255,0.004052905094313324,0.0002091269841269841
2023-11-24,GOOG,137.19105529785156,-0.012938580602959,0.0005966956096450322,0.0002095238095238095
2023-11-27,GOOG,137.02230834960938,-0.0012307713037690562,-0.0019560693168983586,0.0002095238095238095
2023-11-28,GOOG,137.5880584716797,0.004120390129788674,0.0009796385280502918,0.0002091269841269841
2023-11-29,GOOG,135.38458251953125,-0.016144649553300708,-0.0009466966151019382,0.00020833333333333332
2023-11-30,GOOG,132.92306518554688,-0.01834898421788605,0.003776931264994605,0.00020833333333333332
2023-12-01,GOOG,132.3275146484375,-0.004490482457958654,0.005856558953846637,0.00020753968253968256
2023-12-04,GOOG,129.65753173828125,-0.020383417991825227,-0.005423188063826943,0.00020873015873015873
2023-12-05,GOOG,131.40444946289062,0.01338336429795589,-0.0005690315939348026,0.00020833333333333332
2023-12-06,GOOG,130.45159912109375,-0.007277697441624931,-0.003913851944943747,0.00020833333333333332
2023-12-07,GOOG,137.41934204101562,0.05203487164367595,0.007936610684821922,0.00020793650793650794
2023-12-08,GOOG,135.62278747558594,-0.013159731031916172,0.0040871341465037936,0.00020793650793650794
2023-12-11,GOOG,133.69725036621094,-0.014299492418918364,0.003916813547781492,0.00020873015873015873
2023-12-12,GOOG,132.64515686035156,-0.007900348945972333,0.0045888127956924,0.00020873015873015873
2023-12-13,GOOG,132.97265625,0.0024659457268374125,0.01355834517501981,0.00020793650793650794
2023-12-14,GOOG,132.2084197998047,-0.005763899727698638,0.002643565185154432,0.00020753968253968256
2023-12-15,GOOG,132.84364318847656,0.004793206268146838,-7.625240044859478e-05,0.00020793650793650794
2023-12-18,GOOG,136.16871643066406,0.02472185734503283,0.004518122263400515,0.00020873015873015873
2023-12-19,GOOG,137.0719451904297,0.006611256496879598,0.005849267450818904,0.00020753968253968256
2023-12-20,GOOG,138.62033081054688,0.011232827581210351,-0.014793147965305628,0.00020793650793650794
2023-12-21,GOOG,140.74441528320312,0.015206825017397264,0.010248769307271876,0.00020714285714285713
2023-12-22,GOOG,141.6575469970703,0.00646691608537143,0.0016586821527610754,0.00020793650793650794
2023-12-26,GOOG,141.75680541992188,0.0007004474266268443,0.004222761046978559,0.00020833333333333332
2023-12-27,GOOG,140.3870849609375,-0.009709451569608042,0.0014294356164229985,0.00020793650793650794
2023-12-28,GOOG,140.22825622558594,-0.0011320033440842658,0.0003701061103271183,0.00020833333333333332
2023-12-29,GOOG,139.88087463378906,-0.002480331639481812,-0.0028304770367338357,0.00020634920634920637
2024-01-02,GOOG,138.5210723876953,-0.009768703661571398,-0.005676660799723162,0.00020714285714285713
2024-01-03,GOOG,139.31509399414062,0.005715769681893956,-0.008048618327197648,0.00020793650793650794
2024-01-04,GOOG,137.0123748779297,-0.016666981614687458,-0.003434271663317429,0.00020793650793650794
2024-01-05,GOOG,136.3672332763672,-0.004719758020883627,0.0018240216394339805,0.00020793650793650794
2024-01-08,GOOG,139.4838409423828,0.022597267709411263,0.014015945436353141,0.00020833333333333332
2024-01-09,GOOG,141.49871826171875,0.014341899807705656,-0.0014789938523175842,0.00020793650793650794
2024-01-10,GOOG,142.72950744628906,0.008660623867205328,0.005649980650495912,0.00020753968253968256
2024-01-11,GOOG,142.60047912597656,-0.0009044147841424505,-0.0006712808369611647,0.00020753968253968256
2024-01-12,GOOG,143.16622924804688,0.003959529536773241,0.0007506937530339595,0.00020714285714285713
2024-01-16,GOOG,143.00741577148438,-0.0011099099838854307,-0.0037383190523568345,0.00020714285714285713
2024-01-17,GOOG,141.82626342773438,-0.008293675927176588,-0.005632731271107821,0.00020793650793650794
2024-01-18,GOOG,143.91067504882812,0.014589983411924728,0.008766720726243148,0.00020714285714285713
2024-01-19,GOOG,146.8684539794922,0.020344520313049008,0.012238308232548512,0.00020714285714285713
2024-01-22,GOOG,146.6103973388672,-0.0017586051326917154,0.0021919211872316853,0.00020714285714285713
2024-01-23,GOOG,147.57318115234375,0.006545486024896206,0.002917115340764486,0.00020674603174603175
2024-01-24,GOOG,149.23072814941406,0.011169423161217608,0.0008115989762168653,0.00020674603174603175
2024-01-25,GOOG,152.4962615966797,0.021646462318489407,0.00524657813497798,0.00020674603174603175
2024-01-26,GOOG,152.64512634277344,0.0009757100399199192,-0.0006519977554263648,0.00020674603174603175
2024-01-29,GOOG,153.6873321533203,0.00680443617936125,0.007528365505246204,0.00020714285714285713
2024-01-30,GOOG,151.91062927246094,-0.011627845232007127,-0.0006008303969786162,0.00020674603174603175
2024-01-31,GOOG,140.74441528320312,-0.07634679465362633,-0.016236851740733683,0.00020714285714285713
2024-02-01,GOOG,141.6476287841797,0.006396898212472676,0.012416286114049784,0.00020714285714285713
2024-02-02,GOOG,142.47142028808594,0.005798934039152203,0.01062777072263312,0.00020753968253968256
2024-02-05,GOOG,143.85107421875,0.009637137388757523,-0.0031914247092839714,0.00020714285714285713
2024-02-06,GOOG,144.32752990722656,0.0033066724301435437,0.0023077459317481074,0.00020753968253968256
2024-02-07,GOOG,145.5880584716797,0.00869588637684852,0.008207682594008628,0.00020753968253968256
2024-02-08,GOOG,146.12405395507812,0.003674829146650292,0.000570420540090595,0.00020753968253968256
2024-02-09,GOOG,149.10169982910156,0.02017267674877277,0.0057259171287955156,0.00020793650793650794
2024-02-12,GOOG,147.622802734375,-0.009968231999000947,-0.0009494041426524416,0.00020753968253968256
2024-02-13,GOOG,145.28036499023438,-0.015994963131825735,-0.013768609419845444,0.00020833333333333332
2024-02-14,GOOG,146.04464721679688,0.005246950642471107,0.009534168304216807,0.00020753968253968256
2024-02-15,GOOG,142.86846923828125,-0.0219879663630175,0.00580437267404004,0.00020753968253968256
2024-02-16,GOOG,140.7047119140625,-0.015260958808732994,-0.0048150435759610425,0.00020793650793650794
2024-02-20,GOOG,141.1414031982422,0.0030987947692710203,-0.0060234264658172495,0.00020793650793650794
2024-02-21,GOOG,142.76922607421875,0.011467275586819889,0.0012634014951035982,0.00020793650793650794
2024-02-22,GOOG,144.23817443847656,0.01023639939912959,0.02090288866640342,0.00020833333333333332
2024-02-23,GOOG,144.20840454101562,-0.0002064153277321505,0.000347887026502183,0.00020873015873015873
2024-02-26,GOOG,137.71710205078125,-0.04605791114835022,-0.003793939244668484,0.00020873015873015873
2024-02-27,GOOG,139.05703735351562,0.009682593714421574,0.001704895538720964,0.00020833333333333332
2024-02-28,GOOG,136.4069061279297,-0.01924181407268765,-0.001659531321112244,0.00020793650793650794
2024-02-29,GOOG,138.7394256591797,0.016955162692862454,0.0052154704557999644,0.00020833333333333332
2024-03-01,GOOG,137.05209350585938,-0.012236440135134545,0.007975936433387976,0.00020753968253968256
2024-03-04,GOOG,133.2009735107422,-0.028502031403010088,-0.0011939745749630112,0.00020793650793650794
2024-03-05,GOOG,132.7841033935547,-0.0031345402032590722,-0.010245406275917994,0.00020753968253968256
2024-03-06,GOOG,131.5731964111328,-0.00916120305625701,0.005127932853001643,0.00020793650793650794
2024-03-07,GOOG,134.23324584960938,0.02001560400105573,0.010251402284983627,0.00020793650793650794
2024-03-08,GOOG,135.27540588378906,0.007733816498561067,-0.006549922992050337,0.00020793650793650794
2024-03-11,GOOG,137.9056854248047,0.019257268596764056,-0.0011228682680281005,0.00020793650793650794
2024-03-12,GOOG,138.58062744140625,0.004882291280947752,0.011139512586668012,0.00020833333333333332
2024-03-13,GOOG,139.72206115722656,0.008202868048951739,-0.0019263840021219723,0.00020833333333333332
2024-03-14,GOOG,143.26547241210938,0.025044187734310868,-0.002875221051495188,0.00020833333333333332
2024-03-15,GOOG,141.1116180419922,-0.015148165086329749,-0.0065040228597376655,0.00020833333333333332
2024-03-18,GOOG,147.37466430664062,0.04342688650387328,0.006298184238480456,0.00020833333333333332
2024-03-19,GOOG,146.81883239746094,-0.0037786869986996393,0.00563325304434312,0.00020793650793650794
2024-03-20,GOOG,148.5657196044922,0.011828022564117415,0.008864765516360184,0.00020793650793650794
2024-03-21,GOOG,147.6327362060547,-0.006299739014298782,0.003231309094528888,0.00020833333333333332
2024-03-22,GOOG,150.64019775390625,0.02016651951778474,-0.0014031718343267125,0.00020793650793650794
2024-03-25,GOOG,150.02479553222656,-0.004093613123001505,-0.0030596403820319297,0.00020753968253968256
2024-03-26,GOOG,150.57069396972656,0.003632117291854637,-0.002803721982805726,0.00020714285714285713
2024-03-27,GOOG,150.80892944335938,0.0015809663610059728,0.008593595582706042,0.00020714285714285713
2024-03-28,GOOG,151.12652587890625,0.0021037380478582707,0.0011158627007616052,0.00020753968253968256
2024-04-01,GOOG,155.33497619628906,0.027466516088540574,-0.0020156145269577246,0.00020753968253968256
2024-04-02,GOOG,154.70965576171875,-0.004033750099208086,-0.007265388203672426,0.00020714285714285713
2024-04-03,GOOG,155.20590209960938,0.003202464345004594,0.001090527523337898,0.00020714285714285713
2024-04-04,GOOG,150.80892944335938,-0.028738968382195574,-0.01241103561926225,0.00020674603174603175
2024-04-05,GOOG,152.7940216064453,0.013077082718557155,0.011038050135699558,0.00020753968253968256
2024-04-08,GOOG,154.97764587402344,0.014190135996203126,-0.0003747011900415767,0.00020753968253968256
2024-04-09,GOOG,156.96275329589844,0.012727650697970529,0.0014444494736345207,0.00020753968253968256
2024-04-10,GOOG,156.486328125,-0.0030398911084589587,-0.009501981832212592,0.00020833333333333332
2024-04-11,GOOG,159.59300231933594,0.01965819299710121,0.007417221983342437,0.00020833333333333332
2024-04-12,GOOG,158.00494384765625,-0.010000516225061313,-0.014657587802248536,0.00020833333333333332
2024-04-15,GOOG,155.16622924804688,-0.018129333691842955,-0.012094195787459195,0.00020833333333333332
2024-04-16,GOOG,154.83868408203125,-0.0021131619133619326,-0.0020586245275039964,0.00020833333333333332
2024-04-17,GOOG,155.71214294433594,0.005625238057985444,-0.005797375076004185,0.00020833333333333332
2024-04-18,GOOG,156.287841796875,0.0036903816285929537,-0.0022106017004853043,0.00020833333333333332
2024-04-19,GOOG,154.56076049804688,-0.011112155935131878,-0.008797129654056974,0.00020833333333333332
2024-04-22,GOOG,156.77415466308594,0.0142189735168278,0.00869335115683908,0.00020714285714285713
2024-04-23,GOOG,158.72950744628906,0.012395278112304906,0.01189356656772209,0.00020833333333333332
2024-04-24,GOOG,159.90072631835938,0.007351619670440226,0.00021298737793290078,0.00020873015873015873
2024-04-25,GOOG,156.77415466308594,-0.019746897782745222,-0.0045869342701194095,0.00020873015873015873
2024-04-26,GOOG,172.39698791503906,0.09499362221092329,0.010157381332325343,0.00020833333333333332
2024-04-29,GOOG,166.6501007080078,-0.033903477524427975,0.0031734080766393944,0.00020833333333333332
2024-04-30,GOOG,163.4143829345703,-0.01960720765453801,-0.015855551118928123,0.00020833333333333332
2024-05-01,GOOG,164.3374481201172,0.00563272292408731,-0.0034413534856316866,0.00020873015873015873
2024-05-02,GOOG,167.20594787597656,0.01730434910720148,0.009087024725084856,0.00020833333333333332
2024-05-03,GOOG,167.7319793701172,0.0031410711290034087,0.012478557659508005,0.00020833333333333332
2024-05-06,GOOG,168.56573486328125,0.004958447031397052,0.010273173691247842,0.00020833333333333332
2024-05-07,GOOG,171.6922607421875,0.018377900985431267,0.0013425282288256131,0.00020833333333333332
2024-05-08,GOOG,169.88584899902344,-0.010576957551995853,-5.835635193424912e-06,0.00020833333333333332
2024-05-09,GOOG,170.3026885986328,0.0024506399373040787,0.005078032639106711,0.00020833333333333332
2024-05-10,GOOG,169.0222625732422,-0.007546937520037443,0.001648040080166728,0.00020873015873015873
2024-05-13,GOOG,169.6277618408203,0.0035759626113195924,-0.00024133317386520824,0.00020833333333333332
2024-05-14,GOOG,170.6500701904297,0.006008686603630964,0.004826148527454041,0.00020793650793650794
2024-05-15,GOOG,172.5855712890625,0.011278092250620788,0.01164782778729962,0.00020833333333333332
2024-05-16,GOOG,174.12403869628906,0.008874732401359811,-0.0020838374740880464,0.00020833333333333332
2024-05-17,GOOG,175.97018432617188,0.01054666213263684,0.0011640956878937513,0.00020833333333333332
2024-05-20,GOOG,177.13148498535156,0.006577736370208046,0.0009159703084911664,0.00020833333333333332
2024-05-21,GOOG,178.2034454345703,0.006033539679788964,0.0024987497668926086,0.00020833333333333332
2024-05-22,GOOG,176.67491149902344,-0.008614463847964951,-0.0027097912093521476,0.00020833333333333332
2024-05-23,GOOG,173.75680541992188,-0.016654734089194795,-0.007408162283471933,0.00020873015873015873
2024-05-24,GOOG,175.01730346679688,0.007228194426332875,0.0069766490766732595,0.00020873015873015873
2024-05-28,GOOG,176.69476318359375,0.00953889613266383,0.00024877090688591537,0.00020873015873015873
2024-05-29,GOOG,176.0793914794922,-0.0034887608410717162,-0.007394317215742535,0.00020873015873015873
2024-05-30,GOOG,172.26795959472656,-0.021883812120765674,-0.005992957535754186,0.00020873015873015873
2024-05-31,GOOG,172.6649932861328,0.0023020929918965076,0.007995824231928897,0.00020833333333333332
2024-06-03,GOOG,173.12156677246094,0.002640783676416223,0.0011154602235352391,0.00020873015873015873
2024-06-04,GOOG,173.8262939453125,0.0040624440836495345,0.0015016810037827531,0.00020833333333333332
2024-06-05,GOOG,175.75184631347656,0.011016546064007638,0.011778015849957281,0.00020833333333333332
2024-06-06,GOOG,177.02230834960938,0.0072027245300432235,-0.00019983660163685183,0.00020833333333333332
2024-06-07,GOOG,174.6401824951172,-0.013548003285420563,-0.0011158420502790662,0.00020873015873015873
2024-06-10,GOOG,175.51461791992188,0.0049945752082052215,0.002577529978240972,0.00020833333333333332
2024-06-11,GOOG,177.06475830078125,0.008793199338994615,0.0027067148552095224,0.00020833333333333332
2024-06-12,GOOG,178.42608642578125,0.007658902048675509,0.008467720241887338,0.00020833333333333332
2024-06-13,GOOG,175.62393188476562,-0.015829475541342567,0.00234191143711672,0.00020833333333333332
2024-06-14,GOOG,177.24362182617188,0.009180222434760204,-0.00039393828099749413,0.00020833333333333332
2024-06-17,GOOG,177.65106201171875,0.00229611985250625,0.007635164372320518,0.00020833333333333332
2024-06-18,GOOG,175.3357391357422,-0.013118655279875373,0.0025181541815171163,0.00020793650793650794
2024-06-20,GOOG,176.58779907226562,0.007115552575184984,-0.0025291273954115403,0.00020793650793650794
2024-06-21,GOOG,179.1216583251953,0.014247032570444422,-0.0015633517188252497,0.00020753968253968256
2024-06-24,GOOG,179.64833068847656,0.002935991068023023,-0.0030698791558664423,0.00020793650793650794
2024-06-25,GOOG,184.40809631347656,0.026149994918307287,0.003925873679181344,0.00020753968253968256
2024-06-26,GOOG,184.19940185546875,-0.001132339853873788,0.0015711962247204525,0.00020793650793650794
2024-06-27,GOOG,185.6800079345703,0.008005928138614967,0.0009069098567990731,0.00020753968253968256
2024-06-28,GOOG,182.26171875,-0.018581135465571844,-0.0040920134623695995,0.00020714285714285713
2024-07-01,GOOG,183.3249664306641,0.005816681632947215,0.0026719909814295235,0.00020793650793650794
2024-07-02,GOOG,185.43157958984372,0.011425619960622552,0.0061762057711850496,0.00020793650793650794
2024-07-03,GOOG,186.2066650390625,0.004171188429703442,0.0050715622695336636,0.00020793650793650794
2024-07-05,GOOG,190.747802734375,0.024094991755995564,0.00543397436096954,0.00020753968253968256
2024-07-08,GOOG,189.2771453857422,-0.007739832332298563,0.0010161824764044329,0.00020753968253968256
2024-07-09,GOOG,189.2373962402344,-0.00021002704669234552,0.0007407974780654752,0.00020753968253968256
2024-07-10,GOOG,191.44338989257807,0.011589859146869993,0.010156314878105886,0.00020753968253968256
2024-07-11,GOOG,186.11724853515625,-0.028215307197218917,-0.008801649969266724,0.00020674603174603175
2024-07-12,GOOG,185.60052490234372,-0.002780195097307143,0.00550186402496512,0.00020674603174603175
2024-07-15,GOOG,187.0016021728516,0.007520536101414609,0.0028222164233526843,0.00020634920634920637
2024-07-16,GOOG,184.3285980224609,-0.014397160910291501,0.0063690499714532745,0.00020634920634920637
2024-07-17,GOOG,181.4667816162109,-0.01564740812069328,-0.014025441523645543,0.00020634920634920637
2024-07-18,GOOG,178.0882568359375,-0.018793363223635853,-0.007847112145350072,0.00020674603174603175
2024-07-19,GOOG,178.25718688964844,0.0009481253056002092,-0.007165879226406085,0.00020634920634920637
2024-07-22,GOOG,182.1921844482422,0.021834710813484523,0.010734217246220293,0.00020595238095238096
2024-07-23,GOOG,182.4405975341797,0.0013625386232074123,-0.0015593176939461904,0.00020555555555555556
2024-07-24,GOOG,173.26885986328125,-0.05158013568982077,-0.02342124222289286,0.00020555555555555556
2024-07-25,GOOG,168.091796875,-0.03033425123906777,-0.005155889019717259,0.00020515873015873015
2024-07-26,GOOG,167.6147918701172,-0.002841799010755804,0.011029420409570924,0.00020476190476190477
2024-07-29,GOOG,170.04934692382812,0.014420229815676063,0.0008129795718284517,0.0002043650793650794
2024-07-30,GOOG,170.77471923828125,0.004256585621102057,-0.0049725143613676215,0.00020396825396825393
2024-07-31,GOOG,172.05657958984375,0.007478117252694891,0.015669980701917767,0.0002043650793650794
2024-08-01,GOOG,171.36099243164062,-0.004050975640804945,-0.013788123791990166,0.00020317460317460318
2024-08-02,GOOG,167.33656311035156,-0.02376526589020571,-0.01855290660855327,0.0002003968253968254
2024-08-05,GOOG,159.62559509277344,-0.04717608988038667,-0.0304270413923931,0.00020198412698412699
2024-08-06,GOOG,159.5261993408203,-0.0006228744873147173,0.010300849493599515,0.00020198412698412699
2024-08-07,GOOG,159.73489379882812,0.0013073593508080164,-0.007764715388769489,0.00020198412698412699
2024-08-08,GOOG,162.80535888671875,0.019039842744534876,0.02278113959089888,0.00020198412698412699
2024-08-09,GOOG,164.34559631347656,0.00941613516639882,0.004660798434381699,0.00020198412698412699
2024-08-12,GOOG,162.9146728515625,-0.008744920882374328,4.30330517200971e-05,0.0002011904761904762
2024-08-13,GOOG,164.88217163085938,0.012004523168208705,0.016707233419049988,0.0002007936507936508
2024-08-14,GOOG,161.0067901611328,-0.023784568464513104,0.00381643656119841,0.0002011904761904762
2024-08-15,GOOG,162.1396026611328,0.007011169956301965,0.01600448993130413,0.00020198412698412699
2024-08-16,GOOG,163.69970703125,0.009575985741590047,0.0019878023683961516,0.00020158730158730158
2024-08-19,GOOG,167.33656311035156,0.02197343758674636,0.009675327436177775,0.0002007936507936508
2024-08-20,GOOG,167.89303588867188,0.0033199531968907594,-0.001986527237609709,0.0002
2024-08-21,GOOG,166.57144165039062,-0.007902789116762295,0.004230714721006796,0.0001992063492063492
2024-08-22,GOOG,164.44497680664062,-0.012848269619380695,-0.00897294225665722,0.0002
2024-08-23,GOOG,166.37271118164062,0.011654492881387087,0.01141793740166443,0.0001988095238095238
2024-08-26,GOOG,166.86953735351562,0.0029817740227398148,-0.0031587101696058145,0.00019761904761904763
2024-08-27,GOOG,165.32936096191406,-0.009272682330365175,0.0015939251127232035,0.00019761904761904763
2024-08-28,GOOG,163.4612274169922,-0.011363790293726049,-0.005993900794735212,0.00019682539682539682
2024-08-29,GOOG,162.36814880371094,-0.0067095405984282635,-3.937984343658622e-05,0.00019761904761904763
2024-08-30,GOOG,164.06735229492188,0.010410747805453879,0.010042457079144168,0.00019761904761904763
2024-09-03,GOOG,157.6083984375,-0.04016356265945667,-0.021377963372397696,0.0001972222222222222
2024-09-04,GOOG,156.81344604492188,-0.0050566085047303,-0.0016038290273809634,0.00019682539682539682
2024-09-05,GOOG,157.59848022460938,0.004993677055162854,-0.003022581014674196,0.00019603174603174606
2024-09-06,GOOG,151.16932678222656,-0.04164995616382708,-0.017410944507424406,0.00019563492063492062
2024-09-09,GOOG,148.79127502441406,-0.015856092877347995,0.011513534435818254,0.00019404761904761905
2024-09-10,GOOG,149.25894165039062,0.0031381759422839123,0.004462699977793541,0.00019246031746031743
2024-09-11,GOOG,151.38821411132812,0.014164830911446295,0.01060855564984334,0.00019404761904761905
2024-09-12,GOOG,154.76126098632812,0.022036185866086043,0.00746735215680267,0.00019246031746031743
2024-09-13,GOOG,157.5770721435547,0.01803100770666299,0.0053931422343560355,0.0001896825396825397
2024-09-16,GOOG,158.1939697265625,0.003907251052420952,0.0012558408673102855,0.0001884920634920635
2024-09-17,GOOG,159.47750854492188,0.008080963454049905,0.00026451509389645083,0.0001884920634920635
2024-09-18,GOOG,160.00486755371094,0.0033013369575813035,-0.0029006587083132912,0.00018452380952380955
2024-09-19,GOOG,162.42271423339844,0.014998046934672812,0.016834356892725128,0.00018293650793650796
2024-09-20,GOOG,163.815673828125,0.00853957174103118,-0.0019429136300157343,0.00018095238095238093
2024-09-23,GOOG,162.2535400390625,-0.009581681888724014,0.0028053344257131223,0.00017976190476190476
2024-09-24,GOOG,162.8206787109375,0.003489290842394336,0.002508031103345345,0.00017857142857142857
2024-09-25,GOOG,162.17391967773438,-0.003980126994156327,-0.001862983206212128,0.00017896825396825398
2024-09-26,GOOG,163.0097198486328,0.005140492385121569,0.004030542158199222,0.00017857142857142857
2024-09-27,GOOG,164.46241760253906,0.008872249679085915,-0.0012540029000721238,0.00017857142857142857
2024-09-30,GOOG,166.35292053222656,0.011429479179977253,0.004227603658441509,0.00017936507936507936
2024-10-01,GOOG,167.57675170898438,0.007329906611720172,-0.009367848694454447,0.00017857142857142857
2024-10-02,GOOG,166.47230529785156,-0.006612504434961867,0.00013838132698647728,0.0001777777777777778
2024-10-03,GOOG,166.37281799316406,-0.0005977994009140878,-0.0016828286544586894,0.0001777777777777778
2024-10-04,GOOG,167.71603393554688,0.008041113447877207,0.008930255699186382,0.00017976190476190476
2024-10-07,GOOG,163.56695556640625,-0.025049854408009765,-0.009632263829388773,0.00018055555555555555
2024-10-08,GOOG,164.87037658691406,0.007937148038152592,0.009642706804694385,0.00017976190476190476
2024-10-09,GOOG,162.2435760498047,-0.016060806828038388,0.007088231016994585,0.00018015873015873017
2024-10-10,GOOG,162.3629608154297,0.0007355660311756907,-0.0020722685059824846,0.00018015873015873017
2024-10-11,GOOG,163.69627380371094,0.00817839385232407,0.00603360870729872,0.00017976190476190476
2024-10-14,GOOG,165.5171356201172,0.011062006177009337,0.007678114574594323,0.00017976190476190476
2024-10-15,GOOG,166.06436157226562,0.003300705579785605,-0.0076385660375134215,0.00017936507936507936
2024-10-16,GOOG,165.90516662597656,-0.0009590938021099804,0.004668232782779766,0.00017896825396825398
2024-10-17,GOOG,163.6863250732422,-0.013464395347899703,-0.00017117512853816633,0.00018015873015873017
2024-10-18,GOOG,164.2236328125,0.0032771692790624974,0.003963686942774387,0.00017976190476190476
2024-10-21,GOOG,164.96987915039062,0.004533792976147411,-0.001824432756419033,0.00017896825396825398
2024-10-22,GOOG,165.9847869873047,0.006133232869626364,-0.0004749666671957937,0.00017896825396825398
2024-10-23,GOOG,163.65646362304688,-0.014126642707671765,-0.009233824267679564,0.00017936507936507936
2024-10-24,GOOG,163.70623779296875,0.00030409188395700773,0.0021434731305568283,0.00017857142857142857
2024-10-25,GOOG,166.15390014648438,0.014840879493904648,-0.00029949201318627087,0.00017936507936507936
2024-10-28,GOOG,167.49717712402344,0.008052029959888799,0.002647934626732945,0.0001781746031746032
2024-10-29,GOOG,170.2831268310547,0.01649600553826198,0.0016128259449012198,0.0001781746031746032
2024-10-30,GOOG,175.2581024169922,0.0287972546533442,-0.0033056916724881185,0.00017738095238095238
2024-10-31,GOOG,171.8253936767578,-0.019780950169294334,-0.018790134928745348,0.0001761904761904762
2024-11-01,GOOG,171.7855682373047,-0.0002318054081255637,0.004084158004525459,0.000175
2024-11-04,GOOG,169.82542419433594,-0.011476009840045999,-0.0028160448131902913,0.0001761904761904762
2024-11-05,GOOG,170.55178833007812,0.004268001567823407,0.012191031029563081,0.00017579365079365078
2024-11-06,GOOG,177.43714904785156,0.03957746186542407,0.024981280957186654,0.0001761904761904762
2024-11-07,GOOG,181.3673553466797,0.021908105646679738,0.007403754173995657,0.00017579365079365078
2024-11-08,GOOG,178.95947265625,-0.013365191521690436,0.0037497940357180464,0.00017579365079365078
2024-11-11,GOOG,181.0589141845703,0.01166310057241095,0.0009685941909569238,0.00017579365079365078
2024-11-12,GOOG,182.40216064453125,0.007391452171958423,-0.0028968514769364996,0.00017579365079365078
2024-11-13,GOOG,179.58633422851562,-0.015557860277516758,0.00023220076414018386,0.00017460317460317462
2024-11-14,GOOG,176.46205139160156,-0.01755021595512285,-0.006068108582244,0.000175
2024-11-15,GOOG,173.01937866210938,-0.019702243363870556,-0.013291430866793769,0.000175
2024-11-18,GOOG,175.91481018066406,0.01659624117948523,0.003910159746206537,0.00017539682539682538
2024-11-19,GOOG,178.68087768554688,0.015601563732463904,0.003955750520596487,0.000175
2024-11-20,GOOG,176.44216918945312,-0.012608239158659353,2.19506213354446e-05,0.00017539682539682538
2024-11-21,GOOG,168.3926544189453,-0.046694688348867745,0.005326251844288491,0.00017579365079365078
2024-11-22,GOOG,165.73602294921875,-0.01590218160476241,0.0034619595915364653,0.00017579365079365078
2024-11-25,GOOG,168.58168029785156,0.017024082469359318,0.0030159278201245415,0.00017539682539682538
2024-11-26,GOOG,169.7657470703125,0.006999146501143264,0.005705697155263866,0.00017460317460317462
2024-11-27,GOOG,169.96475219726562,0.0011715471536629402,-0.003808481083577712,0.00017460317460317462
2024-11-29,GOOG,169.6363983154297,-0.001933762495573278,0.005592120396801623,0.00017420634920634919
2024-12-02,GOOG,172.11390686035156,0.014499193770625746,0.0024454638805813736,0.0001738095238095238
2024-12-03,GOOG,172.15371704101562,0.00023127461357162228,0.0004513472420221813,0.00017301587301587302
2024-12-04,GOOG,175.20834350585938,0.01758801869381422,0.00603318162813612,0.00017261904761904762
2024-12-05,GOOG,173.43727111816406,-0.010159815857873938,-0.0018715258393823342,0.00017222222222222224
2024-12-06,GOOG,175.60635375976562,0.012428879427766715,0.0024923453675383123,0.00017103174603174602
2024-12-09,GOOG,176.4132080078125,0.0045841524088132265,-0.006163167285227462,0.0001706349206349206
2024-12-10,GOOG,185.8066253662109,0.051877468237593594,-0.002968284314279252,0.00017023809523809523
2024-12-11,GOOG,195.9471435546875,0.053138462785082954,0.008132626411368235,0.00016904761904761904
2024-12-12,GOOG,192.8791046142578,-0.01578135544864466,-0.005428731461463251,0.00016785714285714288
2024-12-13,GOOG,190.63784790039065,-0.011688047759241817,-2.646698937187397e-05,0.00016785714285714288
2024-12-16,GOOG,197.3915557861328,0.03481380499963346,0.0037921550087844295,0.00016865079365079366
2024-12-17,GOOG,196.35557556152344,-0.005262172255712902,-0.0038714794806554956,0.00016904761904761904
2024-12-18,GOOG,189.41259765625,-0.035999484619498145,-0.02993650530451818,0.00016865079365079366
2024-12-19,GOOG,188.9643402099609,-0.0023693709163337576,-0.0008654867505367934,0.00016785714285714288
2024-12-20,GOOG,192.21173095703125,0.017039208709584967,0.010810479402397299,0.00016785714285714288
2024-12-23,GOOG,195.2299652099609,0.015580642664550224,0.007260849585616372,0.00016825396825396826
2024-12-24,GOOG,196.8038330078125,0.008029288599776079,0.010982233165126825,0.00016984126984126986
2024-12-26,GOOG,196.33566284179688,-0.0023817011125365824,-0.0004057410882578191,0.00016825396825396826
2024-12-27,GOOG,193.2875061035156,-0.015647010602719908,-0.01111730496491221,0.0001662698412698413
2024-12-30,GOOG,191.9427490234375,-0.006981603985899942,-0.010759673941729728,0.00016785714285714288
2024-12-31,GOOG,189.70147705078125,-0.011745482236834687,-0.0042940064589823065,0.00016785714285714288
2025-01-02,GOOG,189.89073181152344,0.0009971478444767167,-0.002226363149448992,0.00016746031746031745
2025-01-03,GOOG,192.38104248046875,0.013029190570048638,0.01251735670782609,0.0001666666666666667
2025-01-06,GOOG,197.1923065185547,0.024701426239158632,0.005522766496818171,0.00016706349206349207
2025-01-07,GOOG,195.9471435546875,-0.006334480689806478,-0.011166021516637011,0.00016706349206349207
2025-01-08,GOOG,194.63229370117188,-0.00673284200377975,0.0015591440938312422,0.00016706349206349207
2025-01-10,GOOG,192.4208831787109,-0.011427032344895496,-0.015531637650233373,0.00016746031746031745
2025-01-13,GOOG,191.54429626464844,-0.004565978812288594,0.0015742043780551176,0.00016785714285714288
2025-01-14,GOOG,190.30911254882807,-0.006469435628341924,0.001145623334164268,0.00016746031746031745
2025-01-15,GOOG,196.2161102294922,0.030566996690966013,0.018147132504516373,0.00016706349206349207
2025-01-16,GOOG,193.65609741210935,-0.013132762791335843,-0.0021149243408667613,0.00016706349206349207
2025-01-17,GOOG,196.78390502929688,0.016022305655580323,0.009941478308394033,0.0001666666666666667
2025-01-21,GOOG,198.85585021972656,0.010473993600099166,0.00873000944059605,0.00016746031746031745
2025-01-22,GOOG,199.2543029785156,0.0020017218281643467,0.006119181086994129,0.00016746031746031745
2025-01-23,GOOG,198.8060302734375,-0.002252286184435753,0.005299419459529372,0.00016746031746031745
2025-01-24,GOOG,201.1170196533203,0.011557298853913057,-0.002859215984467759,0.00016706349206349207
2025-01-27,GOOG,193.0185546875,-0.04110060342263154,-0.014688059032112328,0.0001666666666666667
2025-01-28,GOOG,196.3057556152344,0.01688709879700242,0.009175644177716802,0.0001666666666666667
2025-01-29,GOOG,196.4153289794922,0.0005580213102852954,-0.004689876056919602,0.0001666666666666667
2025-01-30,GOOG,201.8442230224609,0.027264784069702248,0.005261548152180238,0.0001662698412698413
2025-01-31,GOOG,204.80270385742188,0.014550868768929652,-0.005059603990267195,0.0001666666666666667
2025-02-03,GOOG,201.85415649414065,-0.014501656425329757,-0.007637690729495203,0.00016746031746031745
2025-02-04,GOOG,206.9044952392578,0.02471187206142381,0.007198907403029113,0.00016746031746031745
2025-02-05,GOOG,192.5503845214844,-0.07189945388868471,0.003901053915613614,0.00016746031746031745
2025-02-06,GOOG,192.5603485107422,5.174610004538057e-05,0.003637674355266266,0.00016746031746031745
2025-02-07,GOOG,186.41427612304688,-0.03243811539278805,-0.0095098456936602,0.00016825396825396826
2025-02-10,GOOG,187.4701690673828,0.005648246484009785,0.006690112295455172,0.00016785714285714288
2025-02-11,GOOG,186.3445587158203,-0.006022308217889966,0.00033952514367385523,0.00016785714285714288
2025-02-12,GOOG,184.7108917236328,-0.00880557095274663,-0.0027275831896475754,0.00016785714285714288
2025-02-13,GOOG,187.15139770507807,0.01312604741552765,0.010372313214235747,0.00016746031746031745
2025-02-14,GOOG,186.14532470703125,-0.005390218416348523,-7.19463955744955e-05,0.00016746031746031745
2025-02-18,GOOG,185.07948303222656,-0.0057423134518614066,0.002442003655551809,0.00016785714285714288
2025-02-19,GOOG,186.40431213378903,0.0071326649264953895,0.0023741488668242434,0.00016746031746031745
2025-02-20,GOOG,185.91622924804688,-0.0026218438742243583,-0.004343604884290259,0.00016706349206349207
2025-02-21,GOOG,180.87583923339844,-0.027485367080835394,-0.017211396672539132,0.00016706349206349207
2025-02-24,GOOG,180.4873504638672,-0.0021501300092237247,-0.004981493566252351,0.0001662698412698413
2025-02-25,GOOG,176.68215942382812,-0.021308285899642142,-0.004690715138395557,0.0001662698412698413
2025-02-26,GOOG,174.02252197265625,-0.015167681422153276,0.00013601502958346571,0.0001666666666666667
2025-02-27,GOOG,169.54994201660156,-0.026037200875270297,-0.015991742678524653,0.0001666666666666667
2025-02-28,GOOG,171.55213928222656,0.011739712952365313,0.015729780420663385,0.0001666666666666667
2025-03-03,GOOG,168.0059356689453,-0.020887929397997322,-0.017753402648308866,0.00016706349206349207
2025-03-04,GOOG,171.94061279296875,0.023149832591127958,-0.012310288231505477,0.0001666666666666667
2025-03-05,GOOG,174.3114013671875,0.013694219972582621,0.011097472528735688,0.00016706349206349207
2025-03-06,GOOG,173.534423828125,-0.004467374767729441,-0.017979677107455568,0.0001666666666666667
2025-03-07,GOOG,175.0684356689453,0.00880097050663362,0.005505435045454467,0.0001666666666666667
2025-03-10,GOOG,167.34967041015625,-0.04509150025336835,-0.027343541788428148,0.0001662698412698413
2025-03-11,GOOG,165.5247039794922,-0.010965005755231266,-0.007596646918536578,0.0001666666666666667
2025-03-12,GOOG,168.5364227294922,0.018031432629600535,0.004874967940490777,0.00016706349206349207
2025-03-13,GOOG,164.2781219482422,-0.025591028059525445,-0.013988366806464148,0.0001666666666666667
2025-03-14,GOOG,167.1602020263672,0.01739178915380718,0.02104290595319694,0.0001666666666666667
2025-03-17,GOOG,166.1130828857422,-0.006283867526500918,0.0063956349746060355,0.0001666666666666667
2025-03-18,GOOG,162.22377014160156,-0.0236920993438721,-0.010710667074319702,0.0001666666666666667
2025-03-19,GOOG,165.82386779785156,0.021949508406156674,0.010740608172953766,0.0001666666666666667
2025-03-20,GOOG,164.5972442626953,-0.007424641617689076,-0.002187283513782985,0.0001662698412698413
2025-03-21,GOOG,165.79396057128906,0.007244269972469345,0.0008243136078323211,0.0001662698412698413
2025-03-24,GOOG,169.4638671875,0.021893915110469828,0.01749211712863917,0.0001662698412698413
2025-03-25,GOOG,172.31600952148438,0.01669032460611873,0.0015730954906538206,0.0001662698412698413
2025-03-26,GOOG,166.6815185546875,-0.03324513865491234,-0.011219640357598032,0.0001666666666666667
2025-03-27,GOOG,163.62991333007812,-0.018477665341485497,-0.0033124610071321114,0.0001666666666666667
2025-03-28,GOOG,155.63189697265625,-0.05011366763699363,-0.019934601126853548,0.0001666666666666667
2025-03-31,GOOG,155.8014373779297,0.001088775049563549,0.005523240357645722,0.00016706349206349207
2025-04-01,GOOG,158.44418334960938,0.016820016589935795,0.0037741045552120668,0.0001666666666666667
2025-04-02,GOOG,158.42422485351562,-0.0001259734047539282,0.006705661429484109,0.00016706349206349207
2025-04-03,GOOG,152.21131896972656,-0.04000659065387034,-0.04960591182899663,0.0001666666666666667
2025-04-04,GOOG,147.33473205566406,-0.032562724759419875,-0.061609061898230934,0.00016547619047619047
2025-04-07,GOOG,148.83062744140625,0.010101843843328382,-0.0023341946059635883,0.00016547619047619047
2025-04-08,GOOG,146.17791748046875,-0.01798443811607954,-0.015825083277054855,0.0001662698412698413
2025-04-09,GOOG,160.61817932128906,0.0942054986962297,0.09089487983303646,0.00016825396825396826
2025-04-10,GOOG,154.94378662109375,-0.03596760719948887,-0.03522060702411168,0.00016746031746031745
2025-04-11,GOOG,158.96273803710938,0.025607438608658016,0.01793038083577807,0.00016785714285714288
2025-04-14,GOOG,161.0270538330078,0.01290256431016676,0.007913319326342991,0.00016746031746031745
2025-04-15,GOOG,158.24472045898438,-0.017429688658593307,-0.001729275225300909,0.00016746031746031745
2025-04-16,GOOG,155.0734405517578,-0.020243883721158464,-0.022663253964902527,0.00016706349206349207
2025-04-17,GOOG,152.93931579589844,-0.013857600788610785,0.0013259586237727749,0.00016785714285714288
2025-04-21,GOOG,149.4488983154297,-0.023086696819656503,-0.02384964833401801,0.00016746031746031745
2025-04-22,GOOG,153.4778289794922,0.02660160286979298,0.02480695212545062,0.00016746031746031745
2025-04-23,GOOG,157.28736877441406,0.024518386634173283,0.016523864366879457,0.00016746031746031745
2025-04-24,GOOG,161.0270538330078,0.02349788048405273,0.020056628082583162,0.00016706349206349207
2025-04-25,GOOG,163.40054321289062,0.014632119758852515,0.0073460847957005125,0.00016706349206349207
2025-04-28,GOOG,161.97447204589844,-0.008765764004904504,0.0006405015390019333,0.0001666666666666667
2025-04-29,GOOG,161.61544799804688,-0.0022190072862722245,0.005785641545556399,0.0001666666666666667
2025-04-30,GOOG,160.4486541748047,-0.00724575586154314,0.0014788972519335208,0.0001666666666666667
2025-05-01,GOOG,162.34344482421875,0.011740141215563063,0.006279345716451974,0.0001666666666666667
2025-05-02,GOOG,165.35516357421875,0.018381546168377658,0.014619191109112719,0.00016746031746031745
2025-05-05,GOOG,165.59451293945312,0.001446439890717417,-0.006402047029318447,0.00016746031746031745
2025-05-06,GOOG,164.746826171875,-0.005132198292178586,-0.007722985278391797,0.00016746031746031745
2025-05-07,GOOG,152.38084411621094,-0.0780269681096546,0.004336938106710132,0.00016746031746031745
2025-05-08,GOOG,155.32276916503906,0.019122392900866668,0.005783021147465641,0.00016785714285714288
2025-05-09,GOOG,153.95651245117188,-0.008835157623342754,-0.0007117341348763632,0.00016746031746031745
2025-05-12,GOOG,159.1422576904297,0.033128328813795536,0.03203997667702081,0.00017103174603174602
2025-05-13,GOOG,160.4486541748047,0.00817547503585551,0.007222059020245977,0.00017023809523809523
2025-05-14,GOOG,166.3524169921875,0.0361345522142685,0.001023891242276054,0.00017023809523809523
2025-05-15,GOOG,164.94627380371094,-0.008488724352007032,0.004123817438757677,0.00016944444444444442
2025-05-16,GOOG,166.97071838378906,0.01219865045763175,0.006980849368100189,0.00016865079365079366
2025-05-19,GOOG,167.4095001220703,0.002624449449150425,0.0008757295660482738,0.00016984126984126986
2025-05-20,GOOG,164.86651611328125,-0.015306754236891712,-0.0038877770695725784,0.00016904761904761904
2025-05-21,GOOG,169.59349060058594,0.028268188492362036,-0.016266719267758897,0.00016825396825396826
2025-05-22,GOOG,171.50823974609375,0.011226968890124266,-0.0004449700224211693,0.00016865079365079366
2025-05-23,GOOG,169.12477111816406,-0.013994577457960513,-0.006730899591473139,0.00016825396825396826
2025-05-27,GOOG,173.50274658203125,0.025556696544968446,0.02025258080218437,0.00016825396825396826
2025-05-28,GOOG,172.90440368652344,-0.00345456778301347,-0.005586802576444734,0.00016825396825396826
2025-05-29,GOOG,172.4855499267578,-0.0024253975004845784,0.0040031708706317415,0.00016865079365079366
2025-05-30,GOOG,172.3758544921875,-0.0006361711508699753,-8.118845699520562e-05,0.00016865079365079366
2025-06-02,GOOG,169.90264892578125,-0.014451673627294995,0.004093651490626028,0.00016865079365079366
2025-06-03,GOOG,167.2499542236328,-0.015736194335886695,0.005783533535368979,0.00016825396825396826
2025-06-04,GOOG,168.9253387451172,0.009967409427082576,7.368474471916267e-05,0.00016865079365079366
2025-06-05,GOOG,169.3441925048828,0.0024764510849106694,-0.005291357978698112,0.00016865079365079366
2025-06-06,GOOG,174.440185546875,0.02964862082556501,0.010228196215376713,0.00016865079365079366
2025-06-09,GOOG,177.3556671142578,0.016575228471487794,0.0009195251863913659,0.00016865079365079366
2025-06-10,GOOG,179.7319793701172,0.013309602606387584,0.005468012541646841,0.00016904761904761904
2025-06-11,GOOG,178.51385498046875,-0.006800520577781497,-0.002747660318287345,0.00016904761904761904
2025-06-12,GOOG,176.69668579101562,-0.010231594130551094,0.0038151330716763875,0.00016944444444444442
2025-06-13,GOOG,175.60838317871094,-0.006178202755989285,-0.01136066859010289,0.00016904761904761904
2025-06-16,GOOG,177.66519165039062,0.011644413048712115,0.0093488231481891,0.00016825396825396826
2025-06-17,GOOG,176.95628356933594,-0.003998116723958277,-0.008387259723643134,0.00016785714285714288
2025-06-18,GOOG,173.7113037109375,-0.018507969398149728,-0.00030928803472058796,0.00016785714285714288
2025-06-20,GOOG,167.470947265625,-0.03658486012513575,-0.002181035215587759,0.00016706349206349207
2025-06-23,GOOG,165.75360107421875,-0.010307532292689698,0.009560655071259439,0.0001662698412698413
2025-06-24,GOOG,167.48094177246094,0.010367209560774956,0.011060328616958607,0.0001662698412698413
2025-06-25,GOOG,171.2251434326172,0.0221097544399225,-3.286108349665331e-06,0.0001662698412698413
2025-06-26,GOOG,174.1605987548828,0.01699853611042112,0.007988131032516797,0.00016706349206349207
2025-06-27,GOOG,177.9946746826172,0.021775777452103635,0.005205399256150098,0.0001666666666666667
2025-06-30,GOOG,177.11602783203125,-0.004948590044897901,0.005151137506128882,0.00016825396825396826
2025-07-01,GOOG,176.63677978515625,-0.002709509746654902,-0.0011191571098791433,0.00016825396825396826
2025-07-02,GOOG,179.4823760986328,0.015981487273905547,0.0047338743064907745,0.00016825396825396826
2025-07-03,GOOG,180.27114868164065,0.0043850791867917575,0.00830437821066394,0.00016904761904761904
2025-07-07,GOOG,177.2857666015625,-0.01669916775763237,-0.007893368104244017,0.00016904761904761904
2025-07-08,GOOG,174.8894805908203,-0.013608696305245128,-0.0007161432504695748,0.00016904761904761904
2025-07-09,GOOG,177.38563537597656,0.014171858581632103,0.00604380277677969,0.00016904761904761904
2025-07-10,GOOG,178.42401123046875,0.005836709669185031,0.0027424410729257912,0.00016865079365079366
2025-07-11,GOOG,181.0299835205078,0.01449986916777312,-0.0033029717732258423,0.00016865079365079366
2025-07-14,GOOG,182.52764892578125,0.008238990154600844,0.0014064243309367943,0.00016904761904761904
2025-07-15,GOOG,182.8172149658203,0.0015851658489931767,-0.003964145065672561,0.00016865079365079366
2025-07-16,GOOG,183.48617553710935,0.003652498624559056,0.0031885685253844154,0.00016825396825396826
2025-07-17,GOOG,184.4147491455078,0.005047965459838337,0.005359380240011013,0.00016825396825396826
2025-07-18,GOOG,185.65283203125,0.006691142742232443,-9.049030280841674e-05,0.00016825396825396826
2025-07-21,GOOG,190.8547821044922,0.027634400565546263,0.001398157005673256,0.00016825396825396826
2025-07-22,GOOG,191.81329345703125,0.005009633247991446,0.0006373284966667569,0.00016825396825396826
2025-07-23,GOOG,191.21421813964844,-0.003128108492178875,0.007781532145702873,0.00016865079365079366
2025-07-24,GOOG,192.901611328125,0.008785912547655263,0.0006979799969332514,0.00016865079365079366
2025-07-25,GOOG,193.7802581787109,0.004544554229700362,0.003966451001680552,0.00016865079365079366
2025-07-28,GOOG,193.12127685546875,-0.0034064582370625218,0.00017684247126657597,0.00016825396825396826
2025-07-29,GOOG,196.12661743164065,0.015442088914015247,-0.002963830197466829,0.00016825396825396826
2025-07-30,GOOG,197.13507080078125,0.005128674415976645,-0.0012502139385094711,0.00016865079365079366
2025-07-31,GOOG,192.5621490478516,-0.02347017855897106,-0.003701662046374567,0.00016825396825396826
2025-08-01,GOOG,189.65663146972656,-0.015203719410406288,-0.0161213871855698,0.0001662698412698413
2025-08-04,GOOG,195.44769287109372,0.03007755357093487,0.014629564491414495,0.00016507936507936506
2025-08-05,GOOG,195.0183563232422,-0.0021990988551311764,-0.004869703780462017,0.00016507936507936506
2025-08-06,GOOG,196.61587524414065,0.008158264281635448,0.007255522219852605,0.00016428571428571428
2025-08-07,GOOG,196.97531127929688,0.0018264440230547187,-0.0007977981718278668,0.00016428571428571428
2025-08-08,GOOG,201.77789306640625,0.02408915576020182,0.0077694548163894745,0.00016428571428571428
2025-08-11,GOOG,201.318603515625,-0.0022788079451541445,-0.0025072683938851073,0.00016468253968253969
2025-08-12,GOOG,203.84469604492188,0.012469664771367472,0.011281559075170764,0.00016428571428571428
2025-08-13,GOOG,202.7164306640625,-0.005550300819072922,0.0032248733840464015,0.00016309523809523812
2025-08-14,GOOG,203.50523376464844,0.0038836141007849634,0.00030304487855445177,0.0001634920634920635
2025-08-15,GOOG,204.59353637695312,0.005333538210881111,-0.0029013399163647113,0.0001634920634920635
2025-08-18,GOOG,203.9744873046875,-0.0030303377166514133,-0.00010076825773579619,0.00016428571428571428
2025-08-19,GOOG,202.17727661132807,-0.008850004275232632,-0.005875329112207127,0.0001634920634920635
2025-08-20,GOOG,199.88082885742188,-0.011423586273545868,-0.002434630632264957,0.0001634920634920635
2025-08-21,GOOG,200.3101501464844,0.0021455828656128744,-0.004012219728951123,0.00016428571428571428
2025-08-22,GOOG,206.40074157714844,0.029952710405300315,0.015072285158779139,0.00016269841269841268
2025-08-25,GOOG,208.8369598388672,0.011734224552984203,-0.004275512539646319,0.00016269841269841268
2025-08-26,GOOG,207.6288299560547,-0.005801836795967094,0.00412547371011636,0.00016269841269841268
2025-08-27,GOOG,207.8884429931641,0.0012495897898460728,0.0023881304533030262,0.00016190476190476192
2025-08-28,GOOG,212.0419921875,0.019782727353256008,0.003151747441466755,0.00016190476190476192
2025-08-29,GOOG,213.20022583007807,0.005447420118031531,-0.006418740402792551,0.0001607142857142857
2025-09-02,GOOG,211.66261291503903,-0.007238193072949482,-0.006946350061030363,0.0001607142857142857
2025-09-03,GOOG,230.7430877685547,0.08631135897637007,0.005087112302941308,0.00015992063492063492
2025-09-04,GOOG,232.30067443847656,0.006727625645204884,0.008311847102873571,0.0001591269841269841
2025-09-05,GOOG,234.80679321289065,0.010730476366951689,-0.00317017266993674,0.00015555555555555556
2025-09-08,GOOG,234.00732421875,-0.0034106044992293564,0.0021037644508885675,0.00015674603174603175
2025-09-09,GOOG,239.78355407714844,0.02438424346350715,0.0026845470300734414,0.00015674603174603175
2025-09-10,GOOG,239.4037933349609,-0.0015850202378848038,0.0029790282293981275,0.00015634920634920635
2025-09-11,GOOG,240.6230010986328,0.005079759711364867,0.008450087623093565,0.00015634920634920635
2025-09-12,GOOG,241.22262573242188,0.00248886742943734,-0.00048287788142832935,0.00015634920634920635
2025-09-15,GOOG,251.5958404541016,0.04210372699882268,0.004695577726559718,0.00015515873015873016
2025-09-16,GOOG,251.25607299804688,-0.0013513620955662186,-0.0012887604333313247,0.00015476190476190475
2025-09-17,GOOG,249.6871032714844,-0.006264083158529435,-0.0009706390782443865,0.00015396825396825397
2025-09-18,GOOG,252.1654815673828,0.00987699782342272,0.004777687836708263,0.00015436507936507937
2025-09-19,GOOG,255.07357788085935,0.011466499365247115,0.004873523937481177,0.00015436507936507937
2025-09-22,GOOG,252.71511840820312,-0.009289204147401378,0.004400350714762291,0.00015317460317460315
2025-09-23,GOOG,252.1754608154297,-0.0021377217975281208,-0.005517351828739721,0.00015317460317460315
2025-09-24,GOOG,247.6684112548828,-0.018034318180267364,-0.0028506771652953692,0.00015357142857142856
2025-09-25,GOOG,246.40924072265625,-0.0050970662336116785,-0.005021648742526333,0.00015436507936507937
2025-09-26,GOOG,247.01882934570312,0.0024708320022861453,0.005884489130413512,0.00015357142857142856
2025-09-29,GOOG,244.2006683349609,-0.011474267384030725,0.002632077259912619,0.00015317460317460315
2025-09-30,GOOG,243.3912048339844,-0.0033202532246821787,0.004082503613507919,0.00015317460317460315
2025-10-01,GOOG,245.37989807128903,0.00813756868909718,0.0033941541712235066,0.00015277777777777777
2025-10-02,GOOG,246.26931762695312,0.003618110219753751,0.0006181636213842448,0.00015317460317460315
2025-10-03,GOOG,246.289306640625,8.1163998346747e-05,6.55106568658717e-05,0.00015357142857142856
2025-10-06,GOOG,251.34600830078125,0.020323620783439945,0.003639959282762629,0.00015317460317460315
2025-10-07,GOOG,246.9688720703125,-0.01756820429376345,-0.003818687706853079,0.00015277777777777777
2025-10-08,GOOG,245.29995727539065,-0.006780527587912091,0.005810748494187323,0.00015277777777777777
2025-10-09,GOOG,242.0520782470703,-0.01332887471885771,-0.0027593739802789824,0.00015357142857142856
2025-10-10,GOOG,237.3351593017578,-0.019679585971231425,-0.027485975439899807,0.00015317460317460315
2025-10-13,GOOG,244.48048400878903,0.02966216932273613,0.015478263036934031,0.00015317460317460315
2025-10-14,GOOG,246.02947998046875,0.00631588034723575,-0.00156555149694257,0.00015277777777777777
2025-10-15,GOOG,251.5458831787109,0.02217404491489211,0.004017918503427979,0.00015357142857142856
2025-10-16,GOOG,251.7157745361328,0.0006751611662488324,-0.006314280275141975,0.00015317460317460315
2025-10-17,GOOG,253.62451171875,0.0075543007820982186,0.0052568739445263,0.00015238095238095237
2025-10-20,GOOG,256.8524169921875,0.012646794065495301,0.010615724136144117,0.0001511904761904762
2025-10-21,GOOG,251.17611694335935,-0.022347312788533795,3.269591641698797e-05,0.0001507936507936508
2025-10-22,GOOG,252.36534118652344,0.004723450015985403,-0.005351834774743029,0.0001507936507936508
2025-10-23,GOOG,253.56455993652344,0.004740660685444322,0.0058104798620133855,0.0001507936507936508
2025-10-24,GOOG,260.34014892578125,0.026370576168506125,0.007871361975244856,0.00014960317460317458
2025-10-27,GOOG,269.7539978027344,0.035521383346248624,0.012215141327379352,0.000148015873015873
2025-10-28,GOOG,268.2549743652344,-0.005572499322916545,0.0022853305022299255,0.000148015873015873
2025-10-29,GOOG,274.9906005859375,0.02479899229003993,-4.3579204733175357e-05,0.00014960317460317458
2025-10-30,GOOG,281.7161865234375,0.024163215983721464,-0.009954191424534511,0.00014920634920634917
2025-10-31,GOOG,281.6362609863281,-0.00028374967748500475,0.0026145009178832708,0.000148015873015873
2025-11-03,GOOG,283.93475341796875,0.008128086579393639,0.0017192339969181521,0.00015158730158730158
2025-11-04,GOOG,277.8786926269531,-0.021559809278548198,-0.011806250392326717,0.0001507936507936508
2025-11-05,GOOG,284.5643310546875,0.0237746867032969,0.0036468976756877185,0.0001507936507936508
2025-11-06,GOOG,285.1539611816406,0.0020699013723457244,-0.011241134514722728,0.00014960317460317458
2025-11-07,GOOG,279.51763916015625,-0.019963848777391695,0.0012610463474931072,0.00014960317460317458
2025-11-10,GOOG,290.4005126953125,0.038195648128543515,0.015283626703501816,0.00015039682539682542
2025-11-11,GOOG,291.5497741699219,0.003949694654668983,0.0020731999523923177,0.00015039682539682542
2025-11-12,GOOG,287.2425842285156,-0.014883643124709878,0.0006293191259445972,0.00015039682539682542
2025-11-13,GOOG,278.9380187988281,-0.02933749766035461,-0.01669545163092778,0.0001507936507936508
2025-11-14,GOOG,276.7994079589844,-0.00769651743368777,-0.0005018514712717733,0.0001507936507936508
2025-11-17,GOOG,285.4137878417969,0.030646929599027505,-0.009204497894305158,0.0001507936507936508
2025-11-18,GOOG,284.7742004394531,-0.002243427373920962,-0.008290709844169318,0.00015000000000000001
2025-11-19,GOOG,292.7989501953125,0.027789609592374077,0.00374680773726533,0.00015039682539682542
2025-11-20,GOOG,289.7909545898437,-0.010326379878179678,-0.01568972611631523,0.00015000000000000001
2025-11-21,GOOG,299.4546203613281,0.03280307127924046,0.009775103041592069,0.0001488095238095238
2025-11-24,GOOG,318.2623596191406,0.06091318479540088,0.015348818899081837,0.0001488095238095238
2025-11-25,GOOG,323.4289855957031,0.01610349794035838,0.009020886000832944,0.00014841269841269842
2025-11-26,GOOG,320.0711669921875,-0.010436202901181333,0.006882969436149685,0.00014920634920634917
2025-11-28,GOOG,319.9112854003906,-0.0004996436840581458,0.005340487341137372,0.000148015873015873
2025-12-01,GOOG,314.9145202636719,-0.015742486476403215,-0.005337548746055966,0.00014722222222222223
2025-12-02,GOOG,315.8139343261719,0.0028519869861425044,0.002454221195936617,0.00014603174603174603
2025-12-03,GOOG,320.41094970703125,0.014451164982300584,0.0029753605210852863,0.00014444444444444446
2025-12-04,GOOG,318.18243408203125,-0.0069794793621813485,0.001079738711974404,0.00014404761904761903
2025-12-05,GOOG,321.8799743652344,0.01155381527353083,0.0019347688846794776,0.00014365079365079365
2025-12-08,GOOG,314.45001220703125,-0.023353605827402594,-0.0034833153316476935,0.00014444444444444446
2025-12-09,GOOG,317.75,0.01043979025979015,-0.0008767431610132386,0.00014444444444444446
2025-12-10,GOOG,321.0,0.010176213060452457,0.006726880659139976,0.00014285714285714287
2025-12-11,GOOG,313.70001220703125,-0.023003969020310357,0.00207719198371703,0.00014206349206349206
2025-12-12,GOOG,310.5199890136719,-0.010188877952646922,-0.010720913458554537,0.00014047619047619049
2025-12-15,GOOG,309.32000732421875,-0.0038719127377722646,-0.0015978388918367072,0.00014126984126984127
2025-12-16,GOOG,307.7300109863281,-0.00515355258011538,-0.00238676400843967,0.00014126984126984127
2025-12-17,GOOG,298.0599975585937,-0.031928010509513736,-0.01165985661137129,0.00014087301587301586
2025-12-18,GOOG,303.75,0.018910194325100965,0.007902951520479156,0.00014007936507936508
2025-12-19,GOOG,308.6099853515625,0.01587330169043408,0.008779407421828872,0.00014047619047619049
2025-12-22,GOOG,311.3299865722656,0.008775103389878035,0.006415870575561936,0.00014126984126984127
2025-12-23,GOOG,315.67999267578125,0.013875619337832183,0.004540067046788208,0.00014126984126984127
2025-12-24,GOOG,315.6700134277344,-3.1612411344675026e-05,0.003216304344700708,0.00014285714285714287
2025-12-26,GOOG,314.9599914550781,-0.002251787156257204,-0.00030440987710828846,0.00014126984126984127
2025-12-29,GOOG,314.3900146484375,-0.0018113194786629715,-0.003498162923937312,0.00014166666666666665
2025-12-30,GOOG,314.54998779296875,0.0005087071814803493,-0.0013766142506534472,0.00014087301587301586
2025-12-31,GOOG,313.79998779296875,-0.0023872058098596033,-0.007384867434248815,0.00014166666666666665
2026-01-02,GOOG,315.32000732421875,0.004832218021340445,0.0018929140261155547,0.00014047619047619049
2026-01-05,GOOG,317.32000732421875,0.006322732095694285,0.006334024511051582,0.00014047619047619049
2026-01-06,GOOG,314.54998779296875,-0.008767744307175106,0.0061775920038938375,0.00014007936507936508
2026-01-07,GOOG,322.42999267578125,0.024743028488770955,-0.0034458535710101927,0.00014007936507936508
2019-01-03,META,130.82614135742188,-0.029468813287082573,-0.02506833181891511,9.365079365079364e-05
2019-01-04,META,136.99307250976562,0.0460610824005935,0.03375939906034647,9.404761904761906e-05
2019-01-07,META,137.0923614501953,0.0007245109186458146,0.006985975995229761,9.563492063492063e-05
2019-01-08,META,141.5413055419922,0.03193671659669069,0.009648587336497393,9.563492063492063e-05
2019-01-09,META,143.2294921875,0.01185659790874259,0.004089671332822161,9.523809523809524e-05
2019-01-10,META,143.19970703125,-0.00020797569827801736,0.004508241374462229,9.444444444444444e-05
2019-01-11,META,142.802490234375,-0.0027777202837886332,-0.0001463085444824661,9.444444444444444e-05
2019-01-14,META,144.3814697265625,0.010996403861402021,-0.00527139458724949,9.523809523809524e-05
2019-01-15,META,147.91676330566406,0.024190813224462784,0.010664618879761001,9.523809523809524e-05
2019-01-16,META,146.51654052734375,-0.00951137874798776,0.0022195205290883643,9.444444444444444e-05
2019-01-17,META,147.27127075195312,0.00513793871589788,0.007562730706235749,9.404761904761906e-05
2019-01-18,META,148.99917602539062,0.011664510475953712,0.01309691283985578,9.365079365079364e-05
2019-01-22,META,146.5463409423828,-0.016599077035048024,-0.014258476827972471,9.444444444444444e-05
2019-01-23,META,143.29901123046875,-0.022408264050592815,0.002200489919450871,9.365079365079364e-05
2019-01-24,META,144.8184051513672,0.010547144459507433,0.001374780110977555,9.206349206349206e-05
2019-01-25,META,147.97633361816406,0.021571773718992385,0.008452867700518018,9.285714285714285e-05
2019-01-28,META,146.447021484375,-0.010388618031180555,-0.007877775848708898,9.404761904761906e-05
2019-01-29,META,143.1897735595703,-0.022492896674596686,-0.0014573079351148383,9.404761904761906e-05
2019-01-30,META,149.37655639648438,0.042299503735869305,0.015429609891560045,9.404761904761906e-05
2019-01-31,META,165.53367614746094,0.10270431334897157,0.008560648809767757,9.365079365079364e-05
2019-02-01,META,164.5605010986328,-0.005896364949461549,0.0008982065848071141,9.325396825396825e-05
2019-02-04,META,168.075927734375,0.021137537682414484,0.006753381117479676,9.404761904761906e-05
2019-02-05,META,169.9727020263672,0.011222019736909027,0.0046973704373502,9.404761904761906e-05
2019-02-06,META,169.30734252929688,-0.003922189711502915,-0.0022269157175087858,9.404761904761906e-05
2019-02-07,META,165.22586059570312,-0.024402268157704847,-0.009401193202230233,9.404761904761906e-05
2019-02-08,META,166.16925048828125,0.005693460219502683,0.0006759725660127,9.444444444444444e-05
2019-02-11,META,164.6399383544922,-0.009245952531711085,0.0007088518038183947,9.523809523809524e-05
2019-02-12,META,163.89512634277344,-0.004534147905476086,0.012807852902838604,9.444444444444444e-05
2019-02-13,META,162.93190002441406,-0.005894427507711468,0.0030194315937109753,9.484126984126985e-05
2019-02-14,META,162.8126983642578,-0.0007318719393452523,-0.0026551633836986214,9.444444444444444e-05
2019-02-15,META,161.37277221679688,-0.008883406243782144,0.010820004664957538,9.444444444444444e-05
2019-02-19,META,161.16419982910156,-0.0012933240827886756,0.0014976213265920058,9.563492063492063e-05
2019-02-20,META,161.4323272705078,0.001662308677401448,0.00177553356074094,9.523809523809524e-05
2019-02-21,META,158.9298095703125,-0.015623373148388313,-0.0035326693258413886,9.523809523809524e-05
2019-02-22,META,160.76698303222656,0.011493350750811208,0.006390638694710404,9.563492063492063e-05
2019-02-25,META,163.47804260253906,0.016722679049534044,0.0012311044497517107,9.603174603174603e-05
2019-02-26,META,162.991455078125,-0.002980908710807608,-0.0007907696728402984,9.523809523809524e-05
2019-02-27,META,161.6806182861328,-0.008074879376081544,-0.0005441974362980739,9.523809523809524e-05
2019-02-28,META,160.3300323486328,-0.008388504259422211,-0.002829507598950442,9.523809523809524e-05
2019-03-01,META,161.15431213378906,0.005127973449294902,0.006871656588713028,9.484126984126985e-05
2019-03-04,META,166.20896911621094,0.030883480353916574,-0.003888107395255168,9.563492063492063e-05
2019-03-05,META,170.0719757080078,0.02297588719841705,-0.001132173489706859,9.563492063492063e-05
2019-03-06,META,171.3133087158203,0.007272360791951415,-0.00654547360412503,9.563492063492063e-05
2019-03-07,META,167.95677185058594,-0.01978745887704893,-0.008158911138331157,9.523809523809524e-05
2019-03-08,META,168.42352294921875,0.0027751411447211405,-0.0021339641314536495,9.563492063492063e-05
2019-03-11,META,170.87637329101562,0.014458554803499333,0.014559535563489445,9.563492063492063e-05
2019-03-12,META,170.72740173339844,-0.0008721892318097222,0.002948965727805163,9.563492063492063e-05
2019-03-13,META,172.16737365722656,0.008398963717797664,0.0069255467570192835,9.523809523809524e-05
2019-03-14,META,168.98956298828125,-0.018630150764072945,-0.0008683993315961826,9.523809523809524e-05
2019-03-15,META,164.82861328125,-0.02493072886636103,0.0049725194084307206,9.523809523809524e-05
2019-03-18,META,159.3568572998047,-0.0337601538012765,0.0036990967989080333,9.484126984126985e-05
2019-03-19,META,160.44921875,0.006831425543332779,-0.00013057007992675946,9.563492063492063e-05
2019-03-20,META,164.2923583984375,0.023670015483575068,-0.002948696740769673,9.603174603174603e-05
2019-03-21,META,164.9279327392578,0.0038610933015162273,0.010794015494689354,9.642857142857143e-05
2019-03-22,META,163.1999969482422,-0.01053218338048758,-0.019156827134273257,9.563492063492063e-05
2019-03-25,META,165.1364288330078,0.011795549837189829,-0.000839372833310059,9.563492063492063e-05
2019-03-26,META,166.516845703125,0.008324506029057618,0.007157052947934055,9.563492063492063e-05
2019-03-27,META,164.71937561035156,-0.010853207596649664,-0.00465514327659887,9.484126984126985e-05
2019-03-28,META,164.401611328125,-0.0019309882600934305,0.0035830547152617266,9.444444444444444e-05
2019-03-29,META,165.53367614746094,0.006862371531141071,0.006711706043324668,9.325396825396825e-05
2019-04-01,META,167.52975463867188,0.011986319751775967,0.011502195518044496,9.444444444444444e-05
2019-04-02,META,172.99160766601562,0.032082107597104344,1.7455554858152623e-05,9.404761904761906e-05
2019-04-03,META,172.336181640625,-0.003795969120991129,0.002146072420089187,9.484126984126985e-05
2019-04-04,META,174.79896545410156,0.014189431150079632,0.0020824652429942735,9.484126984126985e-05
2019-04-05,META,174.5010223388672,-0.0017059444483479215,0.004625717623099122,9.484126984126985e-05
2019-04-08,META,173.7165069580078,-0.004505900146879944,0.0010469117505236662,9.444444444444444e-05
2019-04-09,META,176.34815979003906,0.015035521486699807,-0.0060859764356695385,9.404761904761906e-05
2019-04-10,META,176.58648681640625,0.0013505450081701686,0.003471837754499924,9.444444444444444e-05
2019-04-11,META,176.2786102294922,-0.0017450105868605467,3.8122340342693696e-05,9.444444444444444e-05
2019-04-12,META,177.8576202392578,0.008917587854134894,0.0065875783895457275,9.484126984126985e-05
2019-04-15,META,178.40379333496094,0.0030661390921578394,-0.0006295672443571088,9.444444444444444e-05
2019-04-16,META,177.62918090820312,-0.004351359031473784,0.0005092283251399622,9.444444444444444e-05
2019-04-17,META,177.53982543945312,-0.0005031715551655114,-0.0022764008207388597,9.484126984126985e-05
2019-04-18,META,177.04327392578125,-0.0028007642730379975,0.0015778468242496745,9.404761904761906e-05
2019-04-22,META,180.181396484375,0.017569913540769266,0.0010115058169329091,9.484126984126985e-05
2019-04-23,META,182.505126953125,0.01281416383249305,0.008802351174995391,9.523809523809524e-05
2019-04-24,META,181.3134613037109,-0.006550901737851253,-0.0021941686030362366,9.484126984126985e-05
2019-04-25,META,191.91940307617188,0.05684814446845068,-0.0003690417402728576,9.444444444444444e-05
2019-04-26,META,190.16165161132807,-0.009200999860963802,0.004674350323304823,9.404761904761906e-05
2019-04-29,META,193.4288330078125,0.017035148354475445,0.0010709485042338864,9.484126984126985e-05
2019-04-30,META,192.0583953857422,-0.007110188326034394,0.0009509646987914453,9.444444444444444e-05
2019-05-01,META,191.69097900390625,-0.0019148773581149857,-0.00753044585029134,9.444444444444444e-05
2019-05-02,META,191.1944274902344,-0.002593735794718371,-0.0021262446486827887,9.563492063492063e-05
2019-05-03,META,194.1140594482422,0.01515506633027363,0.00959212747891747,9.444444444444444e-05
2019-05-06,META,192.53509521484372,-0.008167471682038413,-0.004481013189072523,9.484126984126985e-05
2019-05-07,META,188.45358276367188,-0.021426718636105464,-0.016649488088905522,9.444444444444444e-05
2019-05-08,META,188.2251739501953,-0.0012127513824451317,-0.0016067153894199682,9.444444444444444e-05
2019-05-09,META,187.34136962890625,-0.004706521216294741,-0.0030259986619282898,9.444444444444444e-05
2019-05-10,META,187.0335235595703,-0.0016445875208094059,0.003713394069918638,9.444444444444444e-05
2019-05-13,META,180.2806854248047,-0.03677287134303018,-0.024426469138497504,9.365079365079364e-05
2019-05-14,META,179.4762725830078,-0.004471986792692342,0.007983987523216093,9.365079365079364e-05
2019-05-15,META,184.97789001464844,0.03019329147780759,0.005821994327723055,9.404761904761906e-05
2019-05-16,META,185.69287109375,0.003857773748779035,0.008855957116499086,9.325396825396825e-05
2019-05-17,META,184.0146026611328,-0.009078961501740472,-0.005854437174043804,9.285714285714285e-05
2019-05-20,META,181.45249938964844,-0.014021208648016918,-0.006772257975405369,9.285714285714285e-05
2019-05-21,META,183.53793334960935,0.011427459281294378,0.008459949093190606,9.285714285714285e-05
2019-05-22,META,184.03445434570312,0.002701624576353647,-0.0028283923638994365,9.246031746031747e-05
2019-05-23,META,179.61534118652344,-0.024305421105022637,-0.01198569224128196,9.206349206349206e-05
2019-05-24,META,179.80401611328125,0.0010498874935733742,0.0013526437720373175,9.126984126984126e-05
2019-05-28,META,183.03147888183597,0.017790695449233365,-0.008410950000260244,9.206349206349206e-05
2019-05-29,META,180.9261779785156,-0.01156906219868306,-0.00693591016723137,9.206349206349206e-05
2019-05-30,META,181.740478515625,0.004490635634385417,0.002096272674997037,9.246031746031747e-05
2019-05-31,META,176.23890686035156,-0.030739227319686525,-0.013283205250452958,9.126984126984126e-05
2019-06-03,META,163.01132202148438,-0.078020841263146,-0.002769070654307939,9.126984126984126e-05
2019-06-04,META,166.33807373046875,0.020202647409869004,0.021205927081077776,9.126984126984126e-05
2019-06-05,META,167.00341796875,0.00399197302716891,0.008128726978813691,9.126984126984126e-05
2019-06-06,META,167.16232299804688,0.0009510552506948888,0.006116840676004416,9.047619047619046e-05
2019-06-07,META,172.1475067138672,0.02938637212400578,0.010442979247260026,8.849206349206349e-05
2019-06-10,META,173.60733032226562,0.008444320232702616,0.004649220074765499,8.88888888888889e-05
2019-06-11,META,176.86453247070312,0.018588059575166887,-0.0003499414579512858,8.80952380952381e-05
2019-06-12,META,173.82577514648438,-0.017330580943654587,-0.002039657827237423,8.69047619047619e-05
2019-06-13,META,176.23890686035156,0.013786994587192325,0.004089010502850191,8.492063492063493e-05
2019-06-14,META,180.0721435546875,0.021517068206216433,-0.0016128117861529605,8.53174603174603e-05
2019-06-17,META,187.6988525390625,0.041481262184554175,0.0009313154323528439,8.650793650793651e-05
2019-06-18,META,187.16259765625,-0.0028610850667075065,0.009670489592970687,8.611111111111112e-05
2019-06-19,META,186.1794891357422,-0.005266541478264157,0.0029807167930238428,8.452380952380952e-05
2019-06-20,META,188.2152404785156,0.010875000340503337,0.00942760533587314,8.293650793650792e-05
2019-06-21,META,189.8141021728516,0.008458979490327404,-0.0012600162797279978,8.214285714285714e-05
2019-06-24,META,191.26397705078125,0.007609369065913133,-0.0017333884605870258,8.253968253968253e-05
2019-06-25,META,187.530029296875,-0.019715563817882312,-0.009541775640387554,8.214285714285714e-05
2019-06-26,META,186.35824584960935,-0.006268114630479853,-0.0012346956788039985,8.333333333333334e-05
2019-06-27,META,188.1854553222656,0.009757066867401132,0.0038158857925908473,8.293650793650792e-05
2019-06-28,META,191.66119384765625,0.0183012568095133,0.005740941840599626,8.253968253968253e-05
2019-07-01,META,191.66119384765625,0.0,0.007643018610953927,8.571428571428571e-05
2019-07-02,META,193.6472930908203,0.010309229621016026,0.002923847276988696,8.53174603174603e-05
2019-07-03,META,195.83203125,0.011218880887656836,0.007643095660684157,8.571428571428571e-05
2019-07-05,META,195.03761291503903,-0.0040648816846492845,-0.0018075342045486649,8.650793650793651e-05
2019-07-08,META,194.4020233154297,-0.003264126733923182,-0.004847173010123794,8.769841269841269e-05
2019-07-09,META,197.828125,0.017470298187223943,0.0012357930584538906,8.769841269841269e-05
2019-07-10,META,201.32369995117188,0.01751546203673236,0.004500546936082614,8.53174603174603e-05
2019-07-11,META,199.8340759277344,-0.007426658336029815,0.002282619578948549,8.412698412698413e-05
2019-07-12,META,203.44883728027344,0.01792715755545371,0.004609534302066538,8.333333333333334e-05
2019-07-15,META,202.4954833984375,-0.004696977324133303,0.00017585372838413283,8.373015873015872e-05
2019-07-16,META,202.4259796142578,-0.0003432951384950764,-0.003409584555010327,8.333333333333334e-05
2019-07-17,META,200.400146484375,-0.010058186783711683,-0.006552665466093182,8.293650793650792e-05
2019-07-18,META,199.38720703125,-0.005067402016525467,0.0035755977088190827,7.976190476190474e-05
2019-07-19,META,196.9840087890625,-0.01212614637022482,-0.006195889464844692,8.015873015873015e-05
2019-07-22,META,200.91653442382807,0.019767018411851977,0.002824701686250326,8.095238095238096e-05
2019-07-23,META,200.9562530517578,0.00019766766647011215,0.00682414513927642,8.015873015873015e-05
2019-07-24,META,203.2403106689453,0.01130183744409626,0.004677192813475714,8.134920634920634e-05
2019-07-25,META,199.3177032470703,-0.019489024901905058,-0.005276296483599537,8.174603174603175e-05
2019-07-26,META,198.36436462402344,-0.004794485476081382,0.007360535770783042,8.253968253968253e-05
2019-07-29,META,194.58079528808597,-0.01925808818550168,-0.0016174219290574364,8.214285714285714e-05
2019-07-30,META,195.6731414794922,0.005598144906499716,-0.0025819853720443708,8.095238095238096e-05
2019-07-31,META,192.8826446533203,-0.014363676477999628,-0.01094520695213996,8.095238095238096e-05
2019-08-01,META,191.3930511474609,-0.007752772205946883,-0.009039527568806017,8.055555555555556e-05
2019-08-02,META,187.7087860107422,-0.019437421673587828,-0.007309388539565105,8.015873015873015e-05
2019-08-05,META,180.4693603515625,-0.03933073667236243,-0.030230182169694777,7.936507936507937e-05
2019-08-06,META,183.23008728027344,0.015181656015492404,0.012933023911166613,7.976190476190474e-05
2019-08-07,META,183.8656311035156,0.0034625544586375937,0.0007665823338588767,7.857142857142857e-05
2019-08-08,META,188.84088134765625,0.026699537740036663,0.018588462466865085,7.857142857142857e-05
2019-08-09,META,186.54693603515625,-0.012221887663665646,-0.006638593133657111,7.777777777777778e-05
2019-08-12,META,184.0841064453125,-0.013290121752925347,-0.012393809115915354,7.777777777777778e-05
2019-08-13,META,187.1427459716797,0.016478919678491383,0.015018346267301863,7.777777777777778e-05
2019-08-14,META,178.46336364746094,-0.04748833861381734,-0.02973035245453567,7.619047619047618e-05
2019-08-15,META,181.3233795166016,0.015898729828078724,0.0024612366981802422,7.420634920634921e-05
2019-08-16,META,182.42567443847656,0.0060607624079816215,0.014323058172245003,7.261904761904762e-05
2019-08-19,META,184.8785552978516,0.0133563249485854,0.012033175564397505,7.53968253968254e-05
2019-08-20,META,182.53494262695312,-0.012757530521832896,-0.007946215312115467,7.53968253968254e-05
2019-08-21,META,182.27671813964844,-0.0014156594111466997,0.008212979557352937,7.658730158730158e-05
2019-08-22,META,180.7772216796875,-0.008260507996873294,-0.00050620295927854,7.777777777777778e-05
2019-08-23,META,176.51698303222656,-0.02384836084606966,-0.02628888112283785,7.658730158730158e-05
2019-08-26,META,179.10887145996094,0.014576748506220575,0.01092311273079789,7.777777777777778e-05
2019-08-27,META,180.0423583984375,0.005198306245148113,-0.0032083218005562386,7.698412698412698e-05
2019-08-28,META,180.4991455078125,0.0025338960914680375,0.006524151530562512,7.738095238095238e-05
2019-08-29,META,184.28271484375,0.020745028393291193,0.012607482441094399,7.738095238095238e-05
2019-08-30,META,184.3820343017578,0.000538806385155269,0.0006425807598767749,7.738095238095238e-05
2019-09-03,META,181.1247711181641,-0.017823741539219895,-0.0069230093326854165,7.698412698412698e-05
2019-09-04,META,185.8418426513672,0.025709866697814995,0.010783725278421427,7.658730158730158e-05
2019-09-05,META,189.57574462890625,0.01989264879481975,0.01292591292175976,7.658730158730158e-05
2019-09-06,META,186.1894073486328,-0.01802417780813079,0.0009101908043767861,7.619047619047618e-05
2019-09-09,META,187.4505920410156,0.006750826914534225,-9.401467889992668e-05,7.619047619047618e-05
2019-09-10,META,184.8785552978516,-0.013816149905178828,0.0003222524259310153,7.579365079365079e-05
2019-09-11,META,187.18246459960935,0.012384735979284859,0.0072036723263872,7.619047619047618e-05
2019-09-12,META,186.16954040527344,-0.00542612154766959,0.0028750162782333164,7.579365079365079e-05
2019-09-13,META,185.8914794921875,-0.0014947062443233182,-0.0007246768769660504,7.619047619047618e-05
2019-09-16,META,184.92822265625,-0.0051952957028383595,-0.0031405129163559896,7.738095238095238e-05
2019-09-17,META,186.77532958984372,0.009938684345536113,0.0025784253724619854,7.738095238095238e-05
2019-09-18,META,186.83489990234372,0.0003188901603994967,0.00034263328426719085,7.579365079365079e-05
2019-09-19,META,188.82101440429688,0.010574213968485615,1.9974521929475905e-05,7.500000000000001e-05
2019-09-20,META,188.6124725341797,-0.0011050524055528058,-0.004907599104880387,7.420634920634921e-05
2019-09-23,META,185.5240631103516,-0.01650990631341813,-9.694061782751375e-05,7.53968253968254e-05
2019-09-24,META,180.02247619628906,-0.030102883053937733,-0.00845198896355148,7.460317460317459e-05
2019-09-25,META,181.53195190429688,0.008349970908860789,0.0061396852419639035,7.341269841269842e-05
2019-09-26,META,178.860595703125,-0.014824974293091773,-0.002431871009613191,7.103174603174603e-05
2019-09-27,META,175.87147521972656,-0.01685323362867927,-0.005330534579128577,6.984126984126985e-05
2019-09-30,META,176.84466552734375,0.005518277531261045,0.005034910215248393,7.301587301587302e-05
2019-10-01,META,174.59042358398438,-0.012828957212586792,-0.012334126945412846,7.063492063492064e-05
2019-10-02,META,173.3888397216797,-0.006906093349321362,-0.01806540418764383,6.944444444444444e-05
2019-10-03,META,178.1356658935547,0.027008727122430007,0.007940304773866787,6.626984126984126e-05
2019-10-04,META,179.1982421875,0.005947263340264122,0.014116785239259274,6.666666666666666e-05
2019-10-07,META,178.43357849121094,-0.0042762685942638835,-0.00448835227368152,6.785714285714286e-05
2019-10-08,META,176.51698303222656,-0.010799329786761819,-0.01568315955210993,6.666666666666666e-05
2019-10-09,META,178.60240173339844,0.011745023017250028,0.009063296514845923,6.587301587301587e-05
2019-10-10,META,178.78114318847656,0.0010002781186838974,0.0063952024117826045,6.547619047619048e-05
2019-10-11,META,182.91232299804688,0.02284453470550998,0.010879579673789056,6.547619047619048e-05
2019-10-14,META,182.00860595703125,-0.004952957294531467,-0.0013880816732189801,6.547619047619048e-05
2019-10-15,META,187.5797119140625,0.03014991383948963,0.009906445376489171,6.507936507936507e-05
2019-10-16,META,188.23513793945312,0.0034880297580465467,-0.002001544553193733,6.468253968253968e-05
2019-10-17,META,189.0692901611328,0.004421647447493089,0.002759021969775287,6.468253968253968e-05
2019-10-18,META,184.560791015625,-0.024134662672027064,-0.003927045709799847,6.468253968253968e-05
2019-10-21,META,188.4436492919922,0.02082011963765439,0.006848114105333746,6.507936507936507e-05
2019-10-22,META,181.0751190185547,-0.03988705207783072,-0.003575049258376838,6.42857142857143e-05
2019-10-23,META,184.8586883544922,0.02067971909639907,0.002843103345830729,6.42857142857143e-05
2019-10-24,META,185.0871124267578,0.0012349057662607266,0.0019186046591713529,6.507936507936507e-05
2019-10-25,META,186.58663940429688,0.008069093425940263,0.004064429510656049,6.468253968253968e-05
2019-10-28,META,188.0861358642578,0.008004341734597397,0.0055658199161177,6.42857142857143e-05
2019-10-29,META,187.9967803955078,-0.0004751902655939869,-0.0008327519564807664,6.349206349206349e-05
2019-10-30,META,186.94415283203125,-0.005614912834143211,0.0032480894008573105,6.30952380952381e-05
2019-10-31,META,190.32052612304688,0.01789970611034343,-0.0030274386345390905,5.992063492063492e-05
2019-11-01,META,192.2769012451172,0.010226896646130095,0.009615930559647514,5.9126984126984124e-05
2019-11-04,META,193.3692626953125,0.005665112083610338,0.0036972458053124275,5.9523809523809524e-05
2019-11-05,META,192.97201538085935,-0.002056458768416398,-0.0011864027118206639,6.071428571428572e-05
2019-11-06,META,190.2212371826172,-0.014357379375369317,0.0007022505922896238,6.071428571428572e-05
2019-11-07,META,189.09909057617188,-0.005916634558527725,0.002726375244280665,6.071428571428572e-05
2019-11-08,META,189.51617431640625,0.0022032070422056812,0.002557403145115828,6.0317460317460316e-05
2019-11-11,META,188.2947235107422,-0.0064659599195544225,-0.0019643954133371925,6.0317460317460316e-05
2019-11-12,META,193.12098693847656,0.02530845427574292,0.0015634233012630327,6.19047619047619e-05
2019-11-13,META,191.8498687744141,-0.006603735137758616,0.0007112815701162954,6.111111111111111e-05
2019-11-14,META,191.8101348876953,-0.0002071307224186534,0.0008366926144567594,6.111111111111111e-05
2019-11-15,META,193.7466278076172,0.010045261248738821,0.007666028777973181,6.111111111111111e-05
2019-11-18,META,196.03065490722656,0.011719786370719541,0.0005030263228096366,6.111111111111111e-05
2019-11-19,META,197.93734741210935,0.00967950382051456,-0.0005927700996925261,6.111111111111111e-05
2019-11-20,META,196.13987731933597,-0.009122488920321546,-0.0037632564209410676,6.111111111111111e-05
2019-11-21,META,196.55697631835935,0.0021242806098831788,-0.0015840060861895076,6.150793650793651e-05
2019-11-22,META,197.4408264160156,0.004486581265869806,0.002172573942375937,6.150793650793651e-05
2019-11-25,META,198.4040679931641,0.0048667722736270005,0.0074792518874672075,6.26984126984127e-05
2019-11-26,META,197.5897521972656,-0.004112776019320526,0.0021931636449402277,6.230158730158731e-05
2019-11-27,META,200.59873962402344,0.015113669858255728,0.0041657356252997445,6.30952380952381e-05
2019-11-29,META,200.2412567138672,-0.0017836693353916555,-0.004019286229989053,6.19047619047619e-05
2019-12-02,META,198.31472778320312,-0.009667620161235513,-0.008668483693963605,6.230158730158731e-05
2019-12-03,META,197.4408264160156,-0.004416376615935125,-0.006660225258045148,6.111111111111111e-05
2019-12-04,META,197.33157348632807,-0.0005534983322227431,0.006303657608769993,6.0317460317460316e-05
2019-12-05,META,197.97706604003903,0.0032657678728126925,0.0014991269266302707,5.992063492063492e-05
2019-12-06,META,199.65538024902344,0.008441585645620168,0.009094246030426013,5.9523809523809524e-05
2019-12-09,META,199.9433135986328,0.001441112815803844,-0.003167833684474369,5.992063492063492e-05
2019-12-10,META,199.47657775878903,-0.0023370696471627797,-0.0010975361689841293,6.071428571428572e-05
2019-12-11,META,200.85693359375,0.006896056743274132,0.0029039375293507703,6.111111111111111e-05
2019-12-12,META,195.3851776123047,-0.02762000137267232,0.008538667375555057,6.071428571428572e-05
2019-12-13,META,192.7635040283203,-0.013508810291128824,7.25791502146863e-05,6.111111111111111e-05
2019-12-16,META,196.54705810546875,0.019437814291909036,0.007122360942542787,6.111111111111111e-05
2019-12-17,META,197.0137939453125,0.0023718622226904106,0.0003352360284609262,6.071428571428572e-05
2019-12-18,META,201.0952911376953,0.020505134664661168,-0.0004323936405227425,6.071428571428572e-05
2019-12-19,META,204.63059997558597,0.017427521354192028,0.004449378821864254,6.111111111111111e-05
2019-12-20,META,204.86892700195312,0.0011639918367420564,0.004932595804334098,6.150793650793651e-05
2019-12-23,META,204.74974060058597,-0.0005819383448918413,0.0008657687142985109,6.19047619047619e-05
2019-12-24,META,203.69711303710935,-0.005154305313009082,-0.00019546730246814044,6.150793650793651e-05
2019-12-26,META,206.34860229492188,0.01293283219650029,0.005115062410053991,6.150793650793651e-05
2019-12-27,META,206.6564483642578,0.0014907620420474452,3.3984139657930306e-05,6.111111111111111e-05
2019-12-30,META,202.9920196533203,-0.017891078533470866,-0.005797596079349905,6.111111111111111e-05
2019-12-31,META,203.82620239257807,0.004101015456938903,0.002941690644190719,6.0317460317460316e-05
2020-01-02,META,208.32476806640625,0.02183056526848972,0.008343895362316707,5.992063492063492e-05
2020-01-03,META,207.22250366210935,-0.0053051340461421626,-0.007084909364954553,5.9126984126984124e-05
2020-01-06,META,211.125244140625,0.018658418611084564,0.003527145194272564,6.071428571428572e-05
2020-01-07,META,211.58203125,0.002161246393295232,-0.0028071750845948405,5.992063492063492e-05
2020-01-08,META,213.72705078125,0.010086959386673235,0.004890473485641129,5.992063492063492e-05
2020-01-09,META,216.7856903076172,0.01420952598418814,0.006633214116906491,5.992063492063492e-05
2020-01-10,META,216.5473480224609,-0.0011000421759183349,-0.0028592624875049015,5.992063492063492e-05
2020-01-13,META,220.37066650390625,0.017501755238633572,0.006951994045933256,6.111111111111111e-05
2020-01-14,META,217.54042053222656,-0.012926301543862184,-0.0015156808368957204,6.111111111111111e-05
2020-01-15,META,219.61590576171875,0.009495462831505552,0.0018684502436879626,6.111111111111111e-05
2020-01-16,META,220.23162841796875,0.0027997113117273825,0.008331747422232019,6.0317460317460316e-05
2020-01-17,META,220.59906005859372,0.0016669970368082946,0.003854723247485144,6.071428571428572e-05
2020-01-21,META,219.9039001464844,-0.003156212566042731,-0.002655500369585384,6.071428571428572e-05
2020-01-22,META,219.7847442626953,-0.0005420012011736,0.00028903429668107475,6.0317460317460316e-05
2020-01-23,META,218.2355499267578,-0.007073648486939595,0.001140326193358241,6.0317460317460316e-05
2020-01-24,META,216.4282073974609,-0.008316096820893373,-0.009083289426193788,5.992063492063492e-05
2020-01-27,META,213.3794708251953,-0.01418675309897654,-0.015855752356844034,6.0317460317460316e-05
2020-01-28,META,216.2792053222656,0.013498056410615572,0.010003383500352516,6.111111111111111e-05
2020-01-29,META,221.6814727783203,0.02467135403930414,-0.0008672501435846315,6.071428571428572e-05
2020-01-30,META,208.07650756835935,-0.06333570732753117,0.0031294569302110597,6.111111111111111e-05
2020-01-31,META,200.50938415527344,-0.03704478749991222,-0.01786444357136295,6.0317460317460316e-05
2020-02-03,META,202.7735595703125,0.011228836926686966,0.007228425761232584,6.111111111111111e-05
2020-02-04,META,208.37445068359372,0.02724681853097287,0.014869315917506062,6.111111111111111e-05
2020-02-05,META,208.6525115966797,0.0013335394564058206,0.011187778658972936,6.111111111111111e-05
2020-02-06,META,209.38735961914065,0.0035156875214827615,0.003320155057001924,6.111111111111111e-05
2020-02-07,META,210.8571014404297,0.006994727830498731,-0.005415491009458352,6.071428571428572e-05
2020-02-10,META,211.58203125,0.003432118215746495,0.007299690120573207,6.150793650793651e-05
2020-02-11,META,205.75274658203125,-0.02793758930915129,0.0016870486860021178,6.111111111111111e-05
2020-02-12,META,209.2979888916016,0.017083832079057462,0.006441853105203067,6.150793650793651e-05
2020-02-13,META,211.6614990234375,0.011229275194042288,-0.0016317763599886593,6.19047619047619e-05
2020-02-14,META,212.69422912597656,0.004867294455390292,0.0018418360984854144,6.150793650793651e-05
2020-02-18,META,216.2891387939453,0.01676052775859771,-0.0029242139861477136,6.150793650793651e-05
2020-02-19,META,215.9813232421875,-0.0014241806036719767,0.004694748284284925,6.150793650793651e-05
2020-02-20,META,213.09146118164065,-0.013470468709719576,-0.0038228174279975285,6.150793650793651e-05
2020-02-21,META,208.7220001220703,-0.020718245181831952,-0.010573809232819777,6.071428571428572e-05
2020-02-24,META,199.3276214599609,-0.04605341359399471,-0.03408807942044074,5.9523809523809524e-05
2020-02-25,META,195.405029296875,-0.019875332242204325,-0.030747904375353224,5.9523809523809524e-05
2020-02-26,META,195.83203125,0.002182830645310388,-0.00378569732353003,5.9523809523809524e-05
2020-02-27,META,188.4337615966797,-0.03851076062348028,-0.045168136352261155,5.634920634920634e-05
2020-02-28,META,191.1348571777344,0.014232689658297399,-0.008272463109653077,4.96031746031746e-05
2020-03-02,META,195.07733154296875,0.0204168145383261,0.0450108687694132,4.3650793650793655e-05
2020-03-03,META,184.6004943847656,-0.05520205175924858,-0.02851048492291458,3.690476190476191e-05
2020-03-04,META,190.4297637939453,0.031089432381551974,0.041336349360633136,2.817460317460317e-05
2020-03-05,META,183.88548278808597,-0.0349702448865314,-0.034510782439981125,2.4206349206349206e-05
2020-03-06,META,179.83377075195312,-0.02228025931809876,-0.01720094365238617,1.785714285714286e-05
2020-03-09,META,168.32418823242188,-0.06614111658342604,-0.07901041294037148,1.2698412698412699e-05
2020-03-10,META,176.9539337158203,0.049997625408068964,0.048215052425859106,1.7063492063492063e-05
2020-03-11,META,169.05908203125,-0.045641185561346484,-0.05010289280860541,1.6269841269841268e-05
2020-03-12,META,153.39846801757812,-0.0972093496103556,-0.09994485240247351,1.3095238095238094e-05
2020-03-13,META,169.09877014160156,0.09744408087729958,0.08880840694923595,1.0714285714285714e-05
2020-03-16,META,144.99716186523438,-0.15376881402718354,-0.12765219747281742,9.523809523809523e-06
2020-03-17,META,148.3834991455078,0.023085963923356236,0.05822631263569171,7.5396825396825394e-06
2020-03-18,META,145.9405517578125,-0.016600773762013264,-0.053222272332080246,7.936507936507937e-07
2020-03-19,META,152.0677490234375,0.04112677975615626,0.004696760970401053,1.5873015873015873e-06
2020-03-20,META,148.6913604736328,-0.02245338740415153,-0.04432762405336681,1.984126984126984e-06
2020-03-23,META,147.07264709472656,-0.010946088772679967,-0.02973150100957679,7.936507936507937e-07
2020-03-24,META,159.86329650878906,0.08339239058229003,0.08968323251796326,3.9682539682539683e-07
2020-03-25,META,155.12640380859375,-0.030078760193308473,0.011468990420822226,-1.5873015873015873e-06
2020-03-26,META,162.2069091796875,0.0446324444274981,0.06054383107424656,-1.984126984126984e-06
2020-03-27,META,155.7023468017578,-0.040926586129832715,-0.0342678455416263,1.1904761904761904e-06
2020-03-30,META,164.79881286621094,0.056779262654578645,0.032966590569974794,4.7619047619047615e-06
2020-03-31,META,165.6429443359375,0.005109120064471358,-0.016142310788415843,4.365079365079366e-06
2020-04-01,META,158.49288940429688,-0.044124803523696486,-0.04514636273278691,3.5714285714285714e-06
2020-04-02,META,157.09268188476562,-0.008873768860440142,0.022572657056960366,3.5714285714285714e-06
2020-04-03,META,153.1104736328125,-0.025676250920538563,-0.015252860825944299,3.968253968253968e-06
2020-04-06,META,164.401611328125,0.07115257311252218,0.06796824414483035,5.9523809523809525e-06
2020-04-07,META,167.6588592529297,0.0196190314155568,-0.001604339048362459,5.555555555555557e-06
2020-04-08,META,173.07106018066406,0.03177094739588485,0.033489371191284686,8.730158730158731e-06
2020-04-09,META,173.97474670410156,0.005207892145657793,0.014383470303699339,9.92063492063492e-06
2020-04-13,META,173.57749938964844,-0.0022859727819816416,-0.01015605944467711,1.0317460317460317e-05
2020-04-14,META,176.93406677246094,0.01915297705141633,0.03011455957230757,7.936507936507936e-06
2020-04-15,META,175.7423858642578,-0.006757952988480469,-0.022276732672369248,5.555555555555557e-06
2020-04-16,META,175.0273895263672,-0.0040767328219723864,0.0057998378395412884,5.555555555555557e-06
2020-04-17,META,177.99664306640625,0.016822217680659956,0.026440932021320578,4.7619047619047615e-06
2020-04-20,META,177.0035858154297,-0.005594699723898581,-0.018042845615347775,4.7619047619047615e-06
2020-04-21,META,169.6151885986328,-0.04263771644843415,-0.031155115236330667,4.365079365079366e-06
2020-04-22,META,181.0155487060547,0.06505065726516747,0.02267130058213675,4.7619047619047615e-06
2020-04-23,META,183.8457794189453,0.015514318799003493,-0.0005395676601955963,4.365079365079366e-06
2020-04-24,META,188.7515411376953,0.026334302235129305,0.013822090566839217,4.7619047619047615e-06
2020-04-27,META,186.1993408203125,-0.01361372839720276,0.014606868181735996,4.7619047619047615e-06
2020-04-28,META,181.64117431640625,-0.024784653381659624,-0.005256170190483643,4.365079365079366e-06
2020-04-29,META,192.84292602539065,0.05984283146969469,0.02623670404507307,3.968253968253968e-06
2020-04-30,META,203.2899475097656,0.05275727007466315,-0.009255143319054839,3.5714285714285714e-06
2020-05-01,META,200.8668975830078,-0.01199078520168292,-0.028460211014775954,4.7619047619047615e-06
2020-05-04,META,203.8361358642578,0.01467392786670095,0.0042408225788494016,5.158730158730158e-06
2020-05-05,META,205.63360595703125,0.008779557828172274,0.008999935197779802,5.158730158730158e-06
2020-05-06,META,207.0238800048828,0.006738175631665949,-0.007003880399042588,4.7619047619047615e-06
2020-05-07,META,209.7945098876953,0.013294378351594695,0.011438955754890805,4.365079365079366e-06
2020-05-08,META,210.87696838378903,0.005146347879857238,0.016730795065226244,4.7619047619047615e-06
2020-05-11,META,211.70118713378903,0.003900910562569782,0.0001330693667907644,4.7619047619047615e-06
2020-05-12,META,208.6425628662109,-0.014553223409011195,-0.020713365772047604,5.158730158730158e-06
2020-05-13,META,203.67726135253903,-0.024085873454344948,-0.017616996624280044,5.158730158730158e-06
2020-05-14,META,205.3753967285156,0.008302819198229956,0.01145891780407149,4.7619047619047615e-06
2020-05-15,META,209.4171600341797,0.019488735583159684,0.003918675203723029,4.7619047619047615e-06
2020-05-18,META,211.7111358642578,0.010894535189772889,0.031015208770073424,5.158730158730158e-06
2020-05-19,META,215.3755340576172,0.01716039565303843,-0.010539747711599283,5.158730158730158e-06
2020-05-20,META,228.3747100830078,0.05860457071062549,0.0165139906134157,4.7619047619047615e-06
2020-05-21,META,229.78485107421875,0.0061556958037543505,-0.007803968309953686,4.7619047619047615e-06
2020-05-22,META,233.28045654296875,0.015097964855108293,0.002350945686812366,4.7619047619047615e-06
2020-05-26,META,230.5892639160156,-0.01160335629981523,0.01221428502146052,5.555555555555557e-06
2020-05-27,META,227.55050659179688,-0.013265828830606341,0.014718447490314346,5.9523809523809525e-06
2020-05-28,META,223.89601135253903,-0.016190511716720358,-0.0021101393249195488,5.9523809523809525e-06
2020-05-29,META,223.52859497070312,-0.0016423614581360267,0.004800793552307952,5.555555555555557e-06
2020-06-01,META,230.30130004882807,0.02984910426069024,0.003744216478364391,5.555555555555557e-06
2020-06-02,META,231.10562133789065,0.003486389416741212,0.008177307282398658,5.9523809523809525e-06
2020-06-03,META,228.5634002685547,-0.011061206519952965,0.01355667081256392,6.349206349206349e-06
2020-06-04,META,224.7202606201172,-0.016957292180431925,-0.003374389083608904,5.9523809523809525e-06
2020-06-05,META,229.16917419433597,0.01960414020147656,0.025874012821635813,5.9523809523809525e-06
2020-06-08,META,229.79481506347656,0.0027263195863152993,0.011969656405806002,6.746031746031747e-06
2020-06-09,META,237.01438903808597,0.03093405019503608,-0.007829743419721978,7.5396825396825394e-06
2020-06-10,META,235.08782958984372,-0.008161665277855735,-0.005327255735182077,6.746031746031747e-06
2020-06-11,META,222.8731384277344,-0.05335646364635855,-0.06075269299628893,6.746031746031747e-06
2020-06-12,META,226.99435424804688,0.018322422409320225,0.012976286605211731,6.349206349206349e-06
2020-06-15,META,230.8871917724609,0.01700409791791717,0.00827786081817526,7.142857142857143e-06
2020-06-16,META,234.01535034179688,0.01345746902135138,0.018784852866710527,6.746031746031747e-06
2020-06-17,META,233.8961639404297,-0.0005094399274517109,-0.0036067962326294138,6.746031746031747e-06
2020-06-18,META,234.3033142089844,0.001739217535208143,0.0005940434038017573,6.349206349206349e-06
2020-06-19,META,237.13352966308597,0.012006908210543002,-0.005665513565673728,5.9523809523809525e-06
2020-06-22,META,237.56056213378903,0.0017991906504742183,0.006474093296658384,6.349206349206349e-06
2020-06-23,META,240.5596160888672,0.012545353346886442,0.004298169191483789,6.349206349206349e-06
2020-06-24,META,232.39663696289065,-0.03452238879979096,-0.0261952655956623,5.9523809523809525e-06
2020-06-25,META,234.04510498046875,0.007068299136107469,0.01089982772821816,6.349206349206349e-06
2020-06-26,META,214.58108520507807,-0.08682616656862133,-0.024525204274831163,5.555555555555557e-06
2020-06-29,META,219.10943603515625,0.02088362638640693,0.01457888811353358,5.555555555555557e-06
2020-06-30,META,225.494873046875,0.02872610982306969,0.015292349435755562,6.349206349206349e-06
2020-07-01,META,235.90216064453125,0.045119722775887446,0.005009563975870565,5.555555555555557e-06
2020-07-02,META,231.80078125,-0.01753884426376665,0.0045309704768169146,5.555555555555557e-06
2020-07-06,META,238.61322021484372,0.028965614305101025,0.01575693083216329,5.9523809523809525e-06
2020-07-07,META,239.18919372558597,0.002410928756023145,-0.010877477869643567,5.9523809523809525e-06
2020-07-08,META,241.8903350830078,0.011229618310800119,0.007796986263430269,5.9523809523809525e-06
2020-07-09,META,242.803955078125,0.0037698858670145072,-0.005659591476194623,5.158730158730158e-06
2020-07-10,META,243.36997985839844,0.0023284877914705906,0.010411809774443004,5.158730158730158e-06
2020-07-13,META,237.3420867919922,-0.025080331678512018,-0.009406645216058874,5.555555555555557e-06
2020-07-14,META,238.0670166015625,0.00304971177985844,0.01331730058290395,5.9523809523809525e-06
2020-07-15,META,238.61322021484372,0.002291699173345346,0.009041056936355048,6.349206349206349e-06
2020-07-16,META,239.2586975097656,0.002701467332707294,-0.0034119152141152374,4.365079365079366e-06
2020-07-17,META,240.35107421875,0.004555280823413181,0.0028445625875835605,4.365079365079366e-06
2020-07-20,META,243.7175445556641,0.01390928674819633,0.008371797255140334,5.158730158730158e-06
2020-07-21,META,240.0730133056641,-0.015066851289007952,0.0016776293345600682,5.158730158730158e-06
2020-07-22,META,238.2060546875,-0.0078070240812494526,0.005730630594473862,5.158730158730158e-06
2020-07-23,META,230.9864654541016,-0.030776957404031392,-0.012396378412246847,4.7619047619047615e-06
2020-07-24,META,229.10960388183597,-0.008158609073719791,-0.006209640024276134,4.365079365079366e-06
2020-07-27,META,231.88023376464844,0.012020495974950132,0.007367928821482373,4.365079365079366e-06
2020-07-28,META,228.52371215820312,-0.014581026527271989,-0.006494435418646306,4.365079365079366e-06
2020-07-29,META,231.6716766357422,0.013681204357201915,0.012351783351742583,4.365079365079366e-06
2020-07-30,META,232.873291015625,0.0051733078322581845,-0.0037573017634548516,3.5714285714285714e-06
2020-07-31,META,251.9103240966797,0.07857867715927305,0.0076412362421762695,3.5714285714285714e-06
2020-08-03,META,250.21218872070312,-0.006763854663860171,0.007155362664358673,3.968253968253968e-06
2020-08-04,META,248.09698486328125,-0.008489575041388985,0.003605423026133557,3.5714285714285714e-06
2020-08-05,META,247.39187622070312,-0.0028461149136857268,0.006409160435517922,3.968253968253968e-06
2020-08-06,META,263.4398193359375,0.06285132947836214,0.006407126020664802,3.968253968253968e-06
2020-08-07,META,266.5778503417969,0.011841370024748535,0.0006328292699566697,3.968253968253968e-06
2020-08-10,META,261.17559814453125,-0.020473351377480305,0.0027384652733919213,4.365079365079366e-06
2020-08-11,META,254.35325622558597,-0.026468897595021693,-0.008001055401377298,4.365079365079366e-06
2020-08-12,META,258.087158203125,0.014573277033331982,0.013899502293613534,4.365079365079366e-06
2020-08-13,META,259.4873962402344,0.005410781659437858,-0.002049272676156681,3.968253968253968e-06
2020-08-14,META,259.42779541015625,-0.00022971318357690152,-0.00017189739627902921,3.968253968253968e-06
2020-08-17,META,259.348388671875,-0.0003061310111677317,0.002706177507423456,3.968253968253968e-06
2020-08-18,META,260.52020263671875,0.004508123664387989,0.0023007404198168474,3.5714285714285714e-06
2020-08-19,META,260.7684631347656,0.0009524876833784886,-0.004414123345182018,4.365079365079366e-06
2020-08-20,META,267.1439514160156,0.024154757816974556,0.0031536547683461333,4.365079365079366e-06
2020-08-21,META,265.1578063964844,-0.007462512409887463,0.0034351999829724668,3.968253968253968e-06
2020-08-24,META,269.5074157714844,0.016270762163053593,0.009993615364903508,4.7619047619047615e-06
2020-08-25,META,278.8719482421875,0.03415680284217185,0.003589899745540117,4.365079365079366e-06
2020-08-26,META,301.8018493652344,0.07901796450909881,0.010144001344841499,4.365079365079366e-06
2020-08-27,META,291.1859741210937,-0.0358085247294761,0.0016716460318091384,4.365079365079366e-06
2020-08-28,META,291.6229248046875,0.0014994649747765516,0.006710002849570254,3.968253968253968e-06
2020-08-31,META,291.1661071777344,-0.0015676949820350263,-0.002197375175508541,4.365079365079366e-06
2020-09-01,META,293.3905639648437,0.007610784837037045,0.007496831420705943,4.7619047619047615e-06
2020-09-02,META,300.401611328125,0.02361557961806861,0.01524905014386973,4.7619047619047615e-06
2020-09-03,META,289.1005554199219,-0.038345713593501043,-0.0357575941421853,4.365079365079366e-06
2020-09-04,META,280.768798828125,-0.029243019530479968,-0.008166280754275102,4.365079365079366e-06
2020-09-08,META,269.2790222167969,-0.041783451359747065,-0.02814882908646679,5.158730158730158e-06
2020-09-09,META,271.8212585449219,0.00939661325019371,0.019944760662180386,4.7619047619047615e-06
2020-09-10,META,266.23028564453125,-0.020783042829265568,-0.017741245925395586,4.7619047619047615e-06
2020-09-11,META,264.7605895996094,-0.005535687585358418,0.0005329301580873496,4.365079365079366e-06
2020-09-14,META,264.3037414550781,-0.0017270045673577063,0.012661335025022992,4.365079365079366e-06
2020-09-15,META,270.5302429199219,0.023284918205561226,0.005205785930499657,4.365079365079366e-06
2020-09-16,META,261.6920166015625,-0.03321559265352302,-0.0046296468921518345,4.7619047619047615e-06
2020-09-17,META,253.0523681640625,-0.03357184705488642,-0.008447949528552457,3.5714285714285714e-06
2020-09-18,META,250.7782287597656,-0.009027458286220624,-0.011245576947828505,3.968253968253968e-06
2020-09-21,META,246.4286193847656,-0.01749662279786263,-0.011638564027297718,3.968253968253968e-06
2020-09-22,META,252.98284912109372,0.026249321379495497,0.010463016398376152,3.968253968253968e-06
2020-09-23,META,247.29258728027344,-0.022749496920982555,-0.02400733891437413,4.365079365079366e-06
2020-09-24,META,247.79905700683597,0.0020459642536041003,0.0029830055546290505,3.968253968253968e-06
2020-09-25,META,253.0523681640625,0.02097829237196616,0.015850439224188495,3.968253968253968e-06
2020-09-28,META,255.03851318359372,0.007818109747695274,0.0159821918538544,4.365079365079366e-06
2020-09-29,META,259.9740600585937,0.019167291186108288,-0.004824282704443997,3.5714285714285714e-06
2020-09-30,META,260.0832214355469,0.0004198052116211078,0.00821984256837961,3.968253968253968e-06
2020-10-01,META,264.7804260253906,0.01789923924247409,0.0052789495642950775,3.5714285714285714e-06
2020-10-02,META,258.1368713378906,-0.0254109481739301,-0.009623812866370861,3.5714285714285714e-06
2020-10-05,META,262.8141784667969,0.01795728339003056,0.017813109002900934,3.968253968253968e-06
2020-10-06,META,256.86572265625,-0.022893768284810913,-0.014072064387523205,3.968253968253968e-06
2020-10-07,META,256.3294677734375,-0.0020898679020746923,0.017247163770241564,3.968253968253968e-06
2020-10-08,META,261.9302978515625,0.021614829115850047,0.007978212894869286,3.5714285714285714e-06
2020-10-09,META,262.6156005859375,0.002612938643966458,0.008755095180752877,3.968253968253968e-06
2020-10-12,META,273.837158203125,0.041842248310752075,0.01628253015832422,3.968253968253968e-06
2020-10-13,META,274.2244873046875,0.0014134510934034898,-0.006326891629163268,4.365079365079366e-06
2020-10-14,META,269.9344482421875,-0.015767922446838875,-0.0066451720840594065,4.7619047619047615e-06
2020-10-15,META,264.86981201171875,-0.01894071538986891,-0.001528923514213078,4.365079365079366e-06
2020-10-16,META,264.0853271484375,-0.0029661700222655477,0.00013491045663045577,4.365079365079366e-06
2020-10-19,META,259.586669921875,-0.01718162483860231,-0.016464663514942676,4.365079365079366e-06
2020-10-20,META,265.7039794921875,0.02329219505977796,0.0047161953200011274,3.968253968253968e-06
2020-10-21,META,276.7965087890625,0.04089978086535083,-0.0021981140115702774,3.968253968253968e-06
2020-10-22,META,276.19073486328125,-0.0021909155230974992,0.0052053540034913415,3.5714285714285714e-06
2020-10-23,META,282.8144836425781,0.02369945246985548,0.003439838320389479,3.968253968253968e-06
2020-10-26,META,275.187744140625,-0.027337577159678928,-0.018764472985322012,4.365079365079366e-06
2020-10-27,META,281.3248596191406,0.02205651494228315,-0.003030205350445511,3.968253968253968e-06
2020-10-28,META,265.81317138671875,-0.05671638683577725,-0.03592554210857772,3.968253968253968e-06
2020-10-29,META,278.8819274902344,0.04799479448639884,0.01187652493999744,3.5714285714285714e-06
2020-10-30,META,261.2848815917969,-0.06517718086667626,-0.012203713445259962,3.5714285714285714e-06
2020-11-02,META,259.5469665527344,-0.006673637549006967,0.012242950890591667,3.5714285714285714e-06
2020-11-03,META,263.4595947265625,0.014962340655376495,0.01764273768407783,3.968253968253968e-06
2020-11-04,META,285.3865051269531,0.07994440432929732,0.021807525655091704,3.968253968253968e-06
2020-11-05,META,292.6358642578125,0.02508463216077594,0.01927326577670128,3.968253968253968e-06
2020-11-06,META,291.37469482421875,-0.004319002026402044,-0.00028775658537381985,3.968253968253968e-06
2020-11-09,META,276.83624267578125,-0.051183900296374846,0.011631974746344153,4.365079365079366e-06
2020-11-10,META,270.5401611328125,-0.02300559243679827,-0.001400775220867666,3.968253968253968e-06
2020-11-11,META,274.5621032714844,0.01475691952915501,0.007622728362991461,3.968253968253968e-06
2020-11-12,META,273.1717834472656,-0.005076636096104976,-0.01002865154706935,3.968253968253968e-06
2020-11-13,META,275.0289001464844,0.006775342895693062,0.013518546706294007,3.5714285714285714e-06
2020-11-16,META,277.02490234375,0.007231218717889731,0.011580734922832603,3.5714285714285714e-06
2020-11-17,META,273.0923767089844,-0.014297288132480998,-0.004803443784647531,3.5714285714285714e-06
2020-11-18,META,270.08331298828125,-0.011079636147273577,-0.011631210647481315,3.5714285714285714e-06
2020-11-19,META,271.0466613769531,0.0035605102360767365,0.003938675690732779,2.7777777777777783e-06
2020-11-20,META,267.8291320800781,-0.011941777947533014,-0.006815737372918576,2.7777777777777783e-06
2020-11-23,META,266.5679016113281,-0.004720208874516637,0.005620108181849693,3.1746031746031746e-06
2020-11-24,META,274.9990234375,0.031138545085126285,0.016032458814031775,3.5714285714285714e-06
2020-11-25,META,273.67828369140625,-0.004814277098251764,-0.0015856747555094064,3.5714285714285714e-06
2020-11-27,META,275.8829040527344,0.008023245588975747,0.0023941110259011363,3.5714285714285714e-06
2020-11-30,META,275.0486755371094,-0.0030284310579276,-0.004606140636972006,3.1746031746031746e-06
2020-12-01,META,284.5622253417969,0.0340038639431844,0.011208140661592923,3.5714285714285714e-06
2020-12-02,META,285.52545166015625,0.0033792248940644996,0.0017895645286042845,3.5714285714285714e-06
2020-12-03,META,279.8948669433594,-0.019917115335449886,-0.0006243520802942291,3.1746031746031746e-06
2020-12-04,META,277.7597961425781,-0.007657359920472369,0.00879746371518688,3.5714285714285714e-06
2020-12-07,META,283.5989990234375,0.020804567577178884,-0.001937513438963252,3.1746031746031746e-06
2020-12-08,META,281.4341125488281,-0.007662903372519105,0.002783271170170473,3.5714285714285714e-06
2020-12-09,META,275.9920959472656,-0.01952613430783301,-0.00798096494847171,3.1746031746031746e-06
2020-12-10,META,275.1976318359375,-0.002882726660009194,-0.0012859345277717227,3.1746031746031746e-06
2020-12-11,META,271.65240478515625,-0.01296617530349501,-0.0012657980842328352,3.1746031746031746e-06
2020-12-14,META,272.2879943847656,0.002336983573389985,-0.0043687882451469585,3.5714285714285714e-06
2020-12-15,META,273.6385498046875,0.004947765187354216,0.012838482022218645,3.1746031746031746e-06
2020-12-16,META,273.7577514648437,0.00043552235104219193,0.0017712256203230642,3.5714285714285714e-06
2020-12-17,META,272.5759582519531,-0.004326275443523318,0.0057411428089832834,3.1746031746031746e-06
2020-12-18,META,274.482666015625,0.006970790332025806,-0.003517296952148704,3.1746031746031746e-06
2020-12-21,META,270.8976745605469,-0.013146946542396894,-0.003913928486909485,3.5714285714285714e-06
2020-12-22,META,265.2372131347656,-0.021116595440619838,-0.0020752446917703606,3.5714285714285714e-06
2020-12-23,META,266.2501525878906,0.0038117206349089403,0.0007455332718186887,3.5714285714285714e-06
2020-12-24,META,265.5450744628906,-0.002651691862880316,0.0035303499794869524,3.5714285714285714e-06
2020-12-28,META,275.0784912109375,0.035271881265872614,0.0086847075384115,4.365079365079366e-06
2020-12-29,META,274.8599548339844,-0.0007947667235418605,-0.002229864827278697,3.968253968253968e-06
2020-12-30,META,269.98406982421875,-0.01789875619625353,0.0013406480950792154,3.1746031746031746e-06
2020-12-31,META,271.26513671875,0.004733750262410254,0.006418204711703793,3.5714285714285714e-06
2021-01-04,META,267.07440185546875,-0.015569428652278705,-0.014864762712025787,3.5714285714285714e-06
2021-01-05,META,269.0903015136719,0.007519738411947069,0.007057631383362026,3.5714285714285714e-06
2021-01-06,META,261.4834289550781,-0.02867610432838173,0.005693603382474094,3.5714285714285714e-06
2021-01-07,META,266.87579345703125,0.020412444819146666,0.014738260107752971,3.5714285714285714e-06
2021-01-08,META,265.71392822265625,-0.004363084867146877,0.00547683739351537,3.1746031746031746e-06
2021-01-11,META,255.05833435058597,-0.040927991096909096,-0.006576327616621317,3.1746031746031746e-06
2021-01-12,META,249.34820556640625,-0.022641945634409258,0.000415702030569564,3.5714285714285714e-06
2021-01-13,META,249.8944091796875,0.0021881298393978516,0.0022730563867261076,3.5714285714285714e-06
2021-01-14,META,243.93600463867188,-0.024132550538701416,-0.003760513068743101,3.5714285714285714e-06
2021-01-15,META,249.6163482666016,0.023019217391567197,-0.007216000798278504,3.5714285714285714e-06
2021-01-19,META,259.2887878417969,0.03801731929531699,0.008103457635761657,3.5714285714285714e-06
2021-01-20,META,265.6244812011719,0.024141135043088634,0.013839417376510862,3.1746031746031746e-06
2021-01-21,META,270.9771423339844,0.01995088513958029,0.00031667316131354906,3.5714285714285714e-06
2021-01-22,META,272.5958251953125,0.005955732689728552,-0.0030151526629377105,3.1746031746031746e-06
2021-01-25,META,276.0815124511719,0.012705952701294487,0.0036093175130174657,3.5714285714285714e-06
2021-01-26,META,280.09344482421875,0.014427121925964294,-0.001489943161153501,2.7777777777777783e-06
2021-01-27,META,270.2522277832031,-0.035767579106892655,-0.02601331512610035,3.1746031746031746e-06
2021-01-28,META,263.1617126464844,-0.026586979700251884,0.009713298778760395,2.7777777777777783e-06
2021-01-29,META,256.5379943847656,-0.025491940303586983,-0.019500377654792,2.3809523809523808e-06
2021-02-01,META,260.1925048828125,0.014144980549977263,0.015924300234678626,2.7777777777777783e-06
2021-02-02,META,265.2272644042969,0.01916529953420984,0.013802528814310624,2.7777777777777783e-06
2021-02-03,META,264.80029296875,-0.0016111295421012018,0.0010082606153447803,1.5873015873015873e-06
2021-02-04,META,264.6413879394531,-0.0006002739859687125,0.010794847643921975,1.5873015873015873e-06
2021-02-05,META,266.240234375,0.006023381493482837,0.003889919607763825,1.1904761904761904e-06
2021-02-08,META,264.73077392578125,-0.0056856758352832205,0.007372107476289037,1.984126984126984e-06
2021-02-09,META,267.5809020996094,0.010708596254604718,-0.0011141454217211749,1.5873015873015873e-06
2021-02-10,META,269.98406982421875,0.008940998240194818,-0.0003452445223915674,1.984126984126984e-06
2021-02-11,META,268.51434326171875,-0.00545862411544526,0.0016610748145877074,1.984126984126984e-06
2021-02-12,META,268.6235656738281,0.00040668294602838866,0.004699970926162608,1.5873015873015873e-06
2021-02-16,META,272.0694885253906,0.012746490750959074,-0.0005694345154154666,1.5873015873015873e-06
2021-02-17,META,271.6722717285156,-0.001461049698849472,-0.0003204533489169501,1.5873015873015873e-06
2021-02-18,META,267.52130126953125,-0.01539726240959512,-0.004425614227243303,1.1904761904761904e-06
2021-02-19,META,259.74560546875,-0.029496482554479144,-0.0018566190956649255,1.5873015873015873e-06
2021-02-22,META,258.52410888671875,-0.004713757373625299,-0.007762892893710863,1.1904761904761904e-06
2021-02-23,META,264.01580810546875,0.02102002638929142,0.0012555296115265332,1.5873015873015873e-06
2021-02-24,META,262.4765014648437,-0.005847420745495063,0.011287667670985945,1.1904761904761904e-06
2021-02-25,META,252.9232635498047,-0.037075423201856125,-0.02478339442417185,1.5873015873015873e-06
2021-02-26,META,255.8329162597656,0.011438423943266102,-0.004761532293798778,1.5873015873015873e-06
2021-03-01,META,263.0724182128906,0.027904788159405,0.02351217322569352,1.984126984126984e-06
2021-03-02,META,257.203369140625,-0.02256225711607606,-0.008113678739508762,1.5873015873015873e-06
2021-03-03,META,253.6382598876953,-0.0139580133314304,-0.01315233589480116,1.984126984126984e-06
2021-03-04,META,255.8527984619141,0.008693194843236376,-0.013508038064390469,1.5873015873015873e-06
2021-03-05,META,262.4466857910156,0.025445686563152665,0.019308356338709188,1.5873015873015873e-06
2021-03-08,META,253.53892517089844,-0.034530597441705446,-0.005373643224025429,1.984126984126984e-06
2021-03-09,META,263.8966369628906,0.04004013761051798,0.014055400743930569,1.984126984126984e-06
2021-03-10,META,263.0624389648437,-0.0031660853109636714,0.006012203770988197,1.5873015873015873e-06
2021-03-11,META,271.9801330566406,0.033337608882428676,0.010341825500657608,1.5873015873015873e-06
2021-03-12,META,266.53814697265625,-0.020211649422888802,0.0010148833275308508,1.5873015873015873e-06
2021-03-15,META,271.85107421875,0.01973702112430332,0.006470939539413048,1.5873015873015873e-06
2021-03-16,META,277.3426208496094,0.0199992451358801,-0.0015709169785959108,7.936507936507937e-07
2021-03-17,META,282.0398254394531,0.01679464569662165,0.0028752446501592592,7.936507936507937e-07
2021-03-18,META,276.6872863769531,-0.01916034751070205,-0.014870560065947797,3.9682539682539683e-07
2021-03-19,META,288.0975036621094,0.040411038802961756,-0.0006028856737550234,3.9682539682539683e-07
2021-03-22,META,291.5036926269531,0.011753696162584653,0.007000556898342752,1.1904761904761904e-06
2021-03-23,META,288.61395263671875,-0.009962682278531589,-0.007660118119334028,3.9682539682539683e-07
2021-03-24,META,280.1828308105469,-0.029647633846259576,-0.00548233660034883,7.936507936507937e-07
2021-03-25,META,276.806396484375,-0.012124025096621556,0.005226583432729291,7.936507936507937e-07
2021-03-26,META,281.0567321777344,0.015238210664022879,0.016494418658716575,7.936507936507937e-07
2021-03-29,META,288.8026733398437,0.02718712086587661,-0.0008683896263867381,1.1904761904761904e-06
2021-03-30,META,286.0021667480469,-0.00974427685946189,-0.0031628294096500294,7.936507936507937e-07
2021-03-31,META,292.4868469238281,0.022420311045769477,0.003615953592419885,1.1904761904761904e-06
2021-04-01,META,296.5882263183594,0.013925035549236808,0.011755830427674127,7.936507936507937e-07
2021-04-05,META,306.7671203613281,0.03374416070416995,0.0143349877622439,1.1904761904761904e-06
2021-04-06,META,304.135498046875,-0.008615574769205455,-0.0009740049407969285,7.936507936507937e-07
2021-04-07,META,310.9180908203125,0.022056184558950673,0.0014741456981068137,7.936507936507937e-07
2021-04-08,META,310.8486633300781,-0.00022332326410016103,0.004211750940591775,3.9682539682539683e-07
2021-04-09,META,310.2925109863281,-0.0017907442474181204,0.007690288135687276,7.936507936507937e-07
2021-04-12,META,309.37890625,-0.002948676904809306,-0.0001960980747395339,7.936507936507937e-07
2021-04-13,META,307.6112365722656,-0.005729992722770145,0.0032890718770625686,1.1904761904761904e-06
2021-04-14,META,300.7194519042969,-0.022658990140248383,-0.004096104320730151,7.936507936507937e-07
2021-04-15,META,305.6846618652344,0.016376277181758887,0.011033101401119478,7.936507936507937e-07
2021-04-16,META,304.0560607910156,-0.005341958923152595,0.0036023233905179666,7.936507936507937e-07
2021-04-19,META,300.14337158203125,-0.012951829132174273,-0.005320689893757947,7.936507936507937e-07
2021-04-20,META,300.5505065917969,0.0013555492636162121,-0.006825561005077803,1.1904761904761904e-06
2021-04-21,META,299.3787841796875,-0.003906206681428316,0.009263020919853236,1.1904761904761904e-06
2021-04-22,META,294.46307373046875,-0.016555999435549185,-0.009253337860554323,1.1904761904761904e-06
2021-04-23,META,299.0411682128906,0.015427641327608845,0.01086940989553096,1.1904761904761904e-06
2021-04-26,META,300.9378662109375,0.006322568648484333,0.001780684564582624,1.1904761904761904e-06
2021-04-27,META,301.4642028808594,0.0017474601461819118,-0.0002149189814442344,3.9682539682539683e-07
2021-04-28,META,304.9696350097656,0.01156093526802163,-0.0008458975873960478,3.9682539682539683e-07
2021-04-29,META,327.2242431640625,0.07043348047733873,0.0067400415367024095,3.9682539682539683e-07
2021-04-30,META,322.8249206542969,-0.01353555983637019,-0.0072207134171198275,3.9682539682539683e-07
2021-05-03,META,320.34228515625,-0.007720069698580083,0.002744321649512167,1.5873015873015873e-06
2021-05-04,META,316.1515808105469,-0.013168280564973418,-0.0067007374898472305,7.936507936507937e-07
2021-05-05,META,312.8347473144531,-0.01054669741705832,0.0007032164471135163,7.936507936507937e-07
2021-05-06,META,317.8000793457031,0.015747416507824276,0.008132299498632055,7.936507936507937e-07
2021-05-07,META,316.8665771484375,-0.002941710773357929,0.007346291419186351,7.936507936507937e-07
2021-05-10,META,303.8475646972656,-0.041954649270735334,-0.010490480503138024,7.936507936507937e-07
2021-05-11,META,304.4036560058594,0.0018284927168303333,-0.008711750141781542,3.9682539682539683e-07
2021-05-12,META,300.4512634277344,-0.013069080557937908,-0.021682782358302413,7.936507936507937e-07
2021-05-13,META,303.1425170898437,0.008917492470495106,0.012099644578094055,7.936507936507937e-07
2021-05-14,META,313.74835205078125,0.03438818964471611,0.014807778563623631,3.9682539682539683e-07
2021-05-17,META,313.2716979980469,-0.001520379275000359,-0.002533258183961915,7.936507936507937e-07
2021-05-18,META,307.8098449707031,-0.017588652876090356,-0.0085537723840327,7.936507936507937e-07
2021-05-19,META,311.4146728515625,0.01164317142033647,-0.002947751811378411,3.9682539682539683e-07
2021-05-20,META,316.3998718261719,0.01588145351916571,0.01049942933450842,3.9682539682539683e-07
2021-05-21,META,314.036376953125,-0.007498001425493543,-0.0007841880752528091,3.9682539682539683e-07
2021-05-24,META,322.37811279296875,0.026216290601347458,0.009862497481216075,7.936507936507937e-07
2021-05-25,META,325.5162048339844,0.009687124876947685,-0.002127545400828599,7.936507936507937e-07
2021-05-26,META,325.3870544433594,-0.00039683436971342837,0.0018750575506104544,7.936507936507937e-07
2021-05-27,META,330.4417724609375,0.015415053145835692,0.001164636089862995,7.936507936507937e-07
2021-05-28,META,326.4496459960937,-0.012154750394367185,0.000768586452887337,3.9682539682539683e-07
2021-06-01,META,326.8468933105469,0.0012161318467559285,-0.0004924547586291649,7.936507936507937e-07
2021-06-02,META,326.8666381835937,6.040833515476311e-05,0.0014458890369002922,7.936507936507937e-07
2021-06-03,META,323.7782897949219,-0.009493262607156086,-0.003635303056049319,7.936507936507937e-07
2021-06-04,META,328.05841064453125,0.013132682960756535,0.008795303383016323,7.936507936507937e-07
2021-06-07,META,334.24517822265625,0.018683116453649392,-0.0007970562694215079,7.936507936507937e-07
2021-06-08,META,331.36529541015625,-0.00865341185993375,0.00017500954944121158,7.936507936507937e-07
2021-06-09,META,327.9591064453125,-0.010332453216702859,-0.0018255325906156837,1.1904761904761904e-06
2021-06-10,META,330.1537780761719,0.006669614949276113,0.004641454776462911,1.1904761904761904e-06
2021-06-11,META,328.9621276855469,-0.0036159093676556135,0.0019465389328083601,1.1904761904761904e-06
2021-06-14,META,334.433837890625,0.01649643523398352,0.0018135563851361702,1.1904761904761904e-06
2021-06-15,META,334.4140319824219,-5.922395540456339e-05,-0.00201371995427588,1.1904761904761904e-06
2021-06-16,META,328.7833251953125,-0.016980894230260633,-0.005404703747026491,1.5873015873015873e-06
2021-06-17,META,334.1756896972656,0.016267923966063916,-0.00043581054367264766,1.5873015873015873e-06
2021-06-18,META,327.3731994628906,-0.020566068845595937,-0.013211355687284158,1.984126984126984e-06
2021-06-21,META,329.98492431640625,0.007946166636997683,0.013905163512319857,1.984126984126984e-06
2021-06-22,META,336.6781921386719,0.020080585129178725,0.005111406378990611,1.5873015873015873e-06
2021-06-23,META,338.2273864746094,0.004590855686852052,-0.0010838705186495853,1.984126984126984e-06
2021-06-24,META,340.7994079589844,0.007575647400760733,0.005794429545916893,1.984126984126984e-06
2021-06-25,META,339.001953125,-0.005288188949567063,0.003325063164687565,2.3809523809523808e-06
2021-06-28,META,353.1729736328125,0.040952078414180096,0.0023122888604717494,1.984126984126984e-06
2021-06-29,META,349.4490051269531,-0.010600304257853372,0.0002772977426878152,1.5873015873015873e-06
2021-06-30,META,345.2979736328125,-0.011949906997232484,0.0013272784229071918,1.984126984126984e-06
2021-07-01,META,351.931640625,0.019029218014784993,0.005208041432254744,1.984126984126984e-06
2021-07-02,META,352.239501953125,0.0008743935362441782,0.007472095894691671,1.984126984126984e-06
2021-07-06,META,350.33282470703125,-0.0054277171321732934,-0.0020239027700217787,1.984126984126984e-06
2021-07-07,META,348.0586853027344,-0.00651252888804951,0.0033533465536629346,1.984126984126984e-06
2021-07-08,META,343.2522888183594,-0.013905388778876576,-0.008597881009556396,2.3809523809523808e-06
2021-07-09,META,347.9892272949219,0.013705810540695236,0.011214825902413766,2.3809523809523808e-06
2021-07-12,META,350.7101745605469,0.007788645627730991,0.0034452326955940497,1.984126984126984e-06
2021-07-13,META,349.6475830078125,-0.0030344273525670573,-0.0035230111811655838,1.984126984126984e-06
2021-07-14,META,345.21856689453125,-0.012747997853189048,0.0011642565654693257,2.3809523809523808e-06
2021-07-15,META,342.0705261230469,-0.009160811131313475,-0.0032675735627459117,1.984126984126984e-06
2021-07-16,META,338.7933959960937,-0.009626462286376824,-0.007567415006813217,1.984126984126984e-06
2021-07-19,META,334.6126403808594,-0.01241690482362223,-0.015996781399983978,1.984126984126984e-06
2021-07-20,META,339.2899780273437,0.013881568724987277,0.0150488060047999,1.984126984126984e-06
2021-07-21,META,343.8282775878906,0.013287205524704688,0.008208041662144044,1.984126984126984e-06
2021-07-22,META,348.7538452148437,0.01422401910383255,0.0020146392092429753,1.984126984126984e-06
2021-07-23,META,367.224853515625,0.05160798154152937,0.010094332386254415,1.984126984126984e-06
2021-07-26,META,369.8762817382813,0.007194235720638557,0.0023793669227295928,1.984126984126984e-06
2021-07-27,META,365.258544921875,-0.012563130964367394,-0.004723583382178003,1.984126984126984e-06
2021-07-28,META,370.6906127929688,0.014762341836233794,-0.000186279231552706,1.984126984126984e-06
2021-07-29,META,355.8343811035156,-0.040902385930931734,0.004197331845272641,2.3809523809523808e-06
2021-07-30,META,353.8283996582031,-0.005653352105683163,-0.005420713608261166,2.3809523809523808e-06
2021-08-02,META,349.50860595703125,-0.012283863881880457,-0.001844505670060361,1.984126984126984e-06
2021-08-03,META,348.8034973144531,-0.0020194663071384806,0.008169961338918062,1.984126984126984e-06
2021-08-04,META,356.4302673339844,0.021629898481406798,-0.004643150661295458,1.984126984126984e-06
2021-08-05,META,360.4521179199219,0.011220509429266813,0.005987485990419113,1.984126984126984e-06
2021-08-06,META,360.9883728027344,0.001486622911995821,0.0016738645485288822,2.3809523809523808e-06
2021-08-09,META,359.1015319824219,-0.005240582116412642,-0.0009403502649549345,2.3809523809523808e-06
2021-08-10,META,358.6249084472656,-0.0013281483818088067,0.0009921869538634502,1.984126984126984e-06
2021-08-11,META,357.4629821777344,-0.0032452085965055085,0.0012749307180154837,1.984126984126984e-06
2021-08-12,META,360.1343078613281,0.00744522884988705,0.00413780773547866,2.3809523809523808e-06
2021-08-13,META,360.6606750488281,0.0014605187148822964,0.0016060163209228441,2.3809523809523808e-06
2021-08-16,META,364.0172119140625,0.009263594015461306,0.0026174222619943593,2.3809523809523808e-06
2021-08-17,META,355.9634704589844,-0.022373037480125552,-0.007085743507137991,2.7777777777777783e-06
2021-08-18,META,352.9843139648437,-0.008404494931129521,-0.01080665284525433,2.7777777777777783e-06
2021-08-19,META,352.6565856933594,-0.0009288812346543338,0.001255903256156918,2.3809523809523808e-06
2021-08-20,META,356.8771057128906,0.011896742463174974,0.00810860389074176,1.984126984126984e-06
2021-08-23,META,360.82952880859375,0.011014146621149749,0.008487667984412181,1.984126984126984e-06
2021-08-24,META,362.97454833984375,0.005927089604998206,0.0014946188019620721,1.984126984126984e-06
2021-08-25,META,365.8345336914063,0.007848420396428213,0.00221765740325088,2.3809523809523808e-06
2021-08-26,META,361.8523559570313,-0.010944865279444545,-0.0058419498276026565,1.984126984126984e-06
2021-08-27,META,370.0451049804688,0.022388631403626177,0.008769071540452218,1.984126984126984e-06
2021-08-30,META,378.0193786621094,0.021320557046357522,0.0042973241068746,1.984126984126984e-06
2021-08-31,META,376.7482604980469,-0.003368240236736787,-0.0013500269158932096,1.5873015873015873e-06
2021-09-01,META,379.3997497558594,0.007013177551388526,0.00031164006095334113,1.984126984126984e-06
2021-09-02,META,372.6767272949219,-0.017879036920392843,0.002838605754404257,1.984126984126984e-06
2021-09-03,META,373.6499328613281,0.0026079896913133106,-0.0003350872611813474,1.984126984126984e-06
2021-09-07,META,379.5289001464844,0.015611396461878464,-0.0034013524523203464,1.984126984126984e-06
2021-09-08,META,374.9508666992188,-0.01213575190399862,-0.001319436813816666,1.984126984126984e-06
2021-09-09,META,375.3778381347656,0.0011380918226436391,-0.004616247150002522,1.5873015873015873e-06
2021-09-10,META,376.0631103515625,0.0018238889114161158,-0.0077525522862761,1.984126984126984e-06
2021-09-13,META,373.8982238769531,-0.005773344275346072,0.002273900346369644,2.3809523809523808e-06
2021-09-14,META,373.9180603027344,5.3051601591398005e-05,-0.005763213966258604,1.5873015873015873e-06
2021-09-15,META,371.3262023925781,-0.006955755287072719,0.008438294222079725,1.5873015873015873e-06
2021-09-16,META,370.4721374511719,-0.002302688676728917,-0.0015523447127638308,1.5873015873015873e-06
2021-09-17,META,362.1899719238281,-0.022609380852744634,-0.0091526302757993,1.5873015873015873e-06
2021-09-20,META,353.2325439453125,-0.025042253733935756,-0.017123077726381844,1.5873015873015873e-06
2021-09-21,META,355.0002746582031,0.004991958399528448,-0.0008126886585469564,1.1904761904761904e-06
2021-09-22,META,340.8291931152344,-0.04073711132429381,0.009474585224220084,1.1904761904761904e-06
2021-09-23,META,343.5601501464844,0.0079807540933585,0.012061680369935969,1.1904761904761904e-06
2021-09-24,META,350.5115661621094,0.02003149903690364,0.0014599428113642636,1.1904761904761904e-06
2021-09-27,META,351.12725830078125,0.0017550120524596111,-0.002780243920187674,1.5873015873015873e-06
2021-09-28,META,338.2869873046875,-0.037254106929818606,-0.020574317739894057,1.5873015873015873e-06
2021-09-29,META,337.254150390625,-0.003057808506983632,0.0015679543362838073,1.5873015873015873e-06
2021-09-30,META,337.0357360839844,-0.0006478350592545113,-0.011981202945014901,1.5873015873015873e-06
2021-10-01,META,340.6305847167969,0.010609594259390157,0.011425952113334161,1.5873015873015873e-06
2021-10-04,META,323.9670104980469,-0.05015686962405239,-0.013070952048643704,1.5873015873015873e-06
2021-10-05,META,330.6502685546875,0.020419535164727855,0.010469517498601526,1.5873015873015873e-06
2021-10-06,META,331.3256225585937,0.0020404194390810267,0.004094399349624824,1.5873015873015873e-06
2021-10-07,META,326.936279296875,-0.013336358388571074,0.008264039225065405,1.984126984126984e-06
2021-10-08,META,327.760498046875,0.002517865411777071,-0.0019155566024214522,1.984126984126984e-06
2021-10-11,META,323.19244384765625,-0.014035205595508573,-0.006889441644339833,1.984126984126984e-06
2021-10-12,META,321.5240173339844,-0.005175702308210782,-0.0024197056865549256,2.3809523809523808e-06
2021-10-13,META,322.2886962890625,0.0023754713085937266,0.0030179558702319183,1.984126984126984e-06
2021-10-14,META,326.25103759765625,0.01221942281800977,0.016919162285711567,1.984126984126984e-06
2021-10-15,META,322.5072021484375,-0.01154167077812027,0.007432520637190081,1.984126984126984e-06
2021-10-18,META,333.0137634277344,0.03205835251145077,0.0033690878018038262,2.3809523809523808e-06
2021-10-19,META,337.63153076171875,0.013771334425496832,0.007366142784235753,1.984126984126984e-06
2021-10-20,META,338.4161071777344,0.0023210694756367754,0.003657333598560689,1.984126984126984e-06
2021-10-21,META,339.5083923339844,0.0032224417386868304,0.002991393168360022,2.3809523809523808e-06
2021-10-22,META,322.3581848144531,-0.05183536386724686,-0.0010731292246643565,2.3809523809523808e-06
2021-10-25,META,326.4099426269531,0.01249078159193856,0.004736959440853509,2.3809523809523808e-06
2021-10-26,META,313.6192932128906,-0.039974275796998374,0.0018181414322441137,2.3809523809523808e-06
2021-10-27,META,310.0541381835937,-0.011432886775208475,-0.0050643703711055294,2.3809523809523808e-06
2021-10-28,META,314.7215576171875,0.014941382310833489,0.009781288424184026,2.3809523809523808e-06
2021-10-29,META,321.3254089355469,0.020766040805113913,0.0019474372317175562,1.984126984126984e-06
2021-11-01,META,327.69097900390625,0.019616682461357265,0.0017984589459023885,1.984126984126984e-06
2021-11-02,META,325.8041687011719,-0.005774535747887354,0.003673607120388547,1.984126984126984e-06
2021-11-03,META,329.319580078125,0.010732155948509448,0.00644049461289024,1.984126984126984e-06
2021-11-04,META,333.520263671875,0.012674976833767023,0.004173222342817036,1.5873015873015873e-06
2021-11-05,META,338.7636108398437,0.01559892684261353,0.003725850045284445,1.984126984126984e-06
2021-11-08,META,336.27105712890625,-0.007384998600771603,0.0008873940607025194,2.3809523809523808e-06
2021-11-09,META,333.04351806640625,-0.009644386060953984,-0.0035049109264001276,1.5873015873015873e-06
2021-11-10,META,325.3672180175781,-0.023318720262107035,-0.008259842163861058,1.984126984126984e-06
2021-11-11,META,325.4664611816406,0.00030497243152455955,0.0005507883329889288,1.984126984126984e-06
2021-11-12,META,338.5253295898437,0.03933949997859879,0.007196697564130407,1.984126984126984e-06
2021-11-15,META,345.1490173339844,0.019377339601959052,-1.0739878017001878e-05,1.984126984126984e-06
2021-11-16,META,340.5809631347656,-0.01332338355633332,0.0038577790571266367,1.984126984126984e-06
2021-11-17,META,338.4060974121094,-0.006406228592626209,-0.0026050154828958787,1.984126984126984e-06
2021-11-18,META,336.3405456542969,-0.006122470504270132,0.0033790647401719144,1.984126984126984e-06
2021-11-19,META,342.9047241210937,0.019328460915609212,-0.001399644604988097,1.984126984126984e-06
2021-11-22,META,338.6444396972656,-0.012501929837015117,-0.003202258316960725,1.984126984126984e-06
2021-11-23,META,334.9105529785156,-0.011087216363033663,0.001655761383195201,2.3809523809523808e-06
2021-11-24,META,338.6941223144531,0.01123391587215085,0.0022912237766672798,2.3809523809523808e-06
2021-11-26,META,330.8092346191406,-0.02355552723141888,-0.022987011159321162,2.3809523809523808e-06
2021-11-29,META,335.6851501464844,0.014631788739934143,0.013113836082824229,2.3809523809523808e-06
2021-11-30,META,322.2092590332031,-0.04097246027652991,-0.019143381187850562,1.984126984126984e-06
2021-12-01,META,308.4454040527344,-0.04365635183484962,-0.011885541457955926,2.3809523809523808e-06
2021-12-02,META,308.2369079589844,-0.0006761864176517051,0.014094638396057768,1.984126984126984e-06
2021-12-03,META,304.71148681640625,-0.011503284934983078,-0.00848445514173865,2.3809523809523808e-06
2021-12-06,META,315.6649780273437,0.03531607101048816,0.011662599309686139,2.3809523809523808e-06
2021-12-07,META,320.5707092285156,0.015421418579720975,0.020495603186252546,2.3809523809523808e-06
2021-12-08,META,328.26690673828125,0.02372414388775486,0.003080535586585806,2.7777777777777783e-06
2021-12-09,META,327.5321044921875,-0.0022409382783843725,-0.007206988232523656,2.3809523809523808e-06
2021-12-10,META,327.4626159667969,-0.0002121804145310947,0.009503769118209724,2.3809523809523808e-06
2021-12-13,META,332.169677734375,0.014272017034007442,-0.009178158342793815,1.984126984126984e-06
2021-12-14,META,331.4248962402344,-0.002244689260802397,-0.0074987228546236715,1.984126984126984e-06
2021-12-15,META,339.2899780273437,0.02345390753866819,0.016216267351890877,2.3809523809523808e-06
2021-12-16,META,332.5768737792969,-0.01998410144220832,-0.008781863311112446,1.984126984126984e-06
2021-12-17,META,331.4745483398437,-0.003320003286672882,-0.01034096458405368,1.984126984126984e-06
2021-12-20,META,323.19244384765625,-0.025303082233608394,-0.01145339832325659,2.7777777777777783e-06
2021-12-21,META,331.8817138671875,0.026530674710452663,0.017621755385195486,2.7777777777777783e-06
2021-12-22,META,328.15771484375,-0.011284291142975076,0.010128728029127596,3.1746031746031746e-06
2021-12-23,META,332.9144897460937,0.014391338698719015,0.006204412685251626,3.1746031746031746e-06
2021-12-27,META,343.778564453125,0.03211207266375194,0.013744051573605864,2.3809523809523808e-06
2021-12-28,META,343.8182983398437,0.00011557320550153247,-0.0010106653988873737,2.3809523809523808e-06
2021-12-29,META,340.5610656738281,-0.009518864629016622,0.0014009134018576786,1.984126984126984e-06
2021-12-30,META,341.97119140625,0.004132047164498609,-0.002994233841904309,1.984126984126984e-06
2021-12-31,META,334.01678466796875,-0.023535252649395284,-0.0026296343734744394,2.3809523809523808e-06
2022-01-03,META,336.1915588378906,0.006489867887066132,0.006353824170388397,3.5714285714285714e-06
2022-01-04,META,334.1955261230469,-0.005954883851439245,-0.0006298202522032699,3.1746031746031746e-06
2022-01-05,META,321.9212646484375,-0.03741923332733821,-0.019583264304501073,3.5714285714285714e-06
2022-01-06,META,330.1537780761719,0.02525154416994228,-0.0009642337401809882,3.968253968253968e-06
2022-01-07,META,329.4884033203125,-0.0020173815449890035,-0.004058441082336512,3.968253968253968e-06
2022-01-10,META,325.79425048828125,-0.011275109897580978,-0.0014420705375388979,5.158730158730158e-06
2022-01-11,META,332.0505065917969,0.01902103698808971,0.009118286452399373,4.7619047619047615e-06
2022-01-12,META,330.9482421875,-0.0033250904979834433,0.0028137920146670695,4.7619047619047615e-06
2022-01-13,META,324.2152709960937,-0.02055428331680109,-0.014346029234400533,4.7619047619047615e-06
2022-01-14,META,329.5976257324219,0.016464882707727575,0.0008196442695905652,5.158730158730158e-06
2022-01-18,META,315.94305419921875,-0.04231060541050412,-0.0185591053980085,6.746031746031747e-06
2022-01-19,META,317.3730163574219,0.0045158007343228225,-0.009736790941460195,6.746031746031747e-06
2022-01-20,META,314.36407470703125,-0.009526002024298255,-0.011098742304330734,7.142857142857143e-06
2022-01-21,META,301.0669860839844,-0.04321900270826404,-0.019095995324635427,6.746031746031747e-06
2022-01-24,META,306.5684814453125,0.018108375790909507,0.0027679047582695165,7.936507936507936e-06
2022-01-25,META,298.0679016113281,-0.02811984260390406,-0.012246590556866267,7.936507936507936e-06
2022-01-26,META,292.586181640625,-0.018562056943662513,-0.0014977569258856588,7.5396825396825394e-06
2022-01-27,META,292.5961303710937,3.400215715844994e-05,-0.005398635199970923,7.936507936507936e-06
2022-01-28,META,299.6170654296875,0.023711947214708165,0.024055967914736694,7.5396825396825394e-06
2022-01-31,META,311.0870056152344,0.03756742314005492,0.018709826222984446,9.523809523809523e-06
2022-02-01,META,316.7871398925781,0.01815743146873147,0.006839560348317067,7.936507936507936e-06
2022-02-02,META,320.7593994140625,0.012461242210039008,0.009378400448324454,7.936507936507936e-06
2022-02-03,META,236.11068725585935,-0.3063905986839007,-0.024693471720120656,8.333333333333332e-06
2022-02-04,META,235.44532775878903,-0.0028219762549378685,0.005143678439863626,9.126984126984127e-06
2022-02-07,META,223.34982299804688,-0.052739477303198494,-0.003708580927828488,1.1111111111111113e-05
2022-02-08,META,218.6526336669922,-0.02125493239762867,0.00836611346663433,1.0714285714285714e-05
2022-02-09,META,230.39065551757807,0.05229204743658466,0.014412842079264784,1.0714285714285714e-05
2022-02-10,META,226.4879302978516,-0.01708471471481676,-0.01828182448505601,1.6269841269841268e-05
2022-02-11,META,218.0269927978516,-0.03807278033739973,-0.019151682638086528,1.4682539682539683e-05
2022-02-14,META,216.1898498535156,-0.008461919143203224,-0.0038479907556283146,1.785714285714286e-05
2022-02-15,META,219.4669342041016,0.015044623574060119,0.015643717646064172,1.6269841269841268e-05
2022-02-16,META,215.03787231445312,-0.020387416813689663,0.0008808197202838003,1.5476190476190476e-05
2022-02-17,META,206.2691345214844,-0.04163236856570111,-0.021400504136936647,1.4682539682539683e-05
2022-02-18,META,204.72991943359372,-0.007490150009852765,-0.007191961663866342,1.3888888888888888e-05
2022-02-22,META,200.67819213867188,-0.019989053440913014,-0.010194735435016016,1.5476190476190476e-05
2022-02-23,META,197.0733642578125,-0.018126524086708066,-0.018583735748788438,1.4285714285714285e-05
2022-02-24,META,206.159912109375,0.0450760732099961,0.014846105252724002,1.3095238095238094e-05
2022-02-25,META,209.0199279785156,0.013777456577243814,0.022126080551265786,1.3095238095238094e-05
2022-02-28,META,209.5661163330078,0.0026096840632751418,-0.0024455914631261143,1.4682539682539683e-05
2022-03-01,META,202.07843017578125,-0.03638339042059229,-0.015594467786613053,1.2698412698412699e-05
2022-03-02,META,206.66636657714844,0.022449847082366976,0.018471046780652183,1.3095238095238094e-05
2022-03-03,META,201.56204223632807,-0.02500850141198635,-0.005268520744245652,1.4682539682539683e-05
2022-03-04,META,198.67221069335935,-0.01444095172943341,-0.007965684543001903,1.3095238095238094e-05
2022-03-07,META,186.16954040527344,-0.06499851808480606,-0.029962586814416495,1.5079365079365079e-05
2022-03-08,META,188.969970703125,0.014930351169714567,-0.007260043975698096,1.4285714285714285e-05
2022-03-09,META,197.123046875,0.042240019913445545,0.025373598122141117,1.5079365079365079e-05
2022-03-10,META,193.8558654785156,-0.016713215701111915,-0.004301049920247209,1.5079365079365079e-05
2022-03-11,META,186.30856323242188,-0.03971068018124425,-0.013046278933238144,1.5476190476190476e-05
2022-03-14,META,185.33538818359372,-0.005237148455937915,-0.007448675095533314,1.785714285714286e-05
2022-03-15,META,190.6978912353516,0.028523361681446244,0.021182629724144964,1.8253968253968254e-05
2022-03-16,META,202.2174835205078,0.05865331479571154,0.022136921648393443,1.7063492063492063e-05
2022-03-17,META,206.39822387695312,0.020463659003346926,0.012272205068700267,1.5873015873015872e-05
2022-03-18,META,214.98825073242188,0.040775950555180206,0.011594814411888112,1.6269841269841268e-05
2022-03-21,META,210.0229339599609,-0.023366644790531646,-0.0004347548543014596,2.1825396825396827e-05
2022-03-22,META,215.1471099853516,0.024105292549634547,0.011240699554074212,2.023809523809524e-05
2022-03-23,META,211.9792633056641,-0.014833571345416382,-0.012348630252495208,1.984126984126984e-05
2022-03-24,META,218.0468597412109,0.028221537339421225,0.014242012281618024,1.984126984126984e-05
2022-03-25,META,220.28126525878903,0.010195215612373782,0.005053380704237665,2.1031746031746032e-05
2022-03-28,META,222.03895568847656,0.007947634308648846,0.007119551020042568,2.380952380952381e-05
2022-03-29,META,228.2655029296875,0.027656595447241358,0.01218204410139109,2.2222222222222227e-05
2022-03-30,META,226.2694549560547,-0.00878287036035698,-0.006313588999088777,2.1825396825396827e-05
2022-03-31,META,220.8175201416016,-0.024389907916841487,-0.015776335226881762,2.023809523809524e-05
2022-04-01,META,223.29026794433597,0.011135915300384087,0.0034044209614630277,2.0634920634920633e-05
2022-04-04,META,232.2675323486328,0.039417288944195876,0.008058382532133647,2.6587301587301588e-05
2022-04-05,META,230.23175048828125,-0.008803451524222194,-0.01263115907400537,2.5793650793650796e-05
2022-04-06,META,221.75099182128903,-0.03753131856279818,-0.009764433912479721,2.6587301587301588e-05
2022-04-07,META,221.4034118652344,-0.0015686633120983215,0.004244365552037262,2.6984126984126987e-05
2022-04-08,META,220.7877349853516,-0.0027846657813768057,-0.0026545466755523947,2.738095238095238e-05
2022-04-11,META,214.95846557617188,-0.026756938687789802,-0.017021334584696127,3.095238095238095e-05
2022-04-12,META,212.654541015625,-0.010775850215478078,-0.0034233005304522353,2.9365079365079366e-05
2022-04-13,META,213.4986572265625,0.003961567428725231,0.011112603268901934,2.9761904761904762e-05
2022-04-14,META,208.7220001220703,-0.02262731972913906,-0.012218480383508163,3.095238095238095e-05
2022-04-18,META,209.30792236328125,0.0028032568645847936,-0.0002048892724065068,3.2539682539682536e-05
2022-04-19,META,215.80252075195312,0.030557253272047218,0.01593004474938665,3.2539682539682536e-05
2022-04-20,META,199.0297088623047,-0.08090962937236533,-0.0006186664061825758,3.2539682539682536e-05
2022-04-21,META,186.76536560058597,-0.06360100473315394,-0.014862855551311067,3.2539682539682536e-05
2022-04-22,META,182.83287048339844,-0.021280640110169516,-0.028132076377366966,3.2539682539682536e-05
2022-04-25,META,185.69287109375,0.015521618746709796,0.0056817651441118085,3.690476190476191e-05
2022-04-26,META,179.69479370117188,-0.032834257049986916,-0.028550008928597752,3.333333333333333e-05
2022-04-27,META,173.73638916015625,-0.033720675592874526,0.0020958490249645954,3.2539682539682536e-05
2022-04-28,META,204.30288696289065,0.162064487114121,0.024445655340832175,3.214285714285715e-05
2022-04-29,META,199.0793609619141,-0.02590008869275784,-0.03695915978469415,3.2936507936507936e-05
2022-05-02,META,209.66542053222656,0.05180948057819102,0.005659199293818601,3.571428571428572e-05
2022-05-03,META,210.5591583251953,0.004253626206047134,0.004825465075359521,3.571428571428572e-05
2022-05-04,META,221.8602294921875,0.05228093589768444,0.029425221557325833,3.4920634920634925e-05
2022-05-05,META,206.83517456054688,-0.07012536878904967,-0.03630067756409906,3.333333333333333e-05
2022-05-06,META,202.35647583007807,-0.02189134399825714,-0.00569038441395277,3.333333333333333e-05
2022-05-09,META,194.84893798828125,-0.03780629256028699,-0.03256151953960419,3.650793650793651e-05
2022-05-10,META,196.27891540527344,0.007312104090501826,0.002454881760409255,3.531746031746032e-05
2022-05-11,META,187.4307403564453,-0.046127293048320785,-0.016600232095697796,3.571428571428572e-05
2022-05-12,META,189.9134063720703,0.013158819930227878,-0.0012968049941124407,3.76984126984127e-05
2022-05-13,META,197.24220275878903,0.0378642168689723,0.023589267956869442,4.0079365079365075e-05
2022-05-16,META,198.65235900878903,0.007123928186970653,-0.003954208517722458,4.2460317460317464e-05
2022-05-17,META,201.2144470214844,0.012814882537857836,0.01996891958146264,4.2063492063492065e-05
2022-05-18,META,190.90646362304688,-0.05258765108558108,-0.041233809291248875,4.047619047619048e-05
2022-05-19,META,189.96304321289065,-0.0049540450086910225,-0.005850864777347809,4.1269841269841266e-05
2022-05-20,META,192.19744873046875,0.011693678577829514,0.0001461310919903067,4.0079365079365075e-05
2022-05-23,META,194.8687896728516,0.013803236197165534,0.018384995412060758,4.2460317460317464e-05
2022-05-24,META,180.02247619628906,-0.07924474775819246,-0.008153950903558081,4.166666666666667e-05
2022-05-25,META,182.5548248291016,0.013968827078922373,0.009406385648931585,4.166666666666667e-05
2022-05-26,META,190.30067443847656,0.04155478044513506,0.019688166007720866,4.2063492063492065e-05
2022-05-27,META,193.7764129638672,0.018099665540750116,0.024441130195822013,4.2063492063492065e-05
2022-05-31,META,192.2967529296875,-0.007665216905719056,-0.006294135193666945,4.484126984126984e-05
2022-06-01,META,187.3314208984375,-0.02616041456486067,-0.007510905041155451,4.444444444444445e-05
2022-06-02,META,197.48052978515625,0.05276064366894971,0.018263225415545106,4.484126984126984e-05
2022-06-03,META,189.45657348632807,-0.041480161515280424,-0.016482405609817057,4.642857142857142e-05
2022-06-06,META,192.9025115966797,0.018025105427498852,0.003132489407036025,4.880952380952381e-05
2022-06-07,META,194.2928009033203,0.007181364219819093,0.00947833153171984,4.9206349206349204e-05
2022-06-08,META,195.2759246826172,0.005047252522066938,-0.010852623040155319,4.96031746031746e-05
2022-06-09,META,182.7236175537109,-0.0664388321520477,-0.02408645766515553,5e-05
2022-06-10,META,174.3520965576172,-0.04689792657441338,-0.029542414811409477,5.3174603174603176e-05
2022-06-13,META,163.1205291748047,-0.06658742769901295,-0.03953993199003993,6.706349206349206e-05
2022-06-14,META,162.59422302246094,-0.0032317026284544546,-0.003780818039489633,7.063492063492064e-05
2022-06-15,META,168.17526245117188,0.03374899677880435,0.014487058836534478,6.706349206349206e-05
2022-06-16,META,159.7540740966797,-0.05137106860913917,-0.033052207113840666,6.111111111111111e-05
2022-06-17,META,162.60414123535156,0.01768306975642417,0.0021984473410133873,6.26984126984127e-05
2022-06-21,META,155.9605712890625,-0.041715438485179224,0.024182474960671992,6.587301587301587e-05
2022-06-22,META,154.76889038085938,-0.007670252729074748,-0.0013024200953574458,6.230158730158731e-05
2022-06-23,META,157.64877319335938,0.018436629696321608,0.00948707248555652,6.30952380952381e-05
2022-06-24,META,168.9796142578125,0.06940847783023935,0.030105539729901033,6.587301587301587e-05
2022-06-27,META,168.31427001953125,-0.003945195168239365,-0.0029774998903406716,6.944444444444444e-05
2022-06-28,META,159.56536865234375,-0.05337921370906828,-0.0203486731494949,6.944444444444444e-05
2022-06-29,META,162.80276489257812,0.020085763717384002,-0.0007119988201726959,6.865079365079365e-05
2022-06-30,META,160.1314239501953,-0.01654455903542699,-0.008797866246367652,6.587301587301587e-05
2022-07-01,META,158.91989135742188,-0.007594630442897069,0.010498511296639174,6.587301587301587e-05
2022-07-05,META,167.02328491210938,0.04973298599309972,0.0015828751061934918,7.380952380952382e-05
2022-07-06,META,168.59234619140625,0.009350414973665181,0.003566795705066178,7.341269841269842e-05
2022-07-07,META,170.99554443359375,0.014153851936992153,0.014853723180930391,7.500000000000001e-05
2022-07-08,META,169.69464111328125,-0.007636907067710128,-0.00083061639612735,7.579365079365079e-05
2022-07-11,META,161.7501220703125,-0.04794790508578129,-0.011594417660525545,8.452380952380952e-05
2022-07-12,META,162.13743591308594,0.00239165733815361,-0.00928686849749371,8.571428571428571e-05
2022-07-13,META,162.3558807373047,0.0013463750777491668,-0.00446686411181668,9.246031746031747e-05
2022-07-14,META,156.95364379882812,-0.033840221159784134,-0.003003138812764307,9.246031746031747e-05
2022-07-15,META,163.55751037597656,0.04121417458627895,0.01901923165863364,9.087301587301587e-05
2022-07-18,META,166.06993103027344,0.01524429700521578,-0.008398742485835936,9.682539682539682e-05
2022-07-19,META,174.5606231689453,0.04986312110621888,0.02725351764373082,9.761904761904762e-05
2022-07-20,META,181.8199157714844,0.04074463142175899,0.0058784939410571665,9.682539682539682e-05
2022-07-21,META,181.89938354492188,0.0004369730990426408,0.00981306668950467,9.523809523809524e-05
2022-07-22,META,168.0957794189453,-0.07891976400237544,-0.009376287293813849,9.563492063492063e-05
2022-07-25,META,165.4939727783203,-0.015599156641995444,0.001314302973305868,0.00010119047619047618
2022-07-26,META,158.04600524902344,-0.04604861278940747,-0.011610342599263359,9.841269841269841e-05
2022-07-27,META,168.40365600585938,0.06347764871446736,0.025820048778629066,9.404761904761906e-05
2022-07-28,META,159.6051025390625,-0.05366115652034912,0.012060319791912806,9.325396825396825e-05
2022-07-29,META,157.99635314941406,-0.010130703873018029,0.014107775781753557,9.285714285714285e-05
2022-08-01,META,158.820556640625,0.00520303888534772,-0.002827076544916728,9.841269841269841e-05
2022-08-02,META,159.0787811279297,0.0016245679900428673,-0.00668468837887098,9.841269841269841e-05
2022-08-03,META,167.62908935546875,0.05235417885774847,0.015517456270090707,9.682539682539682e-05
2022-08-04,META,169.3867950439453,0.010431090684242294,-0.0007776424495837734,9.563492063492063e-05
2022-08-05,META,165.95077514648438,-0.020493618726021203,-0.0016270690189191196,9.841269841269841e-05
2022-08-08,META,169.06900024414062,0.018615707946402795,-0.0012383171221209141,0.00010198412698412697
2022-08-09,META,167.36093139648438,-0.01015417097689728,-0.004257744235926498,0.00010238095238095239
2022-08-10,META,177.10289001464844,0.05657811711386735,0.021067158460407496,0.00010158730158730159
2022-08-11,META,176.25877380371094,-0.004777642302539554,-0.0007057229222018175,0.0001
2022-08-12,META,179.24789428710938,0.016816511158520547,0.017174046951492668,0.0001003968253968254
2022-08-15,META,179.6351776123047,0.0021582710685146707,0.003961684056233163,0.00010436507936507936
2022-08-16,META,178.22503662109375,-0.007881000646573955,0.0018739228259478625,0.00010357142857142856
2022-08-17,META,173.63710021972656,-0.02607951214397639,-0.007264114867648021,0.00010277777777777778
2022-08-18,META,173.44842529296875,-0.0010871956994662766,0.0022669896063847975,0.00010357142857142856
2022-08-19,META,166.79489135742188,-0.03911543253494469,-0.012983928713038868,0.00010476190476190476
2022-08-22,META,161.9189453125,-0.029668989657422314,-0.021632366466494565,0.00010873015873015873
2022-08-23,META,159.99241638183594,-0.011969455947612131,-0.002240370434437464,0.00010753968253968253
2022-08-24,META,162.12745666503906,0.013256378931753389,0.002911916698724165,0.00010833333333333334
2022-08-25,META,167.6092071533203,0.033252326392683454,0.013993241836107048,0.0001103174603174603
2022-08-26,META,160.65777587890625,-0.042358634823366256,-0.03426857631703952,0.0001103174603174603
2022-08-29,META,158.0658721923828,-0.016264628244999583,-0.0066886751973248065,0.00011468253968253969
2022-08-30,META,156.06979370117188,-0.012708556034735885,-0.011089416492117008,0.00011428571428571428
2022-08-31,META,161.79978942871094,0.03605640047573511,-0.007847738208153028,0.00011388888888888889
2022-09-01,META,164.21292114257812,0.01480418221775925,0.0029917522671948716,0.00011428571428571428
2022-09-02,META,159.20791625976562,-0.030952887988021118,-0.010794552570724387,0.0001130952380952381
2022-09-06,META,157.44021606445312,-0.011165191760204153,-0.004103464690895143,0.00011746031746031746
2022-09-07,META,159.2773895263672,0.01160146474637541,0.018174848666169877,0.00011825396825396825
2022-09-08,META,160.935791015625,0.01035820145965638,0.006588966880442448,0.00011785714285714286
2022-09-09,META,167.97662353515625,0.04281935222790337,0.01515601498121106,0.00011825396825396825
2022-09-12,META,167.78794860839844,-0.001123852617398099,0.010528651483995635,0.0001226190476190476
2022-09-13,META,152.0677490234375,-0.09837483267683837,-0.04419916303197406,0.00012658730158730157
2022-09-14,META,150.41928100585938,-0.010899537326990172,0.003381289078844715,0.00012460317460317462
2022-09-15,META,148.51260375976562,-0.012756773031999407,-0.011382272168149512,0.0001238095238095238
2022-09-16,META,145.27520751953125,-0.022039902024130646,-0.007208049775663175,0.00012301587301587303
2022-09-19,META,146.9932098388672,0.011756467719358895,0.006833697724705768,0.00013055555555555555
2022-09-20,META,145.0765838623047,-0.01312462658116054,-0.011336114736600402,0.00012936507936507936
2022-09-21,META,141.13412475585938,-0.027551089918447836,-0.01726467409850635,0.00012738095238095236
2022-09-22,META,141.82928466796875,0.004913436066251384,-0.008463293830453985,0.00012658730158730157
2022-09-23,META,139.43597412109375,-0.01701858467617716,-0.017382828767330778,0.0001238095238095238
2022-09-26,META,135.42401123046875,-0.029194848746083628,-0.010394360890280502,0.00013095238095238096
2022-09-27,META,133.46766662597656,-0.014551429336411728,-0.0021226109548247284,0.00012936507936507936
2022-09-28,META,140.62767028808594,0.05225651054616789,0.019481144181152356,0.00013055555555555555
2022-09-29,META,135.46376037597656,-0.03741160804515095,-0.0213527948230975,0.00012936507936507936
2022-09-30,META,134.73880004882812,-0.00536606363454695,-0.0151813515462093,0.00012777777777777776
2022-10-03,META,137.6484832763672,0.021365123016995953,0.02555457753093017,0.00013253968253968253
2022-10-04,META,139.30690002441406,0.01197620028449082,0.030125341416799834,0.00013174603174603174
2022-10-05,META,138.01588439941406,-0.009310630238679856,-0.0020199875589381176,0.00013214285714285715
2022-10-06,META,138.10528564453125,0.0006475508431819176,-0.010297922911395202,0.00013174603174603174
2022-10-07,META,132.52426147460938,-0.04125059958670354,-0.028403196531478058,0.00013134920634920634
2022-10-10,META,132.86192321777344,0.002544683520460885,-0.007520673133652772,0.00013134920634920634
2022-10-11,META,127.64832305908205,-0.040031411074993445,-0.006540518412323781,0.00014007936507936508
2022-10-12,META,126.61553955078124,-0.008123759134407727,-0.0032961996501662937,0.00014126984126984127
2022-10-13,META,129.3861846923828,0.0216463645671347,0.025634259307631132,0.00014444444444444446
2022-10-14,META,125.88068389892578,-0.027467106886529178,-0.023947120744528417,0.00014484126984126984
2022-10-17,META,133.11016845703125,0.05584261448072168,0.026135524557561848,0.00015158730158730158
2022-10-18,META,131.8787841796875,-0.009293920585600184,0.011362768207087462,0.00015436507936507937
2022-10-19,META,132.30580139160156,0.0032327214161172817,-0.006694455239684375,0.00015515873015873016
2022-10-20,META,130.6175994873047,-0.012841953964673518,-0.007982686738766696,0.00015515873015873016
2022-10-21,META,129.10813903808594,-0.011623626159286441,0.023447759860447268,0.00015476190476190475
2022-10-24,META,128.82017517089844,-0.002232899383037958,0.011811940205111494,0.00015873015873015873
2022-10-25,META,136.55609130859375,0.058318014626830714,0.01613577001587496,0.00015753968253968254
2022-10-26,META,128.9194793701172,-0.05754743701191613,-0.007415140398989885,0.00015634920634920635
2022-10-27,META,97.26060485839844,-0.28179399460363524,-0.006101185053184453,0.00015674603174603175
2022-10-28,META,98.51187133789062,0.012783038172354422,0.024328036770856338,0.00015833333333333335
2022-10-31,META,92.5137710571289,-0.06281955238211695,-0.007482327030336412,0.0001611111111111111
2022-11-01,META,94.53961181640624,0.021661409601074044,-0.0041096637203590055,0.0001611111111111111
2022-11-02,META,89.91194915771484,-0.0501880705831382,-0.025319843737482882,0.0001603174603174603
2022-11-03,META,88.29324340820312,-0.01816726265980405,-0.010642422531956597,0.0001611111111111111
2022-11-04,META,90.1602020263672,0.020924524394039946,0.013526823285563951,0.0001595238095238095
2022-11-07,META,96.04906463623048,0.06327104038371915,0.00956806167935914,0.0001634920634920635
2022-11-08,META,95.8008041381836,-0.0025880719982346256,0.005582282828760321,0.00016269841269841268
2022-11-09,META,100.76611328125,0.05053104248313271,-0.020996784712303443,0.00016309523809523812
2022-11-10,META,111.09397888183594,0.09757437834245246,0.05395251566479769,0.0001623015873015873
2022-11-11,META,112.23599243164062,0.010227230113933413,0.009198312304769028,0.0001623015873015873
2022-11-14,META,113.42768096923828,0.010561731955999467,-0.008975940544918012,0.00016507936507936506
2022-11-15,META,116.26782989501952,0.02473094638381916,0.008675376414669186,0.00016428571428571428
2022-11-16,META,112.44454193115234,-0.03343626866021645,-0.008286283111873759,0.00016428571428571428
2022-11-17,META,110.6768798828125,-0.015845175399669266,-0.0030941046442292835,0.00016388888888888887
2022-11-18,META,111.27273559570312,0.005369300984086081,0.00474729564815821,0.00016468253968253969
2022-11-21,META,109.0979232788086,-0.019738407438696103,-0.003891249800275618,0.00016785714285714288
2022-11-22,META,110.66696166992188,0.014279488303703462,0.01348860626982839,0.00016706349206349207
2022-11-23,META,111.4614028930664,0.0071530226412273735,0.0058972660417383116,0.00016706349206349207
2022-11-25,META,110.63716888427734,-0.007422270085908153,-0.0002830842622024787,0.00016746031746031745
2022-11-28,META,108.02540588378906,-0.023889659367788488,-0.015564696794064813,0.0001706349206349206
2022-11-29,META,108.7007064819336,0.006231854355435232,-0.0015931337016243704,0.00016944444444444442
2022-11-30,META,117.28074645996094,0.07597230940597256,0.030478643521294944,0.00016944444444444442
2022-12-01,META,119.60452270507812,0.01962005317557339,-0.0008680098296065889,0.00016746031746031745
2022-12-02,META,122.63336181640624,0.025008449643267667,-0.001195374663761461,0.00016746031746031745
2022-12-05,META,121.58073425292967,-0.008620584144807146,-0.01805624963097222,0.00016944444444444442
2022-12-06,META,113.32835388183594,-0.07028912991973692,-0.014503869422986057,0.00016944444444444442
2022-12-07,META,113.13968658447266,-0.0016661718856387942,-0.001864107253381664,0.0001666666666666667
2022-12-08,META,114.52997589111328,0.012213367152305886,0.007493634413933237,0.00016547619047619047
2022-12-09,META,115.09601593017578,0.004930114235656026,-0.0073767194642132125,0.0001662698412698413
2022-12-12,META,113.9142608642578,-0.010320633397253184,0.01417830729965003,0.00017023809523809523
2022-12-13,META,119.31654357910156,0.04633392382423433,0.007263223255457212,0.00016904761904761904
2022-12-14,META,120.74654388427734,0.011913678477253886,-0.006071116623835963,0.00016785714285714288
2022-12-15,META,115.34429168701172,-0.045772173543404474,-0.02523747790182607,0.00016746031746031745
2022-12-16,META,118.60153198242188,0.02784790719801359,-0.011200239946011676,0.0001666666666666667
2022-12-19,META,113.68586730957033,-0.042330308739310964,-0.0090483289411038,0.00016984126984126986
2022-12-20,META,116.27776336669922,0.022542745651192055,0.001036800697890769,0.00016865079365079366
2022-12-21,META,118.92923736572266,0.022546831641975882,0.014758548669054294,0.00016746031746031745
2022-12-22,META,116.30755615234376,-0.022290643625732083,-0.014557142498145655,0.00016825396825396826
2022-12-23,META,117.22118377685548,0.00782458112964949,0.005850952271915072,0.00016785714285714288
2022-12-27,META,116.0692138671875,-0.009875925321370408,-0.004057844034659477,0.00017261904761904762
2022-12-28,META,114.81796264648438,-0.010838743746204672,-0.012093470442948605,0.00017261904761904762
2022-12-29,META,119.42577362060548,0.03934709644176354,0.01731063431499432,0.00017222222222222224
2022-12-30,META,119.50521850585938,0.0006650027899233684,-0.002543975646110833,0.0001706349206349206
2023-01-03,META,123.87469482421876,0.03591048914548179,-0.004008572481273608,0.00017460317460317462
2023-01-04,META,126.48645782470705,0.020864720599242458,0.007510694562138916,0.000175
2023-01-05,META,126.0594253540039,-0.0033818241051187894,-0.011713869136457158,0.00017896825396825398
2023-01-06,META,129.11805725097656,0.0239737327720586,0.02258383558903089,0.00017896825396825398
2023-01-09,META,128.57188415527344,-0.004239000642219798,-0.0007679273259905782,0.00018055555555555555
2023-01-10,META,132.0674591064453,0.02682468818691642,0.006953997970593733,0.00018134920634920636
2023-01-11,META,131.96815490722656,-0.0007522031016306894,0.012767571192293676,0.00018134920634920636
2023-01-12,META,135.7616729736328,0.028340301095356676,0.0034100849120427303,0.00017857142857142857
2023-01-13,META,136.02976989746094,0.001972814213344825,0.003988892144656051,0.00017896825396825398
2023-01-17,META,134.4210205078125,-0.011896939639281102,-0.002032555430996314,0.00018095238095238093
2023-01-18,META,132.09725952148438,-0.017438352618840868,-0.01568496697774467,0.00018015873015873017
2023-01-19,META,135.20553588867188,0.023257642864242273,-0.007667671901812428,0.00018055555555555555
2023-01-20,META,138.4031982421875,0.023375042910161854,0.01874167355235196,0.00018134920634920636
2023-01-23,META,142.27615356445312,0.02759876084466069,0.011811315951328555,0.00018174603174603174
2023-01-24,META,142.14706420898438,-0.0009077273321292306,-0.0007117563642918193,0.00018134920634920636
2023-01-25,META,140.5184326171875,-0.011523511941780881,-0.00018174157346566321,0.00018095238095238093
2023-01-26,META,146.27818298339844,0.04017149853324956,0.010947708029114303,0.00018055555555555555
2023-01-27,META,150.68739318847656,0.02969727540621716,0.002491734021703855,0.00018134920634920636
2023-01-30,META,146.03985595703125,-0.03132787665161138,-0.013053569315292663,0.00018214285714285712
2023-01-31,META,147.9365997314453,0.01290423132867123,0.014536304416419527,0.00018174603174603174
2023-02-01,META,152.0578155517578,0.027477012207588566,0.01039805629688473,0.00018015873015873017
2023-02-02,META,187.4605407714844,0.20930756004641213,0.014592384626854379,0.00017976190476190476
2023-02-03,META,185.23606872558597,-0.011937315256769006,-0.010408592637285455,0.00018134920634920636
2023-02-06,META,184.7693328857422,-0.00252286093861837,-0.006159393193939262,0.00018214285714285712
2023-02-07,META,190.29075622558597,0.02944500052621346,0.012790364037397075,0.00018214285714285712
2023-02-08,META,182.15757751464844,-0.04368107537587935,-0.011142573012411353,0.00018214285714285712
2023-02-09,META,176.68580627441406,-0.030499073586789268,-0.008869009831037385,0.00018412698412698412
2023-02-10,META,172.94192504882812,-0.02141720463155374,0.0021928557092171274,0.00018492063492063493
2023-02-13,META,178.18533325195312,0.029868361885264663,0.011383569951155146,0.0001857142857142857
2023-02-14,META,178.23497009277344,0.00027852981816917614,-0.0002804538554937624,0.0001853174603174603
2023-02-15,META,175.9310760498047,-0.013010431499974376,0.002769337533076689,0.00018492063492063493
2023-02-16,META,171.24383544921875,-0.027003825866646028,-0.013884689204881605,0.0001865079365079365
2023-02-17,META,171.6807403564453,0.00254811217654797,-0.0027712421722827342,0.0001865079365079365
2023-02-21,META,170.8863067626953,-0.004638128650147363,-0.020244783973471698,0.0001873015873015873
2023-02-22,META,169.93296813964844,-0.0055944084133007325,-0.0015747954856433837,0.0001869047619047619
2023-02-23,META,170.84658813476562,0.005361954185442831,0.005315278263237728,0.0001869047619047619
2023-02-24,META,169.2080535888672,-0.009636964333809043,-0.010593464619774184,0.0001873015873015873
2023-02-27,META,168.36395263671875,-0.005001023164504072,0.0030682925395522777,0.00018809523809523813
2023-02-28,META,173.72650146484375,0.0313542110130687,-0.0030406198309477117,0.0001873015873015873
2023-03-01,META,172.21702575683594,-0.008726772833852363,-0.004736464203492832,0.0001876984126984127
2023-03-02,META,173.31930541992188,0.006380130265616472,0.0075535937311959735,0.00018809523809523813
2023-03-03,META,183.9649200439453,0.059609498134864464,0.01601874917648306,0.00018809523809523813
2023-03-06,META,183.6173858642578,-0.0018909195445724304,0.0006869307788483012,0.00018888888888888888
2023-03-07,META,183.23008728027344,-0.0021114973182697998,-0.015445590479262547,0.00019325396825396824
2023-03-08,META,183.68687438964844,0.002489867698028702,0.0014137941356032722,0.00019404761904761905
2023-03-09,META,180.4296417236328,-0.017891633095157747,-0.018631857945482354,0.00019325396825396824
2023-03-10,META,178.26475524902344,-0.01207107097343753,-0.01458396943606664,0.00019166666666666667
2023-03-13,META,179.64512634277344,0.007713550303851279,-0.001510901840738768,0.0001865079365079365
2023-03-14,META,192.6741180419922,0.07001686964689008,0.016342388235363665,0.0001869047619047619
2023-03-15,META,196.37820434570312,0.019042159710701903,-0.007005363929353597,0.00018214285714285712
2023-03-16,META,203.50840759277344,0.0356649050558646,0.017409576249031722,0.00018134920634920636
2023-03-17,META,194.25308227539065,-0.04654546228996719,-0.011080621273953702,0.00017301587301587302
2023-03-20,META,196.43783569335935,0.011184166771576447,0.008878869635940853,0.00018452380952380955
2023-03-21,META,200.7576446533203,0.021752409103663377,0.012898647518559103,0.00018333333333333334
2023-03-22,META,198.4239501953125,-0.011692528291345745,-0.016600248639842885,0.00018373015873015874
2023-03-23,META,202.8629302978516,0.022124626494986286,0.0029800838691824228,0.00018134920634920636
2023-03-24,META,204.58090209960935,0.008432975768849866,0.005623963084303207,0.00018134920634920636
2023-03-27,META,201.43295288085935,-0.015506920568054448,0.0016455995637670831,0.0001884920634920635
2023-03-28,META,199.28793334960935,-0.01070590574531931,-0.0015750832883878866,0.00018412698412698412
2023-03-29,META,203.92550659179688,0.023004083164188113,0.014136870775046802,0.00018412698412698412
2023-03-30,META,206.39822387695312,0.012052664933070516,0.005698999199482652,0.00019047619047619048
2023-03-31,META,210.4698028564453,0.019534760145132345,0.014333327782036555,0.0001857142857142857
2023-04-03,META,211.59197998046875,0.005317609004032736,0.003692022565802823,0.00018928571428571426
2023-04-04,META,213.2305145263672,0.007714010874152442,-0.005813839745162529,0.00018809523809523813
2023-04-05,META,210.0129852294922,-0.015204445114427066,-0.002495481657121423,0.0001873015873015873
2023-04-06,META,214.60093688964844,0.021610832703710416,0.0035727731328032467,0.00018928571428571426
2023-04-10,META,213.2602996826172,-0.006266712101295763,0.0009958070170100843,0.00019603174603174606
2023-04-11,META,212.3665771484375,-0.004199564906865567,-4.135333298352082e-05,0.00019404761904761905
2023-04-12,META,212.51551818847656,0.000701093539946664,-0.0041434563234613855,0.00019325396825396824
2023-04-13,META,218.82147216796875,0.02924118931639608,0.013175510497831548,0.00019642857142857144
2023-04-14,META,219.9535675048828,0.005160265496910093,-0.0020715175845779886,0.00019761904761904763
2023-04-17,META,217.34181213378903,-0.01194518189766164,0.0033007035826147536,0.0002007936507936508
2023-04-18,META,216.3785400390625,-0.004441911354753618,0.0008548548034659753,0.0002
2023-04-19,META,214.20372009277344,-0.010101848785607326,-8.426554793962826e-05,0.0001988095238095238
2023-04-20,META,211.59197998046875,-0.012267727770504581,-0.005970335188311131,0.0001972222222222222
2023-04-21,META,211.4132080078125,-0.0008452472375101329,0.0009027812573008861,0.00019761904761904763
2023-04-24,META,211.3138732910156,-0.0004699709245978087,0.0008512167782723126,0.0002
2023-04-25,META,206.1102600097656,-0.024933310946002506,-0.01593718381857645,0.0001972222222222222
2023-04-26,META,207.94741821289065,0.008873982325229705,-0.0038485835033448754,0.0001984126984126984
2023-04-27,META,236.90513610839844,0.13037454073171492,0.019377193402696356,0.00019960317460317463
2023-04-28,META,238.65293884277344,0.007350566402009167,0.008219331313243467,0.00019642857142857144
2023-05-01,META,241.4930877685547,0.011830492783559436,-0.0003861810485107871,0.00020238095238095236
2023-05-02,META,237.58042907714844,-0.016334635714589842,-0.011653906680571788,0.00020158730158730158
2023-05-03,META,235.38577270507807,-0.009280460698317398,-0.007022908054892971,0.00020198412698412699
2023-05-04,META,231.90011596679688,-0.014919009859930114,-0.007244913455062742,0.00020238095238095236
2023-05-05,META,231.16522216796875,-0.0031740419991906983,0.018306166381879797,0.00020238095238095236
2023-05-08,META,231.6518402099609,0.002102853420357401,0.0004520264848820656,0.0002043650793650794
2023-05-09,META,231.7511444091797,0.0004285867982505901,-0.004589938949059595,0.00020357142857142856
2023-05-10,META,231.463134765625,-0.00124352678065804,0.004473942241914432,0.00020158730158730158
2023-05-11,META,234.1543426513672,0.011559866135441504,-0.0016980648897067581,0.0002
2023-05-12,META,232.18809509277344,-0.00843268401551833,-0.0015845615894390477,0.00020158730158730158
2023-05-15,META,237.20306396484372,0.02136878636876381,0.002953797680316935,0.0002007936507936508
2023-05-16,META,237.1633453369141,-0.0001674596988471709,-0.006398107681917463,0.0002011904761904762
2023-05-17,META,240.807861328125,0.015250235050864678,0.011820688622071574,0.00020238095238095236
2023-05-18,META,245.1376495361328,0.017820528002725773,0.009400723063727155,0.00020396825396825393
2023-05-19,META,243.93600463867188,-0.004913972794180755,-0.0014469138806754414,0.00020317460317460318
2023-05-22,META,246.5974273681641,0.01085124344593112,0.00015502267980239146,0.00020793650793650794
2023-05-23,META,245.0283966064453,-0.006383049923311409,-0.011285468768284297,0.00020555555555555556
2023-05-24,META,247.4812774658203,0.009960824200229378,-0.007345512678305211,0.00020674603174603175
2023-05-25,META,250.9371337890625,0.01386751222425726,0.008719456079011883,0.00020674603174603175
2023-05-26,META,260.2222595214844,0.03633366538871638,0.012964680931640788,0.00020476190476190477
2023-05-30,META,260.69891357421875,0.0018300434322156712,1.660313066576836e-05,0.0002095238095238095
2023-05-31,META,262.8836669921875,0.008345449902601988,-0.006127358186214099,0.00020873015873015873
2023-06-01,META,270.7189025878906,0.02936941923771884,0.009806215085853812,0.00020793650793650794
2023-06-02,META,270.7189025878906,0.0,0.014429812390107408,0.00020753968253968256
2023-06-05,META,269.5074157714844,-0.0044851159823804075,-0.002005591490657713,0.00020634920634920637
2023-06-06,META,269.23931884765625,-0.0009952615161476011,0.002351130233850576,0.00020555555555555556
2023-06-07,META,261.7714538574219,-0.028128835678667266,-0.003819293926420617,0.00020476190476190477
2023-06-08,META,262.74462890625,0.003710758154054632,0.00616957160752325,0.00020317460317460318
2023-06-09,META,263.112060546875,0.0013974594515601699,0.0011474010230505239,0.0002027777777777778
2023-06-12,META,269.16973876953125,0.022762152590245357,0.00927797498175416,0.00020396825396825393
2023-06-13,META,269.4378967285156,0.0009957451898845746,0.006908570725908898,0.0002027777777777778
2023-06-14,META,271.45379638671875,0.007454020898739244,0.0008190899801265841,0.00020238095238095236
2023-06-15,META,279.8749694824219,0.030551020041435135,0.012104580493589997,0.0002011904761904762
2023-06-16,META,279.0507507324219,-0.0029492983329844954,-0.0036783764677510893,0.00020198412698412699
2023-06-20,META,282.3576354980469,0.01178081087791028,-0.004746353835236048,0.00020396825396825393
2023-06-21,META,279.6863098144531,-0.009505825375700732,-0.005259086366925201,0.0002043650793650794
2023-06-22,META,282.90380859375,0.011438287854369327,0.0037039303873345254,0.0002043650793650794
2023-06-23,META,286.7270812988281,0.013423886189416555,-0.007688288056502158,0.0002043650793650794
2023-06-26,META,276.5382995605469,-0.03618150013222256,-0.004496934363132171,0.00020793650793650794
2023-06-27,META,285.05877685546875,0.030346066626142754,0.01139073352418076,0.00020595238095238096
2023-06-28,META,283.3110046386719,-0.006150143032638395,-0.0003541393883898215,0.00020555555555555556
2023-06-29,META,279.5770263671875,-0.013267409638051935,0.00446356811449,0.00020634920634920637
2023-06-30,META,284.9892883300781,0.01917375384045594,0.0121943502618858,0.00020515873015873015
2023-07-03,META,284.0359191894531,-0.0033508885725908187,0.0011699930926736418,0.00020674603174603175
2023-07-05,META,292.3279724121094,0.02877565896790262,-0.0019702580976127164,0.00020674603174603175
2023-07-06,META,289.9644775390625,-0.00811794091765005,-0.007954061175894762,0.00020753968253968256
2023-07-07,META,288.5146179199219,-0.0050126708688009135,-0.002869212795733482,0.00020714285714285713
2023-07-10,META,292.0598449707031,0.012212976434564626,0.002402138610626312,0.00020833333333333332
2023-07-11,META,296.22076416015625,0.014146271401294328,0.006719583998254874,0.00020833333333333332
2023-07-12,META,307.1941223144531,0.03637486679920382,0.007383905235389679,0.00020793650793650794
2023-07-13,META,311.2359313964844,0.013071378425266879,0.008434482989627111,0.00020793650793650794
2023-07-14,META,306.7274169921875,-0.014591785781220685,-0.001024932196907484,0.00020833333333333332
2023-07-17,META,308.4652709960937,0.005649802608406637,0.0038479695744204137,0.00020873015873015873
2023-07-18,META,309.88531494140625,0.004593013976269107,0.007092066941428338,0.00020833333333333332
2023-07-19,META,313.81787109375,0.012610512034646935,0.002355134827233639,0.00020873015873015873
2023-07-20,META,300.4214172363281,-0.04362657618752174,-0.006779827396257691,0.00020873015873015873
2023-07-21,META,292.2187194824219,-0.027683651873654475,0.0003240420146130911,0.0002091269841269841
2023-07-24,META,289.587158203125,-0.009046244894578923,0.004026038496874852,0.0002095238095238095
2023-07-25,META,292.42730712890625,0.00975979684170728,0.0028107195758387046,0.0002095238095238095
2023-07-26,META,296.4988708496094,0.013827297017316813,-0.00015545097867591856,0.0002095238095238095
2023-07-27,META,309.5476989746094,0.04306878631842401,-0.006445393055197076,0.0002095238095238095
2023-07-28,META,323.2221984863281,0.04322781123919626,0.009829375810433848,0.0002095238095238095
2023-07-31,META,316.38995361328125,-0.021364524504787593,0.0014676354365687912,0.0002095238095238095
2023-08-01,META,320.47137451171875,0.012817474056877848,-0.0026686453076827116,0.0002091269841269841
2023-08-02,META,312.12969970703125,-0.026374151658215626,-0.013936200638336184,0.0002091269841269841
2023-08-03,META,311.0174255371094,-0.003569864342115555,-0.0025512254502915274,0.0002091269841269841
2023-08-04,META,308.57452392578125,-0.007885558461978926,-0.0053141693739379705,0.0002095238095238095
2023-08-07,META,314.36407470703125,0.01858840501361941,0.008983618964856572,0.00020992063492063494
2023-08-08,META,310.47125244140625,-0.012460475469629684,-0.004227205100058866,0.00021031746031746032
2023-08-09,META,303.0928039550781,-0.02405227006330844,-0.007063619102045116,0.0002095238095238095
2023-08-10,META,303.619140625,0.001735046776855242,0.00025068252108086326,0.0002095238095238095
2023-08-11,META,299.547607421875,-0.013500727814322008,-0.0010702648992294865,0.0002095238095238095
2023-08-14,META,304.0660095214844,0.014971453162558759,0.005734004879419051,0.00020992063492063494
2023-08-15,META,299.8554382324219,-0.013944328459600534,-0.011618139396096483,0.00020992063492063494
2023-08-16,META,292.24853515625,-0.025695897916934062,-0.007584081792624527,0.00020992063492063494
2023-08-17,META,283.11236572265625,-0.03176071718031912,-0.0077428113775290805,0.00020992063492063494
2023-08-18,META,281.28515625,-0.006474925155681279,-0.00014871788395720285,0.0002095238095238095
2023-08-21,META,287.8890075683594,0.02320606975956295,0.006855634859799785,0.00021031746031746032
2023-08-22,META,285.60498046875,-0.007965346536893935,-0.0027813310465456837,0.00021031746031746032
2023-08-23,META,292.19891357421875,0.02282511229063673,0.010984330710791359,0.00021031746031746032
2023-08-24,META,284.7608642578125,-0.025785025949644484,-0.01354935398400801,0.0002107142857142857
2023-08-25,META,283.5195007324219,-0.004368848815978067,0.006695501060295156,0.0002119047619047619
2023-08-28,META,288.2465209960937,0.016535183224101795,0.006245078594196461,0.0002119047619047619
2023-08-29,META,295.9228515625,0.026282694060694015,0.014404068712056505,0.00021150793650793651
2023-08-30,META,293.0529479980469,-0.00974548115731294,0.003825854181192944,0.00021111111111111113
2023-08-31,META,293.83746337890625,0.0026734662312528253,-0.0015982129743398576,0.00021111111111111113
2023-09-01,META,294.3240966796875,0.0016547610210220862,0.001797512765518541,0.00021031746031746032
2023-09-05,META,298.0679016113281,0.012639788471681812,-0.004202997821381205,0.00021111111111111113
2023-09-06,META,297.0947265625,-0.0032702857003555686,-0.006996014491432261,0.0002107142857142857
2023-09-07,META,296.59814453125,-0.0016728587161250336,-0.003216433115732967,0.00021031746031746032
2023-09-08,META,295.8236083984375,-0.0026148147676572178,0.0014256060622570594,0.0002107142857142857
2023-09-11,META,305.4264831542969,0.03194574619093575,0.006700951498135517,0.00021111111111111113
2023-09-12,META,299.5674133300781,-0.019369626841304742,-0.005712169023003997,0.00021111111111111113
2023-09-13,META,302.9438171386719,0.011207887860610005,0.0012408621175346041,0.0002107142857142857
2023-09-14,META,309.5576477050781,0.02159696920780453,0.00839458553366625,0.0002107142857142857
2023-09-15,META,298.22674560546875,-0.03729024707191037,-0.012234145842493929,0.00021111111111111113
2023-09-18,META,300.4512634277344,0.007431467421299158,0.0007210276941755188,0.0002107142857142857
2023-09-19,META,302.9537658691406,0.008294650086828103,-0.0021533273615331264,0.0002107142857142857
2023-09-20,META,297.5912170410156,-0.017859416083592983,-0.009439204206291041,0.00021150793650793651
2023-09-21,META,293.6786193847656,-0.013234751801920316,-0.016536918318488084,0.00021150793650793651
2023-09-22,META,297.0053100585937,0.011263979537522029,-0.0022982374027607495,0.00021111111111111113
2023-09-25,META,298.7431640625,0.005834203556728415,0.0040149942038066174,0.0002123015873015873
2023-09-26,META,296.8861694335937,-0.00623542374833697,-0.014844165482264943,0.0002119047619047619
2023-09-27,META,295.6745910644531,-0.004089302357773297,0.00022928777229479233,0.0002119047619047619
2023-09-28,META,301.8514404296875,0.02067548215732254,0.005875877143000698,0.00021111111111111113
2023-09-29,META,298.12744140625,-0.01241392642354847,-0.002713259648289315,0.00021111111111111113
2023-10-02,META,304.6916198730469,0.021779131922936706,7.936440615299324e-05,0.0002123015873015873
2023-10-03,META,298.8524169921875,-0.01935031985454934,-0.013839395863449198,0.0002123015873015873
2023-10-04,META,303.46026611328125,0.01530082014623559,0.008077047607828946,0.0002119047619047619
2023-10-05,META,302.6756896972656,-0.0025887817631233797,-0.0013048811469951228,0.0002119047619047619
2023-10-06,META,313.2419128417969,0.03431387523340591,0.011745642093961117,0.0002126984126984127
2023-10-09,META,316.1515808105469,0.009246008186300452,0.006284068119387409,0.0002126984126984127
2023-10-10,META,319.607421875,0.01087165132620902,0.005194476099985354,0.0002119047619047619
2023-10-11,META,325.5459899902344,0.018410305950826013,0.004283819500095073,0.0002119047619047619
2023-10-12,META,321.9113464355469,-0.011227555952955135,-0.006266024940654918,0.0002123015873015873
2023-10-13,META,312.50701904296875,-0.029649256146001092,-0.005031495660219892,0.0002123015873015873
2023-10-16,META,318.9222106933594,0.020320289560168972,0.010538642302589985,0.0002119047619047619
2023-10-17,META,321.7524719238281,0.008835309771782311,-9.824987944376507e-05,0.0002123015873015873
2023-10-18,META,314.7712097167969,-0.021936472624375907,-0.013490408251151898,0.0002119047619047619
2023-10-19,META,310.6400146484375,-0.01321132399020729,-0.008519032328057976,0.00021150793650793651
2023-10-20,META,306.5089416503906,-0.013387804217614704,-0.012665149196155915,0.0002107142857142857
2023-10-23,META,311.831787109375,0.017216970177485767,-0.0016869920654349177,0.00021111111111111113
2023-10-24,META,310.3818664550781,-0.0046605318620493415,0.0072395235196288195,0.0002107142857142857
2023-10-25,META,297.4521484375,-0.04255000021649274,-0.014443434657238052,0.00021111111111111113
2023-10-26,META,286.3497314453125,-0.038039465475663316,-0.011903081205584871,0.00021111111111111113
2023-10-27,META,294.671630859375,0.028647719650714748,-0.00481183857862075,0.00021111111111111113
2023-10-30,META,300.5604858398437,0.019787397077720068,0.011938474300285915,0.00021150793650793651
2023-10-31,META,299.1801452636719,-0.004603133227604103,0.006454084821688244,0.00021150793650793651
2023-11-01,META,309.6867370605469,0.034515376457238935,0.010451194990191868,0.0002107142857142857
2023-11-02,META,308.7135314941406,-0.0031474965951145983,0.018682938934086474,0.0002095238095238095
2023-11-03,META,312.4176330566406,0.011927095868215231,0.00934988354455146,0.0002091269841269841
2023-11-06,META,313.6093444824219,0.003807225273102919,0.0017514577241005862,0.00020992063492063494
2023-11-07,META,316.6083984375,0.009517588572261752,0.0028360934017119537,0.0002095238095238095
2023-11-08,META,317.5617370605469,0.0030065728038060472,0.0010044110324198868,0.0002095238095238095
2023-11-09,META,318.3263854980469,0.0024049790487640143,-0.008116690699068705,0.0002091269841269841
2023-11-10,META,326.4893493652344,0.025320101643416457,0.015495759270772258,0.00020873015873015873
2023-11-13,META,326.9064025878906,0.001276571750112135,-0.0008361884413700847,0.0002095238095238095
2023-11-14,META,333.97705078125,0.021398381072885577,0.01889537047457725,0.00020873015873015873
2023-11-15,META,330.40203857421875,-0.010762068733655154,0.0015957382078471765,0.00020873015873015873
2023-11-16,META,331.87176513671875,0.004438433068095778,0.0011897193967137305,0.00020833333333333332
2023-11-17,META,332.7159118652344,0.002540363632064297,0.0012812279371779871,0.00020833333333333332
2023-11-20,META,337.6116943359375,0.014607393395761687,0.007363103793795633,0.0002091269841269841
2023-11-21,META,334.6424560546875,-0.008833735241882952,-0.002022975931757968,0.00020873015873015873
2023-11-22,META,339.1211242675781,0.013294675788231484,0.004052905094313324,0.0002091269841269841
2023-11-24,META,335.8837280273437,-0.00959228975160981,0.0005966956096450322,0.0002095238095238095
2023-11-27,META,332.37823486328125,-0.010491470450462965,-0.0019560693168983586,0.0002095238095238095
2023-11-28,META,336.63848876953125,0.012736038853456491,0.0009796385280502918,0.0002091269841269841
2023-11-29,META,329.8955383300781,-0.020233567107343416,-0.0009466966151019382,0.00020833333333333332
2023-11-30,META,324.880615234375,-0.015318276728603135,0.003776931264994605,0.00020833333333333332
2023-12-01,META,322.5667419433594,-0.0071477105176981255,0.005856558953846637,0.00020753968253968256
2023-12-04,META,317.8000793457031,-0.014887562812219462,-0.005423188063826943,0.00020873015873015873
2023-12-05,META,316.08209228515625,-0.005420538213433696,-0.0005690315939348026,0.00020833333333333332
2023-12-06,META,315.2478942871094,-0.0026426702398813723,-0.003913851944943747,0.00020833333333333332
2023-12-07,META,324.3244934082031,0.028385242146651325,0.007936610684821922,0.00020793650793650794
2023-12-08,META,330.4417724609375,0.018685926154009616,0.0040871341465037936,0.00020793650793650794
2023-12-11,META,323.0235900878906,-0.022705108738131554,0.003916813547781492,0.00020873015873015873
2023-12-12,META,331.90155029296875,0.02711303479545705,0.0045888127956924,0.00020873015873015873
2023-12-13,META,332.4179382324219,0.0015546376476297309,0.01355834517501981,0.00020793650793650794
2023-12-14,META,330.85888671875,-0.004701066964137552,0.002643565185154432,0.00020753968253968256
2023-12-15,META,332.5966796875,0.005238623446554211,-7.625240044859478e-05,0.00020793650793650794
2023-12-18,META,342.2293701171875,0.028550601310225868,0.004518122263400515,0.00020873015873015873
2023-12-19,META,347.9296264648437,0.01651905140316917,0.005849267450818904,0.00020753968253968256
2023-12-20,META,346.8570861816406,-0.0030873967956978844,-0.014793147965305628,0.00020793650793650794
2023-12-21,META,351.6336975097656,0.013677161963262999,0.010248769307271876,0.00020714285714285713
2023-12-22,META,350.9386291503906,-0.0019786392368909985,0.0016586821527610754,0.00020793650793650794
2023-12-26,META,352.3685607910156,0.004066313074543106,0.004222761046978559,0.00020833333333333332
2023-12-27,META,355.3477478027344,0.008419205756141003,0.0014294356164229985,0.00020793650793650794
2023-12-28,META,355.8343811035156,0.001368519699669066,0.0003701061103271183,0.00020833333333333332
2023-12-29,META,351.5046081542969,-0.012242579849205433,-0.0028304770367338357,0.00020634920634920637
2024-01-02,META,343.88787841796875,-0.021907151720724428,-0.005676660799723162,0.00020714285714285713
2024-01-03,META,342.0804443359375,-0.005269742653728015,-0.008048618327197648,0.00020793650793650794
2024-01-04,META,344.7120666503906,0.007663552388674322,-0.003434271663317429,0.00020793650793650794
2024-01-05,META,349.50860595703125,0.013818705847420079,0.0018240216394339805,0.00020793650793650794
2024-01-08,META,356.1720275878906,0.018885652702637114,0.014015945436353141,0.00020833333333333332
2024-01-09,META,354.95050048828125,-0.003435493189473677,-0.0014789938523175842,0.00020793650793650794
2024-01-10,META,367.9000854492188,0.0358330498636403,0.005649980650495912,0.00020753968253968256
2024-01-11,META,367.1056213378906,-0.002161791162686672,-0.0006712808369611647,0.00020753968253968256
2024-01-12,META,371.8921813964844,0.012954374097097062,0.0007506937530339595,0.00020714285714285713
2024-01-16,META,364.9109802246094,-0.01895054326624305,-0.0037383190523568345,0.00020714285714285713
2024-01-17,META,365.8146667480469,0.0024733961039615196,-0.005632731271107821,0.00020793650793650794
2024-01-18,META,373.5208740234375,0.02084706047925968,0.008766720726243148,0.00020714285714285713
2024-01-19,META,380.79010009765625,0.01927441431238697,0.012238308232548512,0.00020714285714285713
2024-01-22,META,379.1316833496094,-0.004364710729454755,0.0021919211872316853,0.00020714285714285713
2024-01-23,META,382.5279541015625,0.00891813900754867,0.002917115340764486,0.00020674603174603175
2024-01-24,META,387.9898071289063,0.014177335777229426,0.0008115989762168653,0.00020674603174603175
2024-01-25,META,390.4526062011719,0.006327525959867481,0.00524657813497798,0.00020674603174603175
2024-01-26,META,391.4059143066406,0.0024385705415435797,-0.0006519977554263648,0.00020674603174603175
2024-01-29,META,398.2381896972656,0.01730512735748752,0.007528365505246204,0.00020714285714285713
2024-01-30,META,397.2848510742188,-0.0023967604470393374,-0.0006008303969786162,0.00020674603174603175
2024-01-31,META,387.4336853027344,-0.025108832958171966,-0.016236851740733683,0.00020714285714285713
2024-02-01,META,392.0414733886719,0.011822934209425397,0.012416286114049784,0.00020714285714285713
2024-02-02,META,471.6950378417969,0.18496503684657953,0.01062777072263312,0.00020753968253968256
2024-02-05,META,456.2231750488281,-0.03335056174685697,-0.0031914247092839714,0.00020714285714285713
2024-02-06,META,451.5656127929688,-0.010261424655269124,0.0023077459317481074,0.00020753968253968256
2024-02-07,META,466.3324890136719,0.03217819134661979,0.008207682594008628,0.00020753968253968256
2024-02-08,META,466.7396545410156,0.0008727418474561438,0.000570420540090595,0.00020753968253968256
2024-02-09,META,464.86279296875,-0.0040293241319622605,0.0057259171287955156,0.00020793650793650794
2024-02-12,META,465.6473388671875,0.001686270912052999,-0.0009494041426524416,0.00020753968253968256
2024-02-13,META,456.92822265625,-0.01890224753627317,-0.013768609419845444,0.00020833333333333332
2024-02-14,META,469.9969177246094,0.0281998201125153,0.009534168304216807,0.00020753968253968256
2024-02-15,META,480.6723327636719,0.022459680453995948,0.00580437267404004,0.00020753968253968256
2024-02-16,META,470.03662109375,-0.022375208214390246,-0.0048150435759610425,0.00020793650793650794
2024-02-20,META,468.4775390625,-0.003322450596107917,-0.0060234264658172495,0.00020793650793650794
2024-02-21,META,465.2764892578125,-0.0068563288564275505,0.0012634014951035982,0.00020793650793650794
2024-02-22,META,483.27001953125,0.03794371465583714,0.02090288866640342,0.00020833333333333332
2024-02-23,META,481.182373046875,-0.004329191904086181,0.000347887026502183,0.00020873015873015873
2024-02-26,META,478.9058227539063,-0.0047423863132620035,-0.003793939244668484,0.00020873015873015873
2024-02-27,META,484.1845703125,0.010962211769087524,0.001704895538720964,0.00020833333333333332
2024-02-28,META,481.1723937988281,-0.006240564685039209,-0.001659531321112244,0.00020793650793650794
2024-02-29,META,487.2464599609375,0.012544460057408276,0.0052154704557999644,0.00020833333333333332
2024-03-01,META,499.3448486328125,0.02452686347369772,0.007975936433387976,0.00020753968253968256
2024-03-04,META,495.2590637207031,-0.00821594977558205,-0.0011939745749630112,0.00020793650793650794
2024-03-05,META,487.3359069824219,-0.016127354001635518,-0.010245406275917994,0.00020753968253968256
2024-03-06,META,493.1714172363281,0.011903183199827083,0.005127932853001643,0.00020793650793650794
2024-03-07,META,509.17669677734375,0.03193828534214551,0.010251402284983627,0.00020793650793650794
2024-03-08,META,502.973388671875,-0.01225783778001487,-0.006549922992050337,0.00020793650793650794
2024-03-11,META,480.7449340820313,-0.045200416592815054,-0.0011228682680281005,0.00020793650793650794
2024-03-12,META,496.8099060058594,0.0328706231633054,0.011139512586668012,0.00020833333333333332
2024-03-13,META,492.6544494628906,-0.008399455626451582,-0.0019263840021219723,0.00020833333333333332
2024-03-14,META,488.9364929199219,-0.0075754047078889705,-0.002875221051495188,0.00020833333333333332
2024-03-15,META,481.2519226074219,-0.015841729089034598,-0.0065040228597376655,0.00020833333333333332
2024-03-18,META,494.05615234375,0.02625829881774544,0.006298184238480456,0.00020833333333333332
2024-03-19,META,493.3205261230469,-0.0014900622484900952,0.00563325304434312,0.00020793650793650794
2024-03-20,META,502.5459289550781,0.018527919470372262,0.008864765516360184,0.00020793650793650794
2024-03-21,META,504.7727355957031,0.00442126279672212,0.003231309094528888,0.00020833333333333332
2024-03-22,META,506.58203125,0.0035779681745796875,-0.0014031718343267125,0.00020793650793650794
2024-03-25,META,500.0606384277344,-0.01295689970913522,-0.0030596403820319297,0.00020753968253968256
2024-03-26,META,492.97259521484375,-0.014275783226091611,-0.002803721982805726,0.00020714285714285713
2024-03-27,META,490.95452880859375,-0.00410207054324856,0.008593595582706042,0.00020714285714285713
2024-03-28,META,482.7232055664063,-0.016908098133082642,0.0011158627007616052,0.00020753968253968256
2024-04-01,META,488.4592590332031,0.011812651846319609,-0.0020156145269577246,0.00020753968253968256
2024-04-02,META,494.44384765625,0.012177522967864708,-0.007265388203672426,0.00020714285714285713
2024-04-03,META,503.7586975097656,0.018663787803937414,0.001090527523337898,0.00020714285714285713
2024-04-04,META,507.9141845703125,0.008215126657426571,-0.01241103561926225,0.00020674603174603175
2024-04-05,META,524.237548828125,0.03163241375557322,0.011038050135699558,0.00020753968253968256
2024-04-08,META,516.1951293945312,-0.015460067313631283,-0.0003747011900415767,0.00020753968253968256
2024-04-09,META,513.8589477539062,-0.004536044656617671,0.0014444494736345207,0.00020753968253968256
2024-04-10,META,516.771728515625,0.00565243900473187,-0.009501981832212592,0.00020833333333333332
2024-04-11,META,520.0821533203125,0.006385540163865091,0.007417221983342437,0.00020833333333333332
2024-04-12,META,508.8883666992188,-0.02175811261668549,-0.014657587802248536,0.00020833333333333332
2024-04-15,META,497.28704833984375,-0.023061252210719377,-0.012094195787459195,0.00020833333333333332
2024-04-16,META,496.8197937011719,-0.0009400492046140212,-0.0020586245275039964,0.00020833333333333332
2024-04-17,META,491.2626953125,-0.011248366494377425,-0.005797375076004185,0.00020833333333333332
2024-04-18,META,498.8478393554688,0.015322112374329004,-0.0022106017004853043,0.00020833333333333332
2024-04-19,META,478.2397766113281,-0.04218888666946574,-0.008797129654056974,0.00020833333333333332
2024-04-22,META,478.8958740234375,0.0013709603532942496,0.00869335115683908,0.00020714285714285713
2024-04-23,META,493.1813354492188,0.02939373501414145,0.01189356656772209,0.00020833333333333332
2024-04-24,META,490.5966796875,-0.005254562856462736,0.00021298737793290078,0.00020873015873015873
2024-04-25,META,438.7832336425781,-0.11161684583531642,-0.0045869342701194095,0.00020873015873015873
2024-04-26,META,440.6820373535156,0.00431809355973703,0.010157381332325343,0.00020833333333333332
2024-04-29,META,430.0747680664063,-0.024364538868556187,0.0031734080766393944,0.00020833333333333332
2024-04-30,META,427.6392517089844,-0.005679102468102193,-0.015855551118928123,0.00020833333333333332
2024-05-01,META,436.6061401367188,0.02075153721738895,-0.0034413534856316866,0.00020873015873015873
2024-05-02,META,439.08148193359375,0.00565349635546164,0.009087024725084856,0.00020833333333333332
2024-05-03,META,449.3009948730469,0.023008026445764104,0.012478557659508005,0.00020833333333333332
2024-05-06,META,462.9403381347656,0.029905156115916716,0.010273173691247842,0.00020833333333333332
2024-05-07,META,465.48529052734375,0.005482310458064388,0.0013425282288256131,0.00020833333333333332
2024-05-08,META,469.819580078125,0.009268251911055663,-5.835635193424912e-06,0.00020833333333333332
2024-05-09,META,472.623046875,0.0059493808658115715,0.005078032639106711,0.00020833333333333332
2024-05-10,META,473.3984069824219,0.0016392023201489859,0.001648040080166728,0.00020873015873015873
2024-05-13,META,465.2566223144531,-0.01734820271318667,-0.00024133317386520824,0.00020833333333333332
2024-05-14,META,469.0740661621094,0.008171550259357532,0.004826148527454041,0.00020793650793650794
2024-05-15,META,478.7070007324219,0.020328041194421363,0.01164782778729962,0.00020833333333333332
2024-05-16,META,470.4458923339844,-0.017407768699133606,-0.0020838374740880464,0.00020833333333333332
2024-05-17,META,469.1336669921875,-0.002793219971519065,0.0011640956878937513,0.00020833333333333332
2024-05-20,META,466.0817260742188,-0.006526735497597105,0.0009159703084911664,0.00020833333333333332
2024-05-21,META,461.896484375,-0.00902019040820053,0.0024987497668926086,0.00020833333333333332
2024-05-22,META,465.0279235839844,0.006756648320409443,-0.0027097912093521476,0.00020833333333333332
2024-05-23,META,463.0396728515625,-0.0042847175828202395,-0.007408162283471933,0.00020873015873015873
2024-05-24,META,475.4065246582031,0.026357542477107143,0.0069766490766732595,0.00020873015873015873
2024-05-28,META,477.0965881347656,0.003548681841484588,0.00024877090688591537,0.00020873015873015873
2024-05-29,META,471.5692443847656,-0.01165301017092148,-0.007394317215742535,0.00020873015873015873
2024-05-30,META,464.30224609375,-0.015530218461769711,-0.005992957535754186,0.00020873015873015873
2024-05-31,META,464.0835266113281,-0.00047118233152393044,0.007995824231928897,0.00020833333333333332
2024-06-03,META,474.6808166503906,0.02257806294427389,0.0011154602235352391,0.00020873015873015873
2024-06-04,META,474.1837463378906,-0.0010477161385487024,0.0015016810037827531,0.00020833333333333332
2024-06-05,META,492.1474609375,0.03718349185876538,0.011778015849957281,0.00020833333333333332
2024-06-06,META,490.8551025390625,-0.002629411541836889,-0.00019983660163685183,0.00020833333333333332
2024-06-07,META,490.059814453125,-0.0016215234296423416,-0.0011158420502790662,0.00020873015873015873
2024-06-10,META,499.6431274414063,0.019366644500493697,0.002577529978240972,0.00020833333333333332
2024-06-11,META,504.4844665527344,0.009642951065503442,0.0027067148552095224,0.00020833333333333332
2024-06-12,META,505.8464050292969,0.0026960263015102506,0.008467720241887338,0.00020833333333333332
2024-06-13,META,501.13427734375,-0.00935899201022317,0.00234191143711672,0.00020833333333333332
2024-06-14,META,501.6915588378906,0.0011114224053663043,-0.00039393828099749413,0.00020833333333333332
2024-06-17,META,504.1494445800781,0.0048872349130000894,0.007635164372320518,0.00020833333333333332
2024-06-18,META,497.0444030761719,-0.014193376831419793,0.0025181541815171163,0.00020793650793650794
2024-06-20,META,499.24359130859375,0.004414771264336377,-0.0025291273954115403,0.00020793650793650794
2024-06-21,META,492.3574523925781,-0.013889153624865314,-0.0015633517188252497,0.00020753968253968256
2024-06-24,META,496.4672546386719,0.008312546969991081,-0.0030698791558664423,0.00020793650793650794
2024-06-25,META,508.10003662109375,0.023160821753371943,0.003925873679181344,0.00020753968253968256
2024-06-26,META,510.607666015625,0.0049231677603782,0.0015711962247204525,0.00020793650793650794
2024-06-27,META,517.0161743164062,0.012472640529117226,0.0009069098567990731,0.00020753968253968256
2024-06-28,META,501.7512512207031,-0.029969677577010807,-0.0040920134623695995,0.00020714285714285713
2024-07-01,META,502.208984375,0.0009118552105633904,0.0026719909814295235,0.00020793650793650794
2024-07-02,META,507.00537109375,0.0095052608110316,0.0061762057711850496,0.00020793650793650794
2024-07-03,META,507.4631652832031,0.0009025301507391691,0.0050715622695336636,0.00020793650793650794
2024-07-05,META,537.2665405273438,0.05707019488346196,0.00543397436096954,0.00020753968253968256
2024-07-08,META,526.7283935546875,-0.019809289005431958,0.0010161824764044329,0.00020753968253968256
2024-07-09,META,527.4050903320312,0.0012838921837546378,0.0007407974780654752,0.00020753968253968256
2024-07-10,META,532.072021484375,0.0088099332879329,0.010156314878105886,0.00020753968253968256
2024-07-11,META,510.1897277832031,-0.0419961871097656,-0.008801649969266724,0.00020674603174603175
2024-07-12,META,496.4273986816406,-0.02734542522616307,0.00550186402496512,0.00020674603174603175
2024-07-15,META,493.7306823730469,-0.005447055430667849,0.0028222164233526843,0.00020634920634920637
2024-07-16,META,487.3919677734375,-0.012921529829528922,0.0063690499714532745,0.00020634920634920637
2024-07-17,META,459.7279968261719,-0.058433657970429036,-0.014025441523645543,0.00020634920634920637
2024-07-18,META,473.5201416015625,0.02955944608047925,-0.007847112145350072,0.00020674603174603175
2024-07-19,META,474.45556640625,0.001973521263028929,-0.007165879226406085,0.00020634920634920637
2024-07-22,META,485.01361083984375,0.02200898344526192,0.010734217246220293,0.00020595238095238096
2024-07-23,META,486.2972717285156,0.0026431529987795796,-0.0015593176939461904,0.00020555555555555556
2024-07-24,META,459.0115051269531,-0.057744831747323665,-0.02342124222289286,0.00020555555555555556
2024-07-25,META,451.1900024414063,-0.01718673315375647,-0.005155889019717259,0.00020515873015873015
2024-07-26,META,463.41986083984375,0.026744927806351522,0.011029420409570924,0.00020476190476190477
2024-07-29,META,463.4298095703125,2.1467840550059358e-05,0.0008129795718284517,0.0002043650793650794
2024-07-30,META,460.9221496582031,-0.005425781898355713,-0.0049725143613676215,0.00020396825396825393
2024-07-31,META,472.5051574707031,0.024819506178877397,0.015669980701917767,0.0002043650793650794
2024-08-01,META,495.3029174804688,0.04712086775074645,-0.013788123791990166,0.00020317460317460318
2024-08-02,META,485.75,-0.01947544164933464,-0.01855290660855327,0.0002003968253968254
2024-08-05,META,473.4007568359375,-0.02575179245495254,-0.0304270413923931,0.00020198412698412699
2024-08-06,META,491.67083740234375,0.037867167119459005,0.010300849493599515,0.00020198412698412699
2024-08-07,META,486.5261535644531,-0.010518804129524089,-0.007764715388769489,0.00020198412698412699
2024-08-08,META,507.134765625,0.04148611938869858,0.02278113959089888,0.00020198412698412699
2024-08-09,META,515.2349853515625,0.015846300653464283,0.004660798434381699,0.00020198412698412699
2024-08-12,META,513.423828125,-0.003521399076935936,4.30330517200971e-05,0.0002011904761904762
2024-08-13,META,525.9521484375,0.024108556289416362,0.016707233419049988,0.0002007936507936508
2024-08-14,META,524.1809692382812,-0.003373250207806392,0.00381643656119841,0.0002011904761904762
2024-08-15,META,534.6990966796875,0.01986716671738297,0.01600448993130413,0.00020198412698412699
2024-08-16,META,524.8375854492188,-0.01861529887623561,0.0019878023683961516,0.00020158730158730158
2024-08-19,META,526.6885375976562,0.003520509894318879,0.009675327436177775,0.0002007936507936508
2024-08-20,META,524.1510009765625,-0.004829550964134909,-0.001986527237609709,0.0002
2024-08-21,META,532.5397338867188,0.015877699816764512,0.004230714721006796,0.0001992063492063492
2024-08-22,META,529.3256225585938,-0.006053726349389854,-0.00897294225665722,0.0002
2024-08-23,META,525.4148559570312,-0.00741563370861963,0.01141793740166443,0.0001988095238095238
2024-08-26,META,518.5685424804688,-0.013115939646019741,-0.0031587101696058145,0.00019761904761904763
2024-08-27,META,516.558349609375,-0.0038839593743683694,0.0015939251127232035,0.00019761904761904763
2024-08-28,META,514.2498168945312,-0.004479080879201638,-0.005993900794735212,0.00019682539682539682
2024-08-29,META,515.6827392578125,0.0027825575165481057,-3.937984343658622e-05,0.00019761904761904763
2024-08-30,META,518.7576293945312,0.005945048716910305,0.010042457079144168,0.00019761904761904763
2024-09-03,META,509.2543029785156,-0.018489273993391293,-0.021377963372397696,0.0001972222222222222
2024-09-04,META,510.2295227050781,0.001913164288539081,-0.0016038290273809634,0.00019682539682539682
2024-09-05,META,514.3294067382812,0.0080032603283868,-0.003022581014674196,0.00019603174603174606
2024-09-06,META,497.8205871582031,-0.032624183964457855,-0.017410944507424406,0.00019563492063492062
2024-09-09,META,502.3184814453125,0.008994598356610917,0.011513534435818254,0.00019404761904761905
2024-09-10,META,502.3184814453125,0.0,0.004462699977793541,0.00019246031746031743
2024-09-11,META,509.323974609375,0.013849962712499189,0.01060855564984334,0.00019404761904761905
2024-09-12,META,523.0265502929688,0.026547921723419618,0.00746735215680267,0.00019246031746031743
2024-09-13,META,522.0513305664062,-0.0018663106884005288,0.0053931422343560355,0.0001896825396825397
2024-09-16,META,531.1752319335938,0.017326052977603562,0.0012558408673102855,0.0001884920634920635
2024-09-17,META,534.2032470703125,0.005684408592723497,0.00026451509389645083,0.0001884920634920635
2024-09-18,META,535.8268432617188,0.0030346762246885525,-0.0029006587083132912,0.00018452380952380955
2024-09-19,META,556.893310546875,0.03856262331521978,0.016834356892725128,0.00018293650793650796
2024-09-20,META,559.1344604492188,0.004016303130074689,-0.0019429136300157343,0.00018095238095238093
2024-09-23,META,562.1822509765625,0.005436105610099952,0.0028053344257131223,0.00017976190476190476
2024-09-24,META,561.1066284179688,-0.0019151313737408209,0.002508031103345345,0.00017857142857142857
2024-09-25,META,566.06689453125,0.008801303494063212,-0.001862983206212128,0.00017896825396825398
2024-09-26,META,565.5988159179688,-0.0008272383543166906,0.004030542158199222,0.00017857142857142857
2024-09-27,META,565.1207275390625,-0.0008456357019082797,-0.0012540029000721238,0.00017857142857142857
2024-09-30,META,570.1806640625,0.008913879723708074,0.004227603658441509,0.00017936507936507936
2024-10-01,META,574.1947631835938,0.0070153823448678475,-0.009367848694454447,0.00017857142857142857
2024-10-02,META,570.5492553710938,-0.006369144676964011,0.00013838132698647728,0.0001777777777777778
2024-10-03,META,580.469970703125,0.017238566972342495,-0.0016828286544586894,0.0001777777777777778
2024-10-04,META,593.587890625,0.022347222009600227,0.008930255699186382,0.00017976190476190476
2024-10-07,META,582.471923828125,-0.018904306913061265,-0.009632263829388773,0.00018055555555555555
2024-10-08,META,590.5498657226562,0.013773093839543298,0.009642706804694385,0.00017976190476190476
2024-10-09,META,588.1793212890625,-0.004022209097111434,0.007088231016994585,0.00018015873015873017
2024-10-10,META,581.5256958007812,-0.011376709778184666,-0.0020722685059824846,0.00018015873015873017
2024-10-11,META,587.6215209960938,0.010427909071884685,0.00603360870729872,0.00017976190476190476
2024-10-14,META,588.089599609375,0.0007962477003208303,0.007678114574594323,0.00017976190476190476
2024-10-15,META,583.9561157226562,-0.007053480883750996,-0.0076385660375134215,0.00017936507936507936
2024-10-16,META,574.5134887695312,-0.016302259534783817,0.004668232782779766,0.00017896825396825398
2024-10-17,META,574.6529541015625,0.00024272433916108503,-0.00017117512853816633,0.00018015873015873017
2024-10-18,META,574.1947631835938,-0.0007976530489961775,0.003963686942774387,0.00017976190476190476
2024-10-21,META,572.8899536132812,-0.0022750022103409594,-0.001824432756419033,0.00017896825396825398
2024-10-22,META,579.712890625,0.011839319576450819,-0.0004749666671957937,0.00017896825396825398
2024-10-23,META,561.4651489257812,-0.031983260371558485,-0.009233824267679564,0.00017936507936507936
2024-10-24,META,565.5390625,0.0072296647652748715,0.0021434731305568283,0.00017857142857142857
2024-10-25,META,570.9874267578125,0.009587820515539719,-0.00029949201318627087,0.00017936507936507936
2024-10-28,META,575.8780517578125,0.008528732857737982,0.002647934626732945,0.0001781746031746032
2024-10-29,META,590.9384155273438,0.025815885548341518,0.0016128259449012198,0.0001781746031746032
2024-10-30,META,589.4642333984375,-0.0024977627704874036,-0.0033056916724881185,0.00017738095238095238
2024-10-31,META,565.3399047851562,-0.04178689371404351,-0.018790134928745348,0.0001761904761904762
2024-11-01,META,564.9214477539062,-0.0007404606897852582,0.004084158004525459,0.000175
2024-11-04,META,558.467041015625,-0.011491087589696313,-0.0028160448131902913,0.0001761904761904762
2024-11-05,META,570.1707153320312,0.020740213202714772,0.012191031029563081,0.00017579365079365078
2024-11-06,META,569.7921752929688,-0.0006641269748147197,0.024981280957186654,0.0001761904761904762
2024-11-07,META,589.3646240234375,0.03377335858743433,0.007403754173995657,0.00017579365079365078
2024-11-08,META,587.0139770507812,-0.003996417648354847,0.0037497940357180464,0.00017579365079365078
2024-11-11,META,580.8682250976562,-0.010524706467557822,0.0009685941909569238,0.00017579365079365078
2024-11-12,META,582.5118408203125,0.0028255887553049704,-0.0028968514769364996,0.00017579365079365078
2024-11-13,META,577.7107543945312,-0.008276194326691603,0.00023220076414018386,0.00017460317460317462
2024-11-14,META,574.882080078125,-0.004908376854124355,-0.006068108582244,0.000175
2024-11-15,META,551.89306640625,-0.04081063440859042,-0.013291430866793769,0.000175
2024-11-18,META,552.2118530273438,0.0005774571317294446,0.003910159746206537,0.00017539682539682538
2024-11-19,META,558.87548828125,0.011994943875643933,0.003955750520596487,0.000175
2024-11-20,META,563.2879638671875,0.007864270252082159,2.19506213354446e-05,0.00017539682539682538
2024-11-21,META,560.8675537109375,-0.004306190484494396,0.005326251844288491,0.00017579365079365078
2024-11-22,META,556.9332275390625,-0.0070394340110246315,0.0034619595915364653,0.00017579365079365078
2024-11-25,META,562.8795776367188,0.010620357191464553,0.0030159278201245415,0.00017539682539682538
2024-11-26,META,571.2763061523438,0.01480728011764723,0.005705697155263866,0.00017460317460317462
2024-11-27,META,566.953369140625,-0.007595932334228556,-0.003808481083577712,0.00017460317460317462
2024-11-29,META,572.0532836914062,0.008955081376766726,0.005592120396801623,0.00017420634920634919
2024-12-02,META,590.4901733398438,0.031720853897557626,0.0024454638805813736,0.0001738095238095238
2024-12-03,META,611.22802734375,0.034517098811570376,0.0004513472420221813,0.00017301587301587302
2024-12-04,META,611.357421875,0.00021167360010024936,0.00603318162813612,0.00017261904761904762
2024-12-05,META,606.526611328125,-0.00793316235496998,-0.0018715258393823342,0.00017222222222222224
2024-12-06,META,621.30810546875,0.02407849866455444,0.0024923453675383123,0.00017103174603174602
2024-12-09,META,611.1483154296875,-0.01648743114148721,-0.006163167285227462,0.0001706349206349206
2024-12-10,META,616.8756713867188,0.009327826729404024,-0.002968284314279252,0.00017023809523809523
2024-12-11,META,630.1829223632812,0.021342631644223623,0.008132626411368235,0.00016904761904761904
2024-12-12,META,628.3004150390625,-0.0029917102155563933,-0.005428731461463251,0.00016785714285714288
2024-12-13,META,617.901611328125,-0.016689180170786203,-2.646698937187397e-05,0.00016785714285714288
2024-12-16,META,622.2777709960938,0.007057330404850181,0.0037921550087844295,0.00016865079365079366
2024-12-17,META,617.4928588867188,-0.007719066338071569,-0.0038714794806554956,0.00016904761904761904
2024-12-18,META,595.312744140625,-0.036580616019318016,-0.02993650530451818,0.00016865079365079366
2024-12-19,META,593.6978759765625,-0.002716324193696606,-0.0008654867505367934,0.00016785714285714288
2024-12-20,META,583.4102783203125,-0.017479888423703148,0.010810479402397299,0.00016785714285714288
2024-12-23,META,597.9644165039062,0.024640572763494902,0.007260849585616372,0.00016825396825396826
2024-12-24,META,605.8395385742188,0.013083915169386567,0.010982233165126825,0.00016984126984126986
2024-12-26,META,601.453369140625,-0.007266155054172068,-0.0004057410882578191,0.00016825396825396826
2024-12-27,META,597.924560546875,-0.00588441506029862,-0.01111730496491221,0.0001662698412698413
2024-12-30,META,589.3814086914062,-0.01439106602484842,-0.010759673941729728,0.00016785714285714288
2024-12-31,META,583.6694946289062,-0.009738638263580228,-0.0042940064589823065,0.00016785714285714288
2025-01-02,META,597.3563232421875,0.023178902924159337,-0.002226363149448992,0.00016746031746031745
2025-01-03,META,602.7293701171875,0.008954498511155777,0.01251735670782609,0.0001666666666666667
2025-01-06,META,628.218994140625,0.041420532257145946,0.005522766496818171,0.00016706349206349207
2025-01-07,META,615.9476928710938,-0.01972677670726171,-0.011166021516637011,0.00016706349206349207
2025-01-08,META,608.8002319335938,-0.011671858241949365,0.0015591440938312422,0.00016706349206349207
2025-01-10,META,613.9240112304688,0.008380972761396946,-0.015531637650233373,0.00016746031746031745
2025-01-13,META,606.4177856445312,-0.01230199649046464,0.0015742043780551176,0.00016785714285714288
2025-01-14,META,592.3820190429688,-0.023417434583425056,0.001145623334164268,0.00016746031746031745
2025-01-15,META,615.1801147460938,0.03776336523109619,0.018147132504516373,0.00016706349206349207
2025-01-16,META,609.37841796875,-0.009475643723718855,-0.0021149243408667613,0.00016706349206349207
2025-01-17,META,610.8438110351562,0.002401847361975028,0.009941478308394033,0.0001666666666666667
2025-01-21,META,614.522216796875,0.006003784546504783,0.00873000944059605,0.00016746031746031745
2025-01-22,META,621.5401000976562,0.011355347726643417,0.006119181086994129,0.00016746031746031745
2025-01-23,META,634.4493408203125,0.02055701251837002,0.005299419459529372,0.00016746031746031745
2025-01-24,META,645.4546508789062,0.01719751070030615,-0.002859215984467759,0.00016706349206349207
2025-01-27,META,657.8057250976562,0.018954683554269842,-0.014688059032112328,0.0001666666666666667
2025-01-28,META,672.2103271484375,0.021661641262212452,0.009175644177716802,0.0001666666666666667
2025-01-29,META,674.363525390625,0.0031980423105282844,-0.004689876056919602,0.0001666666666666667
2025-01-30,META,684.8405151367188,0.015416665844887075,0.005261548152180238,0.0001662698412698413
2025-01-31,META,687.0136108398438,0.0031681174836071936,-0.005059603990267195,0.0001666666666666667
2025-02-03,META,695.2676391601562,0.01194275973250329,-0.007637690729495203,0.00016746031746031745
2025-02-04,META,701.9764404296875,0.009602979068621604,0.007198907403029113,0.00016746031746031745
2025-02-05,META,702.6543579101562,0.0009652608128858804,0.003901053915613614,0.00016746031746031745
2025-02-06,META,709.7518920898438,0.010050357569425869,0.003637674355266266,0.00016746031746031745
2025-02-07,META,712.27392578125,0.003547103440810569,-0.0095098456936602,0.00016825396825396826
2025-02-10,META,715.1448974609375,0.004022611309731142,0.006690112295455172,0.00016785714285714288
2025-02-11,META,717.537353515625,0.003339830973599445,0.00033952514367385523,0.00016785714285714288
2025-02-12,META,723.099853515625,0.00772231567495464,-0.0027275831896475754,0.00016785714285714288
2025-02-13,META,726.2698364257812,0.004374298685588846,0.010372313214235747,0.00016746031746031745
2025-02-14,META,734.3543090820312,0.011070000780417685,-7.19463955744955e-05,0.00016746031746031745
2025-02-18,META,714.1181640625,-0.027943177536078088,0.002442003655551809,0.00016785714285714288
2025-02-19,META,701.5578002929688,-0.01774515309852331,0.0023741488668242434,0.00016746031746031745
2025-02-20,META,692.6558227539062,-0.0127700638774384,-0.004343604884290259,0.00016706349206349207
2025-02-21,META,681.4013061523438,-0.01638180546573282,-0.017211396672539132,0.00016706349206349207
2025-02-24,META,666.02978515625,-0.02281703009360917,-0.004981493566252351,0.0001662698412698413
2025-02-25,META,655.4332885742188,-0.016037865789149876,-0.004690715138395557,0.0001662698412698413
2025-02-26,META,671.5823364257812,0.024340097913580834,0.00013601502958346571,0.0001666666666666667
2025-02-27,META,656.1708374023438,-0.023215446212266514,-0.015991742678524653,0.0001666666666666667
2025-02-28,META,666.0995483398438,0.015017953442946702,0.015729780420663385,0.0001666666666666667
2025-03-03,META,652.9908447265625,-0.019876022501024285,-0.017753402648308866,0.00016706349206349207
2025-03-04,META,637.9882202148438,-0.023243289290050866,-0.012310288231505477,0.0001666666666666667
2025-03-05,META,654.406494140625,0.025408889487082476,0.011097472528735688,0.00016706349206349207
2025-03-06,META,625.9561767578125,-0.04444834557791182,-0.017979677107455568,0.0001666666666666667
2025-03-07,META,623.6932373046875,-0.0036217228627763356,0.005505435045454467,0.0001666666666666667
2025-03-10,META,596.1102905273438,-0.04523293944177194,-0.027343541788428148,0.0001662698412698413
2025-03-11,META,603.8060302734375,0.012827303260447271,-0.007596646918536578,0.0001666666666666667
2025-03-12,META,617.6124267578125,0.02260811512751443,0.004874967940490777,0.00016706349206349207
2025-03-13,META,588.7833862304688,-0.047802768857778496,-0.013988366806464148,0.0001666666666666667
2025-03-14,META,606.2288818359375,0.02919925686387743,0.02104290595319694,0.0001666666666666667
2025-03-17,META,603.5349731445312,-0.004453618171937925,0.0063956349746060355,0.0001666666666666667
2025-03-18,META,581.0458374023438,-0.03797434166810025,-0.010710667074319702,0.0001666666666666667
2025-03-19,META,582.7420654296875,0.0029150143670169993,0.010740608172953766,0.0001666666666666667
2025-03-20,META,584.6776123046875,0.003315943161551196,-0.002187283513782985,0.0001662698412698413
2025-03-21,META,594.904541015625,0.017340352158207725,0.0008243136078323211,0.0001662698412698413
2025-03-24,META,617.4534912109375,0.03720279038191593,0.01749211712863917,0.0001662698412698413
2025-03-25,META,624.896728515625,0.011982653920123916,0.0015730954906538206,0.0001662698412698413
2025-03-26,META,609.6012573242188,-0.02478133479865976,-0.011219640357598032,0.0001666666666666667
2025-03-27,META,601.2202758789062,-0.013843683919766816,-0.0033124610071321114,0.0001666666666666667
2025-03-28,META,575.4385986328125,-0.04382885273093078,-0.019934601126853548,0.0001666666666666667
2025-03-31,META,575.0594482421875,-0.0006591065589042802,0.005523240357645722,0.00016706349206349207
2025-04-01,META,584.6776123046875,0.016587181548014158,0.0037741045552120668,0.0001666666666666667
2025-04-02,META,582.6123046875,-0.0035386406449110586,0.006705661429484109,0.00016706349206349207
2025-04-03,META,530.4203491210938,-0.09385216085490629,-0.04960591182899663,0.0001666666666666667
2025-04-04,META,503.5910949707031,-0.051905184477627944,-0.061609061898230934,0.00016547619047619047
2025-04-07,META,515.0850219726562,0.022567358975718124,-0.0023341946059635883,0.00016547619047619047
2025-04-08,META,509.2981567382813,-0.011298363568915849,-0.015825083277054855,0.0001662698412698413
2025-04-09,META,584.4481811523438,0.13763450730396135,0.09089487983303646,0.00016825396825396826
2025-04-10,META,545.0572509765625,-0.06977728517222685,-0.03522060702411168,0.00016746031746031745
2025-04-11,META,542.3433837890625,-0.004991486551293633,0.01793038083577807,0.00016785714285714288
2025-04-14,META,530.2807006835938,-0.022492859982025857,0.007913319326342991,0.00016746031746031745
2025-04-15,META,520.3432006835938,-0.018917895091228657,-0.001729275225300909,0.00016746031746031745
2025-04-16,META,501.176513671875,-0.037530233452843495,-0.022663253964902527,0.00016706349206349207
2025-04-17,META,500.3484191894531,-0.0016536676101834111,0.0013259586237727749,0.00016785714285714288
2025-04-21,META,483.56634521484375,-0.034116169997263614,-0.02384964833401801,0.00016746031746031745
2025-04-22,META,499.1510925292969,0.03172031643485431,0.02480695212545062,0.00016746031746031745
2025-04-23,META,519.0960693359375,0.03918013017009209,0.016523864366879457,0.00016746031746031745
2025-04-24,META,531.9469604492188,0.024454815238054185,0.020056628082583162,0.00016706349206349207
2025-04-25,META,546.0350952148438,0.02613946466178965,0.0073460847957005125,0.00016706349206349207
2025-04-28,META,548.49951171875,0.00450313887345329,0.0006405015390019333,0.0001666666666666667
2025-04-29,META,553.1889038085938,0.008513151895225751,0.005785641545556399,0.0001666666666666667
2025-04-30,META,547.7611694335938,-0.009860171649726598,0.0014788972519335208,0.0001666666666666667
2025-05-01,META,570.9188232421875,0.04140766385039266,0.006279345716451974,0.0001666666666666667
2025-05-02,META,595.6727905273438,0.04244447352347884,0.014619191109112719,0.00016746031746031745
2025-05-05,META,597.917724609375,0.003761653097471637,-0.006402047029318447,0.00016746031746031745
2025-05-06,META,585.9847412109375,-0.02015940987097963,-0.007722985278391797,0.00016746031746031745
2025-05-07,META,595.4632568359375,0.016045935175913826,0.004336938106710132,0.00016746031746031745
2025-05-08,META,596.6605834960938,0.0020087293320518217,0.005783021147465641,0.00016785714285714288
2025-05-09,META,591.153076171875,-0.009273418853377097,-0.0007117341348763632,0.00016746031746031745
2025-05-12,META,637.9871215820312,0.07624310152955782,0.03203997667702081,0.00017103174603174602
2025-05-13,META,654.5496826171875,0.025629394205993573,0.007222059020245977,0.00017023809523809523
2025-05-14,META,657.8721313476562,0.005063091443109469,0.001023891242276054,0.00017023809523809523
2025-05-15,META,642.4271240234375,-0.023757198490314334,0.004123817438757677,0.00016944444444444442
2025-05-16,META,638.8950805664062,-0.0055131369621969845,0.006980849368100189,0.00016865079365079366
2025-05-19,META,638.98486328125,0.00014051823165986196,0.0008757295660482738,0.00016984126984126986
2025-05-20,META,635.662353515625,-0.005213234292151286,-0.0038877770695725784,0.00016904761904761904
2025-05-21,META,634.06591796875,-0.002514611076955608,-0.016266719267758897,0.00016825396825396826
2025-05-22,META,635.133544921875,0.0016823631527643542,-0.0004449700224211693,0.00016865079365079366
2025-05-23,META,625.6449584960938,-0.01505223249217012,-0.006730899591473139,0.00016825396825396826
2025-05-27,META,640.8705444335938,0.024044426509613925,0.02025258080218437,0.00016825396825396826
2025-05-28,META,642.1277465820312,0.001959788348319157,-0.005586802576444734,0.00016825396825396826
2025-05-29,META,643.5944213867188,0.002281481143307836,0.0040031708706317415,0.00016865079365079366
2025-05-30,META,646.0288696289062,0.00377544535813383,-8.118845699520562e-05,0.00016865079365079366
2025-06-02,META,669.3861083984375,0.0355168436319838,0.004093651490626028,0.00016865079365079366
2025-06-03,META,665.34521484375,-0.006055010218617408,0.005783533535368979,0.00016825396825396826
2025-06-04,META,686.3976440429688,0.031151089804093944,7.368474471916267e-05,0.00016865079365079366
2025-06-05,META,683.0750732421875,-0.004852345399909838,-0.005291357978698112,0.00016865079365079366
2025-06-06,META,696.1356201171875,0.018939727412951534,0.010228196215376713,0.00016865079365079366
2025-06-09,META,692.4938354492188,-0.005245161699084352,0.0009195251863913659,0.00016865079365079366
2025-06-10,META,700.8150024414062,0.011944610842886227,0.005468012541646841,0.00016904761904761904
2025-06-11,META,692.5736694335938,-0.011829332729462804,-0.002747660318287345,0.00016904761904761904
2025-06-12,META,691.79541015625,-0.0011243524155593876,0.0038151330716763875,0.00016944444444444442
2025-06-13,META,681.3291015625,-0.015244810219097274,-0.01136066859010289,0.00016904761904761904
2025-06-16,META,701.0746459960938,0.02856891475903526,0.0093488231481891,0.00016825396825396826
2025-06-17,META,696.19189453125,-0.006989033514628445,-0.008387259723643134,0.00016785714285714288
2025-06-18,META,694.734130859375,-0.0020961060171532544,-0.00030928803472058796,0.00016785714285714288
2025-06-20,META,681.3340454101562,-0.01947651907202939,-0.002181035215587759,0.00016706349206349207
2025-06-23,META,697.4900512695312,0.023435542403461164,0.009560655071259439,0.0001662698412698413
2025-06-24,META,711.1396484375,0.019380571640627772,0.011060328616958607,0.0001662698412698413
2025-06-25,META,707.6248779296875,-0.004954701971823371,-3.286108349665331e-06,0.0001662698412698413
2025-06-26,META,725.0089721679688,0.024269910332451704,0.007988131032516797,0.00016706349206349207
2025-06-27,META,732.5377197265625,0.010330803890483393,0.005205399256150098,0.0001666666666666667
2025-06-30,META,736.9911499023438,0.0060610497709407294,0.005151137506128882,0.00016825396825396826
2025-07-01,META,718.149169921875,-0.025898578822648264,-0.0011191571098791433,0.00016825396825396826
2025-07-02,META,712.507568359375,-0.007886770675809049,0.0047338743064907745,0.00016825396825396826
2025-07-03,META,717.9395141601562,0.007594789037721908,0.00830437821066394,0.00016904761904761904
2025-07-07,META,717.2804565429688,-0.0009184064839751064,-0.007893368104244017,0.00016904761904761904
2025-07-08,META,719.5969848632812,0.0032243951510164772,-0.0007161432504695748,0.00016904761904761904
2025-07-09,META,731.6890258789062,0.016664283612110375,0.00604380277677969,0.00016904761904761904
2025-07-10,META,726.1572265625,-0.007589038771079571,0.0027424410729257912,0.00016865079365079366
2025-07-11,META,716.4417724609375,-0.013469579553180918,-0.0033029717732258423,0.00016865079365079366
2025-07-14,META,719.8466186523438,0.00474118232876473,0.0014064243309367943,0.00016904761904761904
2025-07-15,META,709.3323974609375,-0.014713917242963767,-0.003964145065672561,0.00016865079365079366
2025-07-16,META,701.8634033203125,-0.010585439496127284,0.0031885685253844154,0.00016825396825396826
2025-07-17,META,700.3656616210938,-0.0021362305292931755,0.005359380240011013,0.00016825396825396826
2025-07-18,META,703.2314453125,0.004083490425377045,-9.049030280841674e-05,0.00016825396825396826
2025-07-21,META,711.908447265625,0.012263255019556364,0.001398157005673256,0.00016825396825396826
2025-07-22,META,703.7606201171875,-0.011511047750388552,0.0006373284966667569,0.00016825396825396826
2025-07-23,META,712.517578125,0.01236631279841163,0.007781532145702873,0.00016865079365079366
2025-07-24,META,713.7357788085938,0.0017082532691831901,0.0006979799969332514,0.00016865079365079366
2025-07-25,META,711.618896484375,-0.002970325796548989,0.003966451001680552,0.00016865079365079366
2025-07-28,META,716.5615844726562,0.006921685021939708,0.00017684247126657597,0.00016825396825396826
2025-07-29,META,698.957763671875,-0.024873878908983932,-0.002963830197466829,0.00016825396825396826
2025-07-30,META,694.1749267578125,-0.006866331883643209,-0.0012502139385094711,0.00016865079365079366
2025-07-31,META,772.2884521484375,0.10663413832399811,-0.003701662046374567,0.00016825396825396826
2025-08-01,META,748.8933715820312,-0.03076151057280808,-0.0161213871855698,0.0001662698412698413
2025-08-04,META,775.214111328125,0.03454265153428049,0.014629564491414495,0.00016507936507936506
2025-08-05,META,762.3233032226562,-0.016768515729797078,-0.004869703780462017,0.00016507936507936506
2025-08-06,META,770.8406372070312,0.011110907820456517,0.007255522219852605,0.00016428571428571428
2025-08-07,META,760.6957397460938,-0.01324819442056138,-0.0007977981718278668,0.00016428571428571428
2025-08-08,META,768.1546630859375,0.00975763555044512,0.0077694548163894745,0.00016428571428571428
2025-08-11,META,764.729736328125,-0.00446861153827057,-0.0025072683938851073,0.00016468253968253969
2025-08-12,META,788.8237915039062,0.031020478915654164,0.011281559075170764,0.00016428571428571428
2025-08-13,META,778.9186401367188,-0.012636365476370722,0.0032248733840464015,0.00016309523809523812
2025-08-14,META,780.9655151367188,0.0026243951102297453,0.00030304487855445177,0.0001634920634920635
2025-08-15,META,784.0609130859375,0.003955718484647959,-0.0029013399163647113,0.0001634920634920635
2025-08-18,META,766.2274780273438,-0.023007618236744878,-0.00010076825773579619,0.00016428571428571428
2025-08-19,META,750.3611450195312,-0.020924477031927798,-0.005875329112207127,0.0001634920634920635
2025-08-20,META,746.6067504882812,-0.005016009246873105,-0.002434630632264957,0.0001634920634920635
2025-08-21,META,737.9995727539062,-0.011595362403358254,-0.004012219728951123,0.00016428571428571428
2025-08-22,META,753.6661987304688,0.021006317054089254,0.015072285158779139,0.00016269841269841268
2025-08-25,META,752.1784057617188,-0.0019760252132578256,-0.004275512539646319,0.00016269841269841268
2025-08-26,META,752.9772338867188,0.0010614559437708004,0.00412547371011636,0.00016269841269841268
2025-08-27,META,746.2672729492188,-0.008951182691109881,0.0023881304533030262,0.00016190476190476192
2025-08-28,META,749.99169921875,0.004978327991224309,0.003151747441466755,0.00016190476190476192
2025-08-29,META,737.6002197265625,-0.01666016862450593,-0.006418740402792551,0.0001607142857142857
2025-09-02,META,734.0155029296875,-0.004871820587189913,-0.006946350061030363,0.0001607142857142857
2025-09-03,META,735.95263671875,0.002635614824792557,0.005087112302941308,0.00015992063492063492
2025-09-04,META,747.535400390625,0.015615898151703693,0.008311847102873571,0.0001591269841269841
2025-09-05,META,751.3297119140625,0.005062923404263567,-0.00317017266993674,0.00015555555555555556
2025-09-08,META,751.1798706054688,-0.00019945471341255598,0.0021037644508885675,0.00015674603174603175
2025-09-09,META,764.5599975585938,0.017655370548280116,0.0026845470300734414,0.00015674603174603175
2025-09-10,META,750.8604125976562,-0.01808073598781144,0.0029790282293981275,0.00015634920634920635
2025-09-11,META,749.7820434570312,-0.0014372102053956059,0.008450087623093565,0.00015634920634920635
2025-09-12,META,754.4650268554688,0.00622636881916469,-0.00048287788142832935,0.00015634920634920635
2025-09-15,META,763.5614624023438,0.011984697882414866,0.004695577726559718,0.00015515873015873016
2025-09-16,META,777.8401489257812,0.018527416688991365,-0.0012887604333313247,0.00015476190476190475
2025-09-17,META,774.5650634765625,-0.00421937556244976,-0.0009706390782443865,0.00015396825396825397
2025-09-18,META,779.0883178710938,0.005822749435214127,0.004777687836708263,0.00015436507936507937
2025-09-19,META,777.2210693359375,-0.0023995864144693915,0.004873523937481177,0.00015436507936507937
2025-09-22,META,764.5364379882812,-0.01645513967787314,0.004400350714762291,0.00015317460317460315
2025-09-23,META,754.784423828125,-0.012837509618783147,-0.005517351828739721,0.00015317460317460315
2025-09-24,META,760.0401000976562,0.0069390180511237015,-0.0028506771652953692,0.00015357142857142856
2025-09-25,META,748.2996826171875,-0.015567652227074263,-0.005021648742526333,0.00015436507936507937
2025-09-26,META,743.1439208984375,-0.006913814567383431,0.005884489130413512,0.00015357142857142856
2025-09-29,META,742.794189453125,-0.00047072142417497423,0.002632077259912619,0.00015317460317460315
2025-09-30,META,733.7815551757812,-0.012207631388299944,0.004082503613507919,0.00015317460317460315
2025-10-01,META,716.7554321289062,-0.023476691999647574,0.0033941541712235066,0.00015277777777777777
2025-10-02,META,726.45751953125,0.013445324960633886,0.0006181636213842448,0.00015317460317460315
2025-10-03,META,709.98095703125,-0.022941859935964155,6.55106568658717e-05,0.00015357142857142856
2025-10-06,META,715.0767822265625,0.0071517760648933245,0.003639959282762629,0.00015317460317460315
2025-10-07,META,712.4989013671875,-0.0036115544569888824,-0.003818687706853079,0.00015277777777777777
2025-10-08,META,717.2550659179688,0.006653147609519006,0.005810748494187323,0.00015277777777777777
2025-10-09,META,732.9122314453125,0.021594438087548625,-0.0027593739802789824,0.00015357142857142856
2025-10-10,META,704.7252197265625,-0.039217988314609,-0.027485975439899807,0.00015317460317460315
2025-10-13,META,715.1167602539062,0.01463786283297029,0.015478263036934031,0.00015317460317460315
2025-10-14,META,708.072509765625,-0.009899327043387486,-0.00156555149694257,0.00015277777777777777
2025-10-15,META,716.9652709960938,0.012480899507072638,0.004017918503427979,0.00015357142857142856
2025-10-16,META,711.48974609375,-0.007666397128163029,-0.006314280275141975,0.00015317460317460315
2025-10-17,META,716.3357543945312,0.006787982013837044,0.0052568739445263,0.00015238095238095237
2025-10-20,META,731.5733032226562,0.0210484371375758,0.010615724136144117,0.0001511904761904762
2025-10-21,META,732.6724853515625,0.0015013631508518518,3.269591641698797e-05,0.0001507936507936508
2025-10-22,META,732.8123168945312,0.00019083315388704214,-0.005351834774743029,0.0001507936507936508
2025-10-23,META,733.40185546875,0.0008041643807585911,0.0058104798620133855,0.0001507936507936508
2025-10-24,META,737.75830078125,0.005922479653611209,0.007871361975244856,0.00014960317460317458
2025-10-27,META,750.2081298828125,0.016734409300663694,0.012215141327379352,0.000148015873015873
2025-10-28,META,750.82763671875,0.0008254391865893537,0.0022853305022299255,0.000148015873015873
2025-10-29,META,751.0574340820312,0.0003060119173459616,-4.3579204733175357e-05,0.00014960317460317458
2025-10-30,META,665.9268798828125,-0.1203022510996158,-0.009954191424534511,0.00014920634920634917
2025-10-31,META,647.8216552734375,-0.027564439419363672,0.0026145009178832708,0.000148015873015873
2025-11-03,META,637.1903686523438,-0.01654697231557618,0.0017192339969181521,0.00015158730158730158
2025-11-04,META,626.8087768554688,-0.016426949787369673,-0.011806250392326717,0.0001507936507936508
2025-11-05,META,635.4317626953125,0.0136631960648558,0.0036468976756877185,0.0001507936507936508
2025-11-06,META,618.4356079101562,-0.027111632765790015,-0.011241134514722728,0.00014960317460317458
2025-11-07,META,621.203369140625,0.004465438536276326,0.0012610463474931072,0.00014960317460317458
2025-11-10,META,631.2451782226562,0.016035827240922708,0.015283626703501816,0.00015039682539682542
2025-11-11,META,626.5690307617188,-0.007435389059722185,0.0020731999523923177,0.00015039682539682542
2025-11-12,META,608.5137329101562,-0.029239472404906482,0.0006293191259445972,0.00015039682539682542
2025-11-13,META,609.3930053710938,0.0014439079546312203,-0.01669545163092778,0.0001507936507936508
2025-11-14,META,608.96337890625,-0.0007052558482812994,-0.0005018514712717733,0.0001507936507936508
2025-11-17,META,601.5194091796875,-0.01229932988591982,-0.009204497894305158,0.0001507936507936508
2025-11-18,META,597.2029418945312,-0.007201811057902887,-0.008290709844169318,0.00015000000000000001
2025-11-19,META,589.8389282226562,-0.01240749518392443,0.00374680773726533,0.00015039682539682542
2025-11-20,META,588.669921875,-0.001983874335724793,-0.01568972611631523,0.00015000000000000001
2025-11-21,META,593.7657470703125,0.00861925409925716,0.009775103041592069,0.0001488095238095238
2025-11-24,META,612.5504150390625,0.03114637292069064,0.015348818899081837,0.0001488095238095238
2025-11-25,META,635.7014770507812,0.03709782814310947,0.009020886000832944,0.00014841269841269842
2025-11-26,META,633.0936279296875,-0.0041107548148767445,0.006882969436149685,0.00014920634920634917
2025-11-28,META,647.4219970703125,0.022379995844114292,0.005340487341137372,0.000148015873015873
2025-12-01,META,640.3477172851562,-0.010986981398502604,-0.005337548746055966,0.00014722222222222223
2025-12-02,META,646.5726318359375,0.009674201055549482,0.002454221195936617,0.00014603174603174603
2025-12-03,META,639.0787353515625,-0.011657874829207703,0.0029753605210852863,0.00014444444444444446
2025-12-04,META,660.990966796875,0.03371251049329149,0.001079738711974404,0.00014404761904761903
2025-12-05,META,672.8712158203125,0.017813779175403853,0.0019347688846794776,0.00014365079365079365
2025-12-08,META,666.256591796875,-0.009879083658219613,-0.0034833153316476935,0.00014444444444444446
2025-12-09,META,656.4246826171875,-0.014866907788968167,-0.0008767431610132386,0.00014444444444444446
2025-12-10,META,649.6002197265625,-0.010450834424699287,0.006726880659139976,0.00014285714285714287
2025-12-11,META,652.1781005859375,0.003960557936591403,0.00207719198371703,0.00014206349206349206
2025-12-12,META,643.7050170898438,-0.013077111861833347,-0.010720913458554537,0.00014047619047619049
2025-12-15,META,647.510009765625,0.005893679380504947,-0.0015978388918367072,0.00014126984126984127
2025-12-16,META,657.1500244140625,0.014778087527754367,-0.00238676400843967,0.00014126984126984127
2025-12-17,META,649.5,-0.011709503968792702,-0.01165985661137129,0.00014087301587301586
2025-12-18,META,664.4500122070312,0.022756813038495007,0.007902951520479156,0.00014007936507936508
2025-12-19,META,658.77001953125,-0.008585159575083596,0.008779407421828872,0.00014047619047619049
2025-12-22,META,661.5,0.00413549398094484,0.006415870575561936,0.00014126984126984127
2025-12-23,META,664.9400024414062,0.005186831137981822,0.004540067046788208,0.00014126984126984127
2025-12-24,META,667.5499877929688,0.003917460856794122,0.003216304344700708,0.00014285714285714287
2025-12-26,META,663.2899780273438,-0.006402008393173236,-0.00030440987710828846,0.00014126984126984127
2025-12-29,META,658.6900024414062,-0.006959249336692101,-0.003498162923937312,0.00014166666666666665
2025-12-30,META,665.9500122070312,0.01096159315737014,-0.0013766142506534472,0.00014087301587301586
2025-12-31,META,660.0900268554688,-0.008838380932576455,-0.007384867434248815,0.00014166666666666665
2026-01-02,META,650.4099731445312,-0.014773338065621023,0.0018929140261155547,0.00014047619047619049
2026-01-05,META,658.7899780273438,0.012801893742596474,0.006334024511051582,0.00014047619047619049
2026-01-06,META,660.6199951171875,0.0027739948925622235,0.0061775920038938375,0.00014007936507936508
2026-01-07,META,648.6900024414062,-0.01822383219674455,-0.0034458535710101927,0.00014007936507936508
2019-01-03,MSFT,91.13200378417967,-0.03748147545092768,-0.02506833181891511,9.365079365079364e-05
2019-01-04,MSFT,95.37047576904295,0.04546000578306484,0.03375939906034647,9.404761904761906e-05
2019-01-07,MSFT,95.49211120605467,0.0012745866584602755,0.006985975995229761,9.563492063492063e-05
2019-01-08,MSFT,96.18448638916016,0.007224441618768922,0.009648587336497393,9.563492063492063e-05
2019-01-09,MSFT,97.55987548828124,0.014198216567769288,0.004089671332822161,9.523809523809524e-05
2019-01-10,MSFT,96.93303680419922,-0.006445899206309113,0.004508241374462229,9.444444444444444e-05
2019-01-11,MSFT,96.18448638916016,-0.007752317361460057,-0.0001463085444824661,9.444444444444444e-05
2019-01-14,MSFT,95.48274993896484,-0.007322478261300794,-0.00527139458724949,9.523809523809524e-05
2019-01-15,MSFT,98.25227355957033,0.0285927887771002,0.010664618879761001,9.523809523809524e-05
2019-01-16,MSFT,98.59845733642578,0.0035172247739446044,0.0022195205290883643,9.444444444444444e-05
2019-01-17,MSFT,99.29083251953124,0.006997629926224295,0.007562730706235749,9.404761904761906e-05
2019-01-18,MSFT,100.77852630615234,0.014872054528300033,0.01309691283985578,9.365079365079364e-05
2019-01-22,MSFT,98.87915802001952,-0.01902682176210334,-0.014258476827972471,9.444444444444444e-05
2019-01-23,MSFT,99.84284973144533,0.00969896869357995,0.002200489919450871,9.365079365079364e-05
2019-01-24,MSFT,99.36569213867188,-0.004790542622617236,0.001374780110977555,9.206349206349206e-05
2019-01-25,MSFT,100.27327728271484,0.009092327006106864,0.008452867700518018,9.285714285714285e-05
2019-01-28,MSFT,98.31776428222656,-0.019694505777481615,-0.007877775848708898,9.404761904761906e-05
2019-01-29,MSFT,96.31549072265624,-0.020575560925422523,-0.0014573079351148383,9.404761904761906e-05
2019-01-30,MSFT,99.53411102294922,0.032871244887368395,0.015429609891560045,9.404761904761906e-05
2019-01-31,MSFT,97.7095947265625,-0.01850064953440119,0.008560648809767757,9.365079365079364e-05
2019-02-01,MSFT,96.16577911376952,-0.015926192312653756,0.0008982065848071141,9.325396825396825e-05
2019-02-04,MSFT,98.93529510498048,0.02839248373885882,0.006753381117479676,9.404761904761906e-05
2019-02-05,MSFT,100.3200454711914,0.013899478489226581,0.0046973704373502,9.404761904761906e-05
2019-02-06,MSFT,99.20663452148438,-0.011160637834643775,-0.0022269157175087858,9.404761904761906e-05
2019-02-07,MSFT,98.49555206298828,-0.007193501873824738,-0.009401193202230233,9.404761904761906e-05
2019-02-08,MSFT,98.86978912353516,0.0037923326032158373,0.0006759725660127,9.444444444444444e-05
2019-02-11,MSFT,98.47684478759766,-0.003982280796424372,0.0007088518038183947,9.523809523809524e-05
2019-02-12,MSFT,100.01129913330078,0.015461728693751325,0.012807852902838604,9.444444444444444e-05
2019-02-13,MSFT,99.93643188476562,-0.0007488682332405598,0.0030194315937109753,9.484126984126985e-05
2019-02-14,MSFT,100.02062225341795,0.0008420845565081663,-0.0026551633836986214,9.444444444444444e-05
2019-02-15,MSFT,101.25570678710938,0.012272680466444055,0.010820004664957538,9.444444444444444e-05
2019-02-19,MSFT,101.20890045166016,-0.000462365614626976,0.0014976213265920058,9.563492063492063e-05
2019-02-20,MSFT,100.68273162841795,-0.005212400426068227,0.00177553356074094,9.523809523809524e-05
2019-02-21,MSFT,102.80630493164062,0.020872381473107996,-0.0035326693258413886,9.523809523809524e-05
2019-02-22,MSFT,104.27214813232422,0.014157607062599322,0.006390638694710404,9.563492063492063e-05
2019-02-25,MSFT,104.854736328125,0.0055716385238346105,0.0012311044497517107,9.603174603174603e-05
2019-02-26,MSFT,105.57825469970705,0.00687649991653049,-0.0007907696728402984,9.523809523809524e-05
2019-02-27,MSFT,105.39971160888672,-0.0016925287181997451,-0.0005441974362980739,9.523809523809524e-05
2019-02-28,MSFT,105.26815795898438,-0.0012489200870734235,-0.002829507598950442,9.523809523809524e-05
2019-03-01,MSFT,105.7379913330078,0.004453274485734645,0.006871656588713028,9.484126984126985e-05
2019-03-04,MSFT,105.48428344726562,-0.0024022845887615675,-0.003888107395255168,9.563492063492063e-05
2019-03-05,MSFT,104.95809173583984,-0.005000825594771591,-0.001132173489706859,9.563492063492063e-05
2019-03-06,MSFT,105.00507354736328,0.0004475243287952814,-0.00654547360412503,9.563492063492063e-05
2019-03-07,MSFT,103.72716522216795,-0.012244627846521148,-0.008158911138331157,9.523809523809524e-05
2019-03-08,MSFT,103.83989715576172,0.0010862219023234944,-0.0021339641314536495,9.563492063492063e-05
2019-03-11,MSFT,106.0198745727539,0.02077630996159703,0.014559535563489445,9.563492063492063e-05
2019-03-12,MSFT,106.76222229003906,0.006977567568737599,0.002948965727805163,9.563492063492063e-05
2019-03-13,MSFT,107.58908081054688,0.007715023047402751,0.0069255467570192835,9.523809523809524e-05
2019-03-14,MSFT,107.67364501953124,0.0007856837546619927,-0.0008683993315961826,9.523809523809524e-05
2019-03-15,MSFT,108.91399383544922,0.011453676509135825,0.0049725194084307206,9.523809523809524e-05
2019-03-18,MSFT,110.4737777709961,0.014219664170400017,0.0036990967989080333,9.484126984126985e-05
2019-03-19,MSFT,110.5489730834961,0.0006804305449143978,-0.00013057007992675946,9.563492063492063e-05
2019-03-20,MSFT,110.42681121826172,-0.001105658505210645,-0.002948696740769673,9.603174603174603e-05
2019-03-21,MSFT,112.96385192871094,0.022714913502701415,0.010794015494689354,9.642857142857143e-05
2019-03-22,MSFT,109.98518371582033,-0.026722209871123937,-0.019156827134273257,9.563492063492063e-05
2019-03-25,MSFT,110.558349609375,0.005197769123747749,-0.000839372833310059,9.563492063492063e-05
2019-03-26,MSFT,110.79327392578124,0.0021226354779800586,0.007157052947934055,9.563492063492063e-05
2019-03-27,MSFT,109.72207641601562,-0.009715477258137036,-0.00465514327659887,9.484126984126985e-05
2019-03-28,MSFT,109.87242126464844,0.001369295439655782,0.0035830547152617266,9.444444444444444e-05
2019-03-29,MSFT,110.82146453857422,0.008600592812446423,0.006711706043324668,9.325396825396825e-05
2019-04-01,MSFT,111.83625793457033,0.00911534000495865,0.011502195518044496,9.444444444444444e-05
2019-04-02,MSFT,111.99600982666016,0.0014274252842341813,1.7455554858152623e-05,9.404761904761906e-05
2019-04-03,MSFT,112.72892761230467,0.006522822011913684,0.002146072420089187,9.484126984126985e-05
2019-04-04,MSFT,112.15574645996094,-0.005097567416659773,0.0020824652429942735,9.484126984126985e-05
2019-04-05,MSFT,112.65374755859376,0.004430434892456174,0.004625717623099122,9.484126984126985e-05
2019-04-08,MSFT,112.69135284423828,0.0003337572987064708,0.0010469117505236662,9.444444444444444e-05
2019-04-09,MSFT,112.08056640625,-0.005434735294257008,-0.0060859764356695385,9.404761904761906e-05
2019-04-10,MSFT,112.93566131591795,0.007600332069705715,0.003471837754499924,9.444444444444444e-05
2019-04-11,MSFT,113.06720733642578,0.0011641094305361438,3.8122340342693696e-05,9.444444444444444e-05
2019-04-12,MSFT,113.64977264404295,0.00513915269900984,0.0065875783895457275,9.484126984126985e-05
2019-04-15,MSFT,113.74374389648438,0.0008265078021616198,-0.0006295672443571088,9.444444444444444e-05
2019-04-16,MSFT,113.48063659667967,-0.0023158379116095785,0.0005092283251399622,9.444444444444444e-05
2019-04-17,MSFT,114.42027282714844,0.008246053578636387,-0.0022764008207388597,9.484126984126985e-05
2019-04-18,MSFT,115.9237289428711,0.013054192465893014,0.0015778468242496745,9.404761904761906e-05
2019-04-22,MSFT,116.29019165039062,0.003156253602767994,0.0010115058169329091,9.484126984126985e-05
2019-04-23,MSFT,117.86878204345705,0.013483269793567806,0.008802351174995391,9.523809523809524e-05
2019-04-24,MSFT,117.46473693847656,-0.0034338117556601015,-0.0021941686030362366,9.484126984126985e-05
2019-04-25,MSFT,121.35485076904295,0.03258072736864154,-0.0003690417402728576,9.444444444444444e-05
2019-04-26,MSFT,122.0501708984375,0.0057132923224008265,0.004674350323304823,9.404761904761906e-05
2019-04-29,MSFT,121.93744659423828,-0.0009240166642718875,0.0010709485042338864,9.484126984126985e-05
2019-04-30,MSFT,122.71734619140624,0.006375532071354,0.0009509646987914453,9.444444444444444e-05
2019-05-01,MSFT,120.16151428222656,-0.021046922326051716,-0.00753044585029134,9.444444444444444e-05
2019-05-02,MSFT,118.59230041503906,-0.013145226311012184,-0.0021262446486827887,9.563492063492063e-05
2019-05-03,MSFT,121.11992645263672,0.02108961862070883,0.00959212747891747,9.444444444444444e-05
2019-05-06,MSFT,120.41520690917967,-0.005835354330186283,-0.004481013189072523,9.484126984126985e-05
2019-05-07,MSFT,117.94393920898438,-0.020736408006848443,-0.016649488088905522,9.444444444444444e-05
2019-05-08,MSFT,117.9345703125,-7.943832194214935e-05,-0.0016067153894199682,9.444444444444444e-05
2019-05-09,MSFT,117.92516326904295,-7.976811742458698e-05,-0.0030259986619282898,9.444444444444444e-05
2019-05-10,MSFT,119.45677947998048,0.012904414273197483,0.003713394069918638,9.444444444444444e-05
2019-05-13,MSFT,115.90491485595705,-0.030184472507107554,-0.024426469138497504,9.365079365079364e-05
2019-05-14,MSFT,117.2016372680664,0.011125691457979243,0.007983987523216093,9.365079365079364e-05
2019-05-15,MSFT,118.8520965576172,0.013983987108224804,0.005821994327723055,9.404761904761906e-05
2019-05-16,MSFT,121.59656524658205,0.022828888788074223,0.008855957116499086,9.325396825396825e-05
2019-05-17,MSFT,120.78551483154295,-0.006692354829695046,-0.005854437174043804,9.285714285714285e-05
2019-05-20,MSFT,119.04073333740234,-0.014550636481732847,-0.006772257975405369,9.285714285714285e-05
2019-05-21,MSFT,119.68205261230467,0.005372933422946926,0.008459949093190606,9.285714285714285e-05
2019-05-22,MSFT,120.4082260131836,0.006049187992287982,-0.0028283923638994365,9.246031746031747e-05
2019-05-23,MSFT,119.00299072265624,-0.01173922799060397,-0.01198569224128196,9.206349206349206e-05
2019-05-24,MSFT,119.0595703125,0.00047533380018305576,0.0013526437720373175,9.126984126984126e-05
2019-05-28,MSFT,118.9841537475586,-0.0006336362595777121,-0.008410950000260244,9.206349206349206e-05
2019-05-29,MSFT,117.8335189819336,-0.009717550273682003,-0.00693591016723137,9.206349206349206e-05
2019-05-30,MSFT,118.57858276367188,0.006303114290433466,0.002096272674997037,9.246031746031747e-05
2019-05-31,MSFT,116.64520263671876,-0.016439014986362886,-0.013283205250452958,9.126984126984126e-05
2019-06-03,MSFT,113.02360534667967,-0.031540177720180154,-0.002769070654307939,9.126984126984126e-05
2019-06-04,MSFT,116.15477752685548,0.0273268969887142,0.021205927081077776,9.126984126984126e-05
2019-06-05,MSFT,118.67290496826172,0.021447420001018222,0.008128726978813691,9.126984126984126e-05
2019-06-06,MSFT,120.54972839355467,0.015691340804694323,0.006116840676004416,9.047619047619046e-05
2019-06-07,MSFT,123.92609405517578,0.02762302066889108,0.010442979247260026,8.849206349206349e-05
2019-06-10,MSFT,125.057861328125,0.009091148593469135,0.004649220074765499,8.88888888888889e-05
2019-06-11,MSFT,124.58631896972656,-0.0037777201024601914,-0.0003499414579512858,8.80952380952381e-05
2019-06-12,MSFT,124.01094818115234,-0.0046289472329914495,-0.002039657827237423,8.69047619047619e-05
2019-06-13,MSFT,124.79379272460938,0.006292863423750597,0.004089010502850191,8.492063492063493e-05
2019-06-14,MSFT,124.9163818359375,0.000981851231269891,-0.0016128117861529605,8.53174603174603e-05
2019-06-17,MSFT,125.29363250732422,0.0030154744864331648,0.0009313154323528439,8.650793650793651e-05
2019-06-18,MSFT,127.47222137451172,0.017238426656077926,0.009670489592970687,8.611111111111112e-05
2019-06-19,MSFT,127.97208404541016,0.003913677449996354,0.0029807167930238428,8.452380952380952e-05
2019-06-20,MSFT,129.16043090820312,0.009243135381649037,0.00942760533587314,8.293650793650792e-05
2019-06-21,MSFT,129.17929077148438,0.00014600823436766987,-0.0012600162797279978,8.214285714285714e-05
2019-06-24,MSFT,129.94320678710938,0.005896193776735018,-0.0017333884605870258,8.253968253968253e-05
2019-06-25,MSFT,125.84062957763672,-0.03208122239287797,-0.009541775640387554,8.214285714285714e-05
2019-06-26,MSFT,126.31214141845705,0.003739894576898727,-0.0012346956788039985,8.333333333333334e-05
2019-06-27,MSFT,126.5196533203125,0.0016415020006911886,0.0038158857925908473,8.293650793650792e-05
2019-06-28,MSFT,126.34046936035156,-0.0014172577949741335,0.005740941840599626,8.253968253968253e-05
2019-07-01,MSFT,127.9626235961914,0.012757817602589384,0.007643018610953927,8.571428571428571e-05
2019-07-02,MSFT,128.8114776611328,0.006611703852225827,0.002923847276988696,8.53174603174603e-05
2019-07-03,MSFT,129.64141845703125,0.006422397745114571,0.007643095660684157,8.571428571428571e-05
2019-07-05,MSFT,129.26412963867188,-0.0029144920856294452,-0.0018075342045486649,8.650793650793651e-05
2019-07-08,MSFT,129.16986083984375,-0.0007295387331566943,-0.004847173010123794,8.769841269841269e-05
2019-07-09,MSFT,128.6983184814453,-0.003657239797702201,0.0012357930584538906,8.769841269841269e-05
2019-07-10,MSFT,130.00921630859375,0.010134293519671341,0.004500546936082614,8.53174603174603e-05
2019-07-11,MSFT,130.5279083251953,0.003981718172506218,0.002282619578948549,8.412698412698413e-05
2019-07-12,MSFT,130.99951171875,0.0036065350597489923,0.004609534302066538,8.333333333333334e-05
2019-07-15,MSFT,130.99951171875,0.0,0.00017585372838413283,8.373015873015872e-05
2019-07-16,MSFT,129.28302001953125,-0.01318964105688912,-0.003409584555010327,8.333333333333334e-05
2019-07-17,MSFT,128.51910400390625,-0.005926392223339777,-0.006552665466093182,8.293650793650792e-05
2019-07-18,MSFT,128.6605224609375,0.0010997641860573423,0.0035755977088190827,7.976190476190474e-05
2019-07-19,MSFT,128.84921264648438,0.0014654996964586892,-0.006195889464844692,8.015873015873015e-05
2019-07-22,MSFT,130.55621337890625,0.01316106141758164,0.002824701686250326,8.095238095238096e-05
2019-07-23,MSFT,131.3672637939453,0.006193053146955706,0.00682414513927642,8.015873015873015e-05
2019-07-24,MSFT,132.71595764160156,0.010214246601257934,0.004677192813475714,8.134920634920634e-05
2019-07-25,MSFT,132.2161407470703,-0.0037731742628063568,-0.005276296483599537,8.174603174603175e-05
2019-07-26,MSFT,133.3007049560547,0.008169502301517494,0.007360535770783042,8.253968253968253e-05
2019-07-29,MSFT,133.00836181640625,-0.00219551861769738,-0.0016174219290574364,8.214285714285714e-05
2019-07-30,MSFT,132.3669891357422,-0.004833711399012114,-0.0025819853720443708,8.095238095238096e-05
2019-07-31,MSFT,128.51910400390625,-0.029500723070312884,-0.01094520695213996,8.095238095238096e-05
2019-08-01,MSFT,130.207275390625,0.013050044213358383,-0.009039527568806017,8.055555555555556e-05
2019-08-02,MSFT,129.11325073242188,-0.0084376749133611,-0.007309388539565105,8.015873015873015e-05
2019-08-05,MSFT,124.69001007080078,-0.034859194100987895,-0.030230182169694777,7.936507936507937e-05
2019-08-06,MSFT,127.02894592285156,0.018584243365800595,0.012933023911166613,7.976190476190474e-05
2019-08-07,MSFT,127.58538818359376,0.004370870544852976,0.0007665823338588767,7.857142857142857e-05
2019-08-08,MSFT,130.9900665283203,0.026335640612119137,0.018588462466865085,7.857142857142857e-05
2019-08-09,MSFT,129.87716674804688,-0.008532359683409938,-0.006638593133657111,7.777777777777778e-05
2019-08-12,MSFT,128.06640625,-0.01404020439640476,-0.012393809115915354,7.777777777777778e-05
2019-08-13,MSFT,130.716552734375,0.020482331174744527,0.015018346267301863,7.777777777777778e-05
2019-08-14,MSFT,126.78008270263672,-0.03057730620520648,-0.02973035245453567,7.619047619047618e-05
2019-08-15,MSFT,126.49622344970705,-0.002241499618277902,0.0024612366981802422,7.420634920634921e-05
2019-08-16,MSFT,128.81454467773438,0.018161278241913836,0.014323058172245003,7.261904761904762e-05
2019-08-19,MSFT,130.97207641601562,0.016610411538958886,0.012033175564397505,7.53968253968254e-05
2019-08-20,MSFT,129.8838348388672,-0.008343670536228798,-0.007946215312115467,7.53968253968254e-05
2019-08-21,MSFT,131.3315887451172,0.01108486406091388,0.008212979557352937,7.658730158730158e-05
2019-08-22,MSFT,130.3759002685547,-0.007303518354065923,-0.00050620295927854,7.777777777777778e-05
2019-08-23,MSFT,126.22183990478516,-0.03238082550397604,-0.02628888112283785,7.658730158730158e-05
2019-08-26,MSFT,128.17111206054688,0.01532519113677217,0.01092311273079789,7.777777777777778e-05
2019-08-27,MSFT,128.445556640625,0.002138946671713026,-0.0032083218005562386,7.698412698412698e-05
2019-08-28,MSFT,128.2751922607422,-0.0013272351815792395,0.006524151530562512,7.738095238095238e-05
2019-08-29,MSFT,130.69760131835938,0.018708372242252278,0.012607482441094399,7.738095238095238e-05
2019-08-30,MSFT,130.45159912109375,-0.0018839978802614862,0.0006425807598767749,7.738095238095238e-05
2019-09-03,MSFT,128.72940063476562,-0.013289738332342578,-0.0069230093326854165,7.698412698412698e-05
2019-09-04,MSFT,130.23397827148438,0.011620133881348391,0.010783725278421427,7.658730158730158e-05
2019-09-05,MSFT,132.52394104003906,0.017430650644128548,0.01292591292175976,7.658730158730158e-05
2019-09-06,MSFT,131.62498474121094,-0.0068064616710541564,0.0009101908043767861,7.619047619047618e-05
2019-09-09,MSFT,130.1299285888672,-0.011423452507033399,-9.401467889992668e-05,7.619047619047618e-05
2019-09-10,MSFT,128.76724243164062,-0.010526949644604372,0.0003222524259310153,7.579365079365079e-05
2019-09-11,MSFT,128.80508422851562,0.00029383433878905614,0.0072036723263872,7.619047619047618e-05
2019-09-12,MSFT,130.1299285888672,0.010233115305815303,0.0028750162782333164,7.579365079365079e-05
2019-09-13,MSFT,129.9405975341797,-0.0014559980398955986,-0.0007246768769660504,7.619047619047618e-05
2019-09-16,MSFT,129.0038604736328,-0.0072350739148951074,-0.0031405129163559896,7.738095238095238e-05
2019-09-17,MSFT,130.0068359375,0.007744703141614516,0.0025784253724619854,7.738095238095238e-05
2019-09-18,MSFT,131.07611083984375,0.008191120056439752,0.00034263328426719085,7.579365079365079e-05
2019-09-19,MSFT,133.4890899658203,0.018241598134179512,1.9974521929475905e-05,7.500000000000001e-05
2019-09-20,MSFT,131.94671630859375,-0.011621574635161199,-0.004907599104880387,7.420634920634921e-05
2019-09-23,MSFT,131.66282653808594,-0.0021538664889935747,-9.694061782751375e-05,7.53968253968254e-05
2019-09-24,MSFT,129.9974365234375,-0.012729579063486634,-0.00845198896355148,7.460317460317459e-05
2019-09-25,MSFT,131.8710479736328,0.014309804598151102,0.0061396852419639035,7.341269841269842e-05
2019-09-26,MSFT,132.0413055419922,0.0012902586007156175,-0.002431871009613191,7.103174603174603e-05
2019-09-27,MSFT,130.32859802246094,-0.013055856060807267,-0.005330534579128577,6.984126984126985e-05
2019-09-30,MSFT,131.5587158203125,0.009394321753244212,0.005034910215248393,7.301587301587302e-05
2019-10-01,MSFT,129.70404052734375,-0.014198016394016761,-0.012334126945412846,7.063492063492064e-05
2019-10-02,MSFT,127.4140853881836,-0.017812946334436988,-0.01806540418764383,6.944444444444444e-05
2019-10-03,MSFT,128.95645141601562,0.01203246407082927,0.007940304773866787,6.626984126984126e-05
2019-10-04,MSFT,130.69760131835938,0.013411506441733716,0.014116785239259274,6.666666666666666e-05
2019-10-07,MSFT,129.7513427734375,-0.007266396965415875,-0.00448835227368152,6.785714285714286e-05
2019-10-08,MSFT,128.37930297851562,-0.010630684413711011,-0.01568315955210993,6.666666666666666e-05
2019-10-09,MSFT,130.81118774414062,0.01876578207046134,0.009063296514845923,6.587301587301587e-05
2019-10-10,MSFT,131.62498474121094,0.0062018859504842086,0.0063952024117826045,6.547619047619048e-05
2019-10-11,MSFT,132.173828125,0.004161081467672089,0.010879579673789056,6.547619047619048e-05
2019-10-14,MSFT,132.05079650878906,-0.0009312653979401908,-0.0013880816732189801,6.547619047619048e-05
2019-10-15,MSFT,133.96221923828125,0.014371143616052193,0.009906445376489171,6.507936507936507e-05
2019-10-16,MSFT,132.8645782470703,-0.008227413387175857,-0.002001544553193733,6.468253968253968e-05
2019-10-17,MSFT,132.18325805664062,-0.005141122452482692,0.002759021969775287,6.468253968253968e-05
2019-10-18,MSFT,130.0257568359375,-0.016456718036300555,-0.003927045709799847,6.468253968253968e-05
2019-10-21,MSFT,130.99095153808594,0.007395688249468445,0.006848114105333746,6.507936507936507e-05
2019-10-22,MSFT,129.0416259765625,-0.014993214287311108,-0.003575049258376838,6.42857142857143e-05
2019-10-23,MSFT,129.8649444580078,0.0063599873521355986,0.002843103345830729,6.42857142857143e-05
2019-10-24,MSFT,132.41983032226562,0.019482386483524787,0.0019186046591713529,6.507936507936507e-05
2019-10-25,MSFT,133.16737365722656,0.005629377454104731,0.004064429510656049,6.468253968253968e-05
2019-10-28,MSFT,136.44143676757812,0.024288702303892587,0.0055658199161177,6.42857142857143e-05
2019-10-29,MSFT,135.15451049804688,-0.009476841713588539,-0.0008327519564807664,6.349206349206349e-05
2019-10-30,MSFT,136.83889770507812,0.012385658540947538,0.0032480894008573105,6.30952380952381e-05
2019-10-31,MSFT,135.66552734375,-0.008611805939303852,-0.0030274386345390905,5.992063492063492e-05
2019-11-01,MSFT,135.9967041015625,0.0024381521134505583,0.009615930559647514,5.9126984126984124e-05
2019-11-04,MSFT,136.7821044921875,0.005758530620761995,0.0036972458053124275,5.9523809523809524e-05
2019-11-05,MSFT,136.69688415527344,-0.0006232313501958615,-0.0011864027118206639,6.071428571428572e-05
2019-11-06,MSFT,136.31845092773438,-0.002772250648782754,0.0007022505922896238,6.071428571428572e-05
2019-11-07,MSFT,136.50765991210938,0.0013870301059289057,0.002726375244280665,6.071428571428572e-05
2019-11-08,MSFT,138.1163330078125,0.011715593225793847,0.002557403145115828,6.0317460317460316e-05
2019-11-11,MSFT,138.25828552246094,0.0010272472044366775,-0.0019643954133371925,6.0317460317460316e-05
2019-11-12,MSFT,139.1666717529297,0.006548722117798659,0.0015634233012630327,6.19047619047619e-05
2019-11-13,MSFT,139.393798828125,0.0016307204324708308,0.0007112815701162954,6.111111111111111e-05
2019-11-14,MSFT,140.1034698486328,0.005078207375415781,0.0008366926144567594,6.111111111111111e-05
2019-11-15,MSFT,141.91082763671875,0.012817665974768902,0.007666028777973181,6.111111111111111e-05
2019-11-18,MSFT,142.2609405517578,0.002464094828428396,0.0005030263228096366,6.111111111111111e-05
2019-11-19,MSFT,142.3082733154297,0.00033266257769161433,-0.0005927700996925261,6.111111111111111e-05
2019-11-20,MSFT,142.0614013671875,-0.0017362752237004815,-0.0037632564209410676,6.111111111111111e-05
2019-11-21,MSFT,141.92843627929688,-0.0009364074342132586,-0.0015840060861895076,6.150793650793651e-05
2019-11-22,MSFT,142.03289794921875,0.0007357457656546967,0.002172573942375937,6.150793650793651e-05
2019-11-25,MSFT,143.590087890625,0.010903921933115344,0.0074792518874672075,6.26984126984127e-05
2019-11-26,MSFT,144.34967041015625,0.005275994437160345,0.0021931636449402277,6.230158730158731e-05
2019-11-27,MSFT,144.62498474121094,0.0019054571703574382,0.0041657356252997445,6.30952380952381e-05
2019-11-29,MSFT,143.7325439453125,-0.006189841128035448,-0.004019286229989053,6.19047619047619e-05
2019-12-02,MSFT,141.9949493408203,-0.01216274993360013,-0.008668483693963605,6.230158730158731e-05
2019-12-03,MSFT,141.76707458496094,-0.001606097966819603,-0.006660225258045148,6.111111111111111e-05
2019-12-04,MSFT,142.2798309326172,0.0036103678277569023,0.006303657608769993,6.0317460317460316e-05
2019-12-05,MSFT,142.35577392578125,0.0005336155679038657,0.0014991269266302707,5.992063492063492e-05
2019-12-06,MSFT,144.08380126953125,0.012065709192350865,0.009094246030426013,5.9523809523809524e-05
2019-12-09,MSFT,143.7135009765625,-0.002573342379692889,-0.003167833684474369,5.992063492063492e-05
2019-12-10,MSFT,143.4951171875,-0.0015207331349957737,-0.0010975361689841293,6.071428571428572e-05
2019-12-11,MSFT,144.0363311767578,0.003764559539529955,0.0029039375293507703,6.111111111111111e-05
2019-12-12,MSFT,145.49855041503906,0.01010055618633696,0.008538667375555057,6.071428571428572e-05
2019-12-13,MSFT,146.72335815429688,0.008382772651136417,7.25791502146863e-05,6.111111111111111e-05
2019-12-16,MSFT,147.67283630371094,0.0064503649121846005,0.007122360942542787,6.111111111111111e-05
2019-12-17,MSFT,146.87527465820312,-0.005415506432029816,0.0003352360284609262,6.071428571428572e-05
2019-12-18,MSFT,146.57144165039062,-0.002070789001890713,-0.0004323936405227425,6.071428571428572e-05
2019-12-19,MSFT,147.84373474121094,0.008642903714445795,0.004449378821864254,6.111111111111111e-05
2019-12-20,MSFT,149.4578399658203,0.01085847651919495,0.004932595804334098,6.150793650793651e-05
2019-12-23,MSFT,149.4578399658203,0.0,0.0008657687142985109,6.19047619047619e-05
2019-12-24,MSFT,149.42938232421875,-0.0001904239429809713,-0.00019546730246814044,6.150793650793651e-05
2019-12-26,MSFT,150.6542205810547,0.008163358790341631,0.005115062410053991,6.150793650793651e-05
2019-12-27,MSFT,150.92953491210938,0.0018257906967487083,3.3984139657930306e-05,6.111111111111111e-05
2019-12-30,MSFT,149.62876892089844,-0.008655719012832236,-0.005797596079349905,6.111111111111111e-05
2019-12-31,MSFT,149.73318481445312,0.0006975896334597651,0.002941690644190719,6.0317460317460316e-05
2020-01-02,MSFT,152.50567626953125,0.018346874487855006,0.008343895362316707,5.992063492063492e-05
2020-01-03,MSFT,150.606689453125,-0.012530083735553142,-0.007084909364954553,5.9126984126984124e-05
2020-01-06,MSFT,150.99600219726562,0.0025816278908828037,0.003527145194272564,6.071428571428572e-05
2020-01-07,MSFT,149.6192626953125,-0.009159542365993624,-0.0028071750845948405,5.992063492063492e-05
2020-01-08,MSFT,152.00247192382812,0.015802964787153994,0.004890473485641129,5.992063492063492e-05
2020-01-09,MSFT,153.9014129638672,0.012415438483651842,0.006633214116906491,5.992063492063492e-05
2020-01-10,MSFT,153.1893310546875,-0.004637607608186333,-0.0028592624875049015,5.992063492063492e-05
2020-01-13,MSFT,155.0312957763672,0.011952390526879166,0.006951994045933256,6.111111111111111e-05
2020-01-14,MSFT,153.93943786621094,-0.007067740315772469,-0.0015156808368957204,6.111111111111111e-05
2020-01-15,MSFT,154.9363555908203,0.006455159047391565,0.0018684502436879626,6.111111111111111e-05
2020-01-16,MSFT,157.7753448486328,0.01815772966197555,0.008331747422232019,6.0317460317460316e-05
2020-01-17,MSFT,158.6583251953125,0.005580838716144012,0.003854723247485144,6.071428571428572e-05
2020-01-21,MSFT,158.088623046875,-0.0035972107445658773,-0.002655500369585384,6.071428571428572e-05
2020-01-22,MSFT,157.32907104492188,-0.004816175404013651,0.00028903429668107475,6.0317460317460316e-05
2020-01-23,MSFT,158.2974853515625,0.006136475692072426,0.001140326193358241,6.0317460317460316e-05
2020-01-24,MSFT,156.70240783691406,-0.010127566280008863,-0.009083289426193788,5.992063492063492e-05
2020-01-27,MSFT,154.08181762695312,-0.016864770521840326,-0.015855752356844034,6.0317460317460316e-05
2020-01-28,MSFT,157.1011962890625,0.01940641543340147,0.010003383500352516,6.111111111111111e-05
2020-01-29,MSFT,159.55081176757812,0.015472280510337425,-0.0008672501435846315,6.071428571428572e-05
2020-01-30,MSFT,164.05133056640625,0.02781692954295696,0.0031294569302110597,6.111111111111111e-05
2020-01-31,MSFT,161.6302032470703,-0.014868340206725136,-0.01786444357136295,6.0317460317460316e-05
2020-02-03,MSFT,165.57058715820312,0.024086582492495262,0.007228425761232584,6.111111111111111e-05
2020-02-04,MSFT,171.02053833007812,0.03238604408681022,0.014869315917506062,6.111111111111111e-05
2020-02-05,MSFT,170.81167602539062,-0.0012220166614367134,0.011187778658972936,6.111111111111111e-05
2020-02-06,MSFT,174.35324096679688,0.020521721981103566,0.003320155057001924,6.111111111111111e-05
2020-02-07,MSFT,174.60015869140625,0.0014151904871026219,-0.005415491009458352,6.071428571428572e-05
2020-02-10,MSFT,179.16712951660156,0.025820502388268097,0.007299690120573207,6.150793650793651e-05
2020-02-11,MSFT,175.12237548828125,-0.022834036639147754,0.0016870486860021178,6.111111111111111e-05
2020-02-12,MSFT,175.37869262695312,0.0014625757675515798,0.006441853105203067,6.150793650793651e-05
2020-02-13,MSFT,174.42922973632812,-0.005428494676836151,-0.0016317763599886593,6.19047619047619e-05
2020-02-14,MSFT,175.98634338378906,0.008887298486847637,0.0018418360984854144,6.150793650793651e-05
2020-02-18,MSFT,177.77142333984375,0.010092188922192253,-0.0029242139861477136,6.150793650793651e-05
2020-02-19,MSFT,178.30455017089844,0.0029944577510656635,0.004694748284284925,6.150793650793651e-05
2020-02-20,MSFT,175.5816650390625,-0.015388781758125322,-0.0038228174279975285,6.150793650793651e-05
2020-02-21,MSFT,170.031005859375,-0.03212345470460417,-0.010573809232819777,6.071428571428572e-05
2020-02-24,MSFT,162.7000732421875,-0.044072343435796,-0.03408807942044074,5.9523809523809524e-05
2020-02-25,MSFT,160.01524353027344,-0.016639381632051788,-0.030747904375353224,5.9523809523809524e-05
2020-02-26,MSFT,162.01455688476562,0.012417105748884648,-0.00378569732353003,5.9523809523809524e-05
2020-02-27,MSFT,150.59915161132812,-0.07306450654981553,-0.045168136352261155,5.634920634920634e-05
2020-02-28,MSFT,154.24562072753906,0.023924589678172455,-0.008272463109653077,4.96031746031746e-05
2020-03-02,MSFT,164.5089874267578,0.06441893188893437,0.0450108687694132,4.3650793650793655e-05
2020-03-03,MSFT,156.6258087158203,-0.049105626934098694,-0.02851048492291458,3.690476190476191e-05
2020-03-04,MSFT,162.3763427734375,0.03605716794692365,0.041336349360633136,2.817460317460317e-05
2020-03-05,MSFT,158.30148315429688,-0.025415408433094276,-0.034510782439981125,2.4206349206349206e-05
2020-03-06,MSFT,153.8267059326172,-0.028674653453889507,-0.01720094365238617,1.785714285714286e-05
2020-03-09,MSFT,143.40147399902344,-0.07017847560604813,-0.07901041294037148,1.2698412698412699e-05
2020-03-10,MSFT,153.20785522460938,0.06614732325816995,0.048215052425859106,1.7063492063492063e-05
2020-03-11,MSFT,146.26722717285156,-0.04636025849423922,-0.05010289280860541,1.6269841269841268e-05
2020-03-12,MSFT,132.39547729492188,-0.09964178829429193,-0.09994485240247351,1.3095238095238094e-05
2020-03-13,MSFT,151.21804809570312,0.13292933881868627,0.08880840694923595,1.0714285714285714e-05
2020-03-16,MSFT,128.92996215820312,-0.15945349441806167,-0.12765219747281742,9.523809523809523e-06
2020-03-17,MSFT,139.54559326171875,0.07912205336417893,0.05822631263569171,7.5396825396825394e-06
2020-03-18,MSFT,133.6713104248047,-0.04300750191265548,-0.053222272332080246,7.936507936507937e-07
2020-03-19,MSFT,135.87060546875,0.01631912309434641,0.004696760970401053,1.5873015873015873e-06
2020-03-20,MSFT,130.76744079589844,-0.03828251800431942,-0.04432762405336681,1.984126984126984e-06
2020-03-23,MSFT,129.46311950683594,-0.010024435331922729,-0.02973150100957679,7.936507936507937e-07
2020-03-24,MSFT,141.2307586669922,0.08699908979510954,0.08968323251796326,3.9682539682539683e-07
2020-03-25,MSFT,139.8788299560547,-0.009618591387151312,0.011468990420822226,-1.5873015873015873e-06
2020-03-26,MSFT,148.62840270996094,0.06067270181535094,0.06054383107424656,-1.984126984126984e-06
2020-03-27,MSFT,142.52561950683594,-0.041927479787089744,-0.0342678455416263,1.1904761904761904e-06
2020-03-30,MSFT,152.55093383789062,0.06797676310201753,0.032966590569974794,4.7619047619047615e-06
2020-03-31,MSFT,150.15170288085938,-0.015852397101145055,-0.016142310788415843,4.365079365079366e-06
2020-04-01,MSFT,144.82008361816406,-0.036153966208626764,-0.04514636273278691,3.5714285714285714e-06
2020-04-02,MSFT,147.8191375732422,0.02049731368185723,0.022572657056960366,3.5714285714285714e-06
2020-04-03,MSFT,146.45765686035156,-0.009253128026659981,-0.015252860825944299,3.968253968253968e-06
2020-04-06,MSFT,157.34934997558594,0.07173213741892684,0.06796824414483035,5.9523809523809525e-06
2020-04-07,MSFT,155.65467834472656,-0.010828539168014528,-0.001604339048362459,5.555555555555557e-06
2020-04-08,MSFT,157.21612548828125,0.009981500915811868,0.033489371191284686,8.730158730158731e-06
2020-04-09,MSFT,157.22561645507812,6.0367092111312176e-05,0.014383470303699339,9.92063492063492e-06
2020-04-13,MSFT,157.577880859375,0.0022379964284519366,-0.01015605944467711,1.0317460317460317e-05
2020-04-14,MSFT,165.3753662109375,0.048298019163354675,0.03011455957230757,7.936507936507936e-06
2020-04-15,MSFT,163.64259338378906,-0.010533095820179004,-0.022276732672369248,5.555555555555557e-06
2020-04-16,MSFT,168.5552978515625,0.029579132074752386,0.0057998378395412884,5.555555555555557e-06
2020-04-17,MSFT,170.04055786132812,0.00877311113580819,0.026440932021320578,4.7619047619047615e-06
2020-04-20,MSFT,166.6702117919922,-0.02001990397067122,-0.018042845615347775,4.7619047619047615e-06
2020-04-21,MSFT,159.7771759033203,-0.042236886289368655,-0.031155115236330667,4.365079365079366e-06
2020-04-22,MSFT,165.20399475097656,0.03340084810537822,0.02267130058213675,4.7619047619047615e-06
2020-04-23,MSFT,163.20465087890625,-0.012176101939366434,-0.0005395676601955963,4.365079365079366e-06
2020-04-24,MSFT,166.1846466064453,0.01809455897509257,0.013822090566839217,4.7619047619047615e-06
2020-04-27,MSFT,165.7086181640625,-0.0028685654054187485,0.014606868181735996,4.7619047619047615e-06
2020-04-28,MSFT,161.67181396484375,-0.024662493005811994,-0.005256170190483643,4.365079365079366e-06
2020-04-29,MSFT,168.92662048339844,0.04389598158827921,0.02623670404507307,3.968253968253968e-06
2020-04-30,MSFT,170.6212921142578,0.00998201219600901,-0.009255143319054839,3.5714285714285714e-06
2020-05-01,MSFT,166.20367431640625,-0.026232444527357002,-0.028460211014775954,4.7619047619047615e-06
2020-05-04,MSFT,170.26905822753906,0.024165891386612584,0.0042408225788494016,5.158730158730158e-06
2020-05-05,MSFT,172.09698486328125,0.010678302021373385,0.008999935197779802,5.158730158730158e-06
2020-05-06,MSFT,173.79171752929688,0.00979937312809772,-0.007003880399042588,4.7619047619047615e-06
2020-05-07,MSFT,174.80093383789062,0.005790249015857755,0.011438955754890805,4.365079365079366e-06
2020-05-08,MSFT,175.82911682128906,0.0058647907021046036,0.016730795065226244,4.7619047619047615e-06
2020-05-11,MSFT,177.7904052734375,0.011092761800953838,0.0001330693667907644,4.7619047619047615e-06
2020-05-12,MSFT,173.76315307617188,-0.022912175294714916,-0.020713365772047604,5.158730158730158e-06
2020-05-13,MSFT,171.13540649414062,-0.01523808874042253,-0.017616996624280044,5.158730158730158e-06
2020-05-14,MSFT,171.8780517578125,0.004330129947909032,0.01145891780407149,4.7619047619047615e-06
2020-05-15,MSFT,174.3820037841797,0.014463092894575983,0.003918675203723029,4.7619047619047615e-06
2020-05-18,MSFT,176.0481414794922,0.009509171929210268,0.031015208770073424,5.158730158730158e-06
2020-05-19,MSFT,174.8294677734375,-0.006946459815802393,-0.010539747711599283,5.158730158730158e-06
2020-05-20,MSFT,177.2545166015625,0.013775617666667957,0.0165139906134157,4.7619047619047615e-06
2020-05-21,MSFT,175.1254425048828,-0.012084115171219711,-0.007803968309953686,4.7619047619047615e-06
2020-05-22,MSFT,175.20184326171875,0.00043616789871204847,0.002350945686812366,4.7619047619047615e-06
2020-05-26,MSFT,173.3496856689453,-0.010627840491818656,0.01221428502146052,5.555555555555557e-06
2020-05-27,MSFT,173.57876586914062,0.0013206194676358342,0.014718447490314346,5.9523809523809525e-06
2020-05-28,MSFT,173.18731689453125,-0.002257712967578983,-0.0021101393249195488,5.9523809523809525e-06
2020-05-29,MSFT,174.95358276367188,0.010146932034953059,0.004800793552307952,5.555555555555557e-06
2020-06-01,MSFT,174.55262756347656,-0.002294410595544857,0.003744216478364391,5.555555555555557e-06
2020-06-02,MSFT,176.53843688964844,0.011312338615378323,0.008177307282398658,5.9523809523809525e-06
2020-06-03,MSFT,176.96803283691406,0.0024304854113463563,0.01355667081256392,6.349206349206349e-06
2020-06-04,MSFT,174.6385040283203,-0.013250964647687179,-0.003374389083608904,5.9523809523809525e-06
2020-06-05,MSFT,178.72474670410156,0.023128748239853,0.025874012821635813,5.9523809523809525e-06
2020-06-08,MSFT,179.83224487304688,0.006177548992201666,0.011969656405806002,6.746031746031747e-06
2020-06-09,MSFT,181.20706176757807,0.0076159216708269785,-0.007829743419721978,7.5396825396825394e-06
2020-06-10,MSFT,187.92832946777344,0.03642029883277333,-0.005327255735182077,6.746031746031747e-06
2020-06-11,MSFT,177.83688354492188,-0.05519391833355158,-0.06075269299628893,6.746031746031747e-06
2020-06-12,MSFT,179.24032592773438,0.007860762727604427,0.012976286605211731,6.349206349206349e-06
2020-06-15,MSFT,180.3860015869141,0.006371499789331274,0.00827786081817526,7.142857142857143e-06
2020-06-16,MSFT,184.80636596679688,0.02420959839365627,0.018784852866710527,6.746031746031747e-06
2020-06-17,MSFT,185.44601440429688,0.0034552057341327635,-0.0036067962326294138,6.746031746031747e-06
2020-06-18,MSFT,187.43186950683597,0.010651604527380763,0.0005940434038017573,6.349206349206349e-06
2020-06-19,MSFT,186.31483459472656,-0.0059775148563664,-0.005665513565673728,5.9523809523809525e-06
2020-06-22,MSFT,191.4894561767578,0.027394846083994978,0.006474093296658384,6.349206349206349e-06
2020-06-23,MSFT,192.76882934570312,0.0066589476120466565,0.004298169191483789,6.349206349206349e-06
2020-06-24,MSFT,188.8830718994141,-0.020363539180480304,-0.0261952655956623,5.9523809523809525e-06
2020-06-25,MSFT,191.26988220214844,0.012557270122923736,0.01089982772821816,6.349206349206349e-06
2020-06-26,MSFT,187.44143676757807,-0.020218967146732013,-0.024525204274831163,5.555555555555557e-06
2020-06-29,MSFT,189.45590209960935,0.010689831460284412,0.01457888811353358,5.555555555555557e-06
2020-06-30,MSFT,194.29635620117188,0.025228311895836103,0.015292349435755562,6.349206349206349e-06
2020-07-01,MSFT,195.4324951171875,0.005830423540096867,0.005009563975870565,5.555555555555557e-06
2020-07-02,MSFT,196.92184448242188,0.007591895225120957,0.0045309704768169146,5.555555555555557e-06
2020-07-06,MSFT,201.1608428955078,0.021297879964726506,0.01575693083216329,5.9523809523809525e-06
2020-07-07,MSFT,198.8217620849609,-0.011696046009964642,-0.010877477869643567,5.9523809523809525e-06
2020-07-08,MSFT,203.1943817138672,0.021754310816608207,0.007796986263430269,5.9523809523809525e-06
2020-07-09,MSFT,204.616943359375,0.00697659593079367,-0.005659591476194623,5.158730158730158e-06
2020-07-10,MSFT,203.996337890625,-0.0030376200404074512,0.010411809774443004,5.158730158730158e-06
2020-07-13,MSFT,197.6951904296875,-0.03137563990507503,-0.009406645216058874,5.555555555555557e-06
2020-07-14,MSFT,198.91720581054688,0.006162284686428213,0.01331730058290395,5.9523809523809525e-06
2020-07-15,MSFT,198.6212310791016,-0.0014890373290595202,0.009041056936355048,6.349206349206349e-06
2020-07-16,MSFT,194.6877593994141,-0.020002608249307052,-0.0034119152141152374,4.365079365079366e-06
2020-07-17,MSFT,193.69488525390625,-0.005112876809049414,0.0028445625875835605,4.365079365079366e-06
2020-07-20,MSFT,202.0200958251953,0.0420830121756377,0.008371797255140334,5.158730158730158e-06
2020-07-21,MSFT,199.2991180419922,-0.013560374805673191,0.0016776293345600682,5.158730158730158e-06
2020-07-22,MSFT,202.16331481933597,0.014269058024048441,0.005730630594473862,5.158730158730158e-06
2020-07-23,MSFT,193.37026977539065,-0.044469012767605856,-0.012396378412246847,4.7619047619047615e-06
2020-07-24,MSFT,192.1864013671875,-0.006141105665802873,-0.006209640024276134,4.365079365079366e-06
2020-07-27,MSFT,194.62095642089844,0.012588112159823542,0.007367928821482373,4.365079365079366e-06
2020-07-28,MSFT,192.8738250732422,-0.00901763466491288,-0.006494435418646306,4.365079365079366e-06
2020-07-29,MSFT,194.8214569091797,0.010047314530963929,0.012351783351742583,4.365079365079366e-06
2020-07-30,MSFT,194.66867065429688,-0.0007845449828235215,-0.0037573017634548516,3.5714285714285714e-06
2020-07-31,MSFT,195.7284240722656,0.0054291183788540455,0.0076412362421762695,3.5714285714285714e-06
2020-08-03,MSFT,206.7364044189453,0.054716466244550434,0.007155362664358673,3.968253968253968e-06
2020-08-04,MSFT,203.6335906982422,-0.01512231833638381,0.003605423026133557,3.5714285714285714e-06
2020-08-05,MSFT,203.2994079589844,-0.001642446375622551,0.006409160435517922,3.968253968253968e-06
2020-08-06,MSFT,206.55503845214844,0.015887098447352588,0.006407126020664802,3.968253968253968e-06
2020-08-07,MSFT,202.8602294921875,-0.018049689692092894,0.0006328292699566697,3.968253968253968e-06
2020-08-10,MSFT,198.8217620849609,-0.020108461771244538,0.0027384652733919213,4.365079365079366e-06
2020-08-11,MSFT,194.1722717285156,-0.02366299183312821,-0.008001055401377298,4.365079365079366e-06
2020-08-12,MSFT,199.71917724609372,0.028166502460621017,0.013899502293613534,4.365079365079366e-06
2020-08-13,MSFT,199.2513885498047,-0.002344979558666145,-0.002049272676156681,3.968253968253968e-06
2020-08-14,MSFT,199.44232177734372,0.0009577941020375646,-0.00017189739627902921,3.968253968253968e-06
2020-08-17,MSFT,200.7598571777344,0.0065843727480906795,0.002706177507423456,3.968253968253968e-06
2020-08-18,MSFT,201.91510009765625,0.005737859127096773,0.0023007404198168474,3.5714285714285714e-06
2020-08-19,MSFT,200.69009399414065,-0.0060854152002379515,-0.004414123345182018,4.365079365079366e-06
2020-08-20,MSFT,205.36041259765625,0.023004648398747926,0.0031536547683461333,4.365079365079366e-06
2020-08-21,MSFT,203.8674468994141,-0.0072965331528851195,0.0034351999829724668,3.968253968253968e-06
2020-08-24,MSFT,204.5086669921875,0.003140343413457302,0.009993615364903508,4.7619047619047615e-06
2020-08-25,MSFT,207.1692352294922,0.012925664774463002,0.003589899745540117,4.365079365079366e-06
2020-08-26,MSFT,211.6480712890625,0.021388833448551612,0.010144001344841499,4.365079365079366e-06
2020-08-27,MSFT,216.8448181152344,0.024257119636772868,0.0016716460318091384,4.365079365079366e-06
2020-08-28,MSFT,219.07467651367188,0.010230686515519567,0.006710002849570254,3.968253968253968e-06
2020-08-31,MSFT,215.8399353027344,-0.014875567626999585,-0.002197375175508541,4.365079365079366e-06
2020-09-01,MSFT,217.5051422119141,0.007685399889902107,0.007496831420705943,4.7619047619047615e-06
2020-09-02,MSFT,221.6969451904297,0.019088844900671243,0.01524905014386973,4.7619047619047615e-06
2020-09-03,MSFT,207.96353149414065,-0.0639486025293251,-0.0357575941421853,4.365079365079366e-06
2020-09-04,MSFT,205.0445251464844,-0.01413558358292028,-0.008166280754275102,4.365079365079366e-06
2020-09-08,MSFT,193.9525451660156,-0.05561363479682842,-0.02814882908646679,5.158730158730158e-06
2020-09-09,MSFT,202.21177673339844,0.04170203128988322,0.019944760662180386,4.7619047619047615e-06
2020-09-10,MSFT,196.54612731933597,-0.02841839949560042,-0.017741245925395586,4.7619047619047615e-06
2020-09-11,MSFT,195.26370239257807,-0.006546183424199786,0.0005329301580873496,4.365079365079366e-06
2020-09-14,MSFT,196.58441162109372,0.006740949783394292,0.012661335025022992,4.365079365079366e-06
2020-09-15,MSFT,199.80958557128903,0.01627292614796184,0.005205785930499657,4.365079365079366e-06
2020-09-16,MSFT,196.2398376464844,-0.01802726826725235,-0.0046296468921518345,4.7619047619047615e-06
2020-09-17,MSFT,194.19183349609372,-0.010491069684015237,-0.008447949528552457,3.5714285714285714e-06
2020-09-18,MSFT,191.78009033203125,-0.01249715020019667,-0.011245576947828505,3.968253968253968e-06
2020-09-21,MSFT,193.83770751953125,0.01067189703028978,-0.011638564027297718,3.968253968253968e-06
2020-09-22,MSFT,198.508056640625,0.023808437139039195,0.010463016398376152,3.968253968253968e-06
2020-09-23,MSFT,191.97146606445312,-0.03348294017784184,-0.02400733891437413,4.365079365079366e-06
2020-09-24,MSFT,194.45980834960935,0.012878754093338964,0.0029830055546290505,3.968253968253968e-06
2020-09-25,MSFT,198.89085388183597,0.022530700473293502,0.015850439224188495,3.968253968253968e-06
2020-09-28,MSFT,200.4412384033203,0.007764927193923727,0.0159821918538544,4.365079365079366e-06
2020-09-29,MSFT,198.35487365722656,-0.010463410841172069,-0.004824282704443997,3.5714285714285714e-06
2020-09-30,MSFT,201.29299926757807,0.014703836777996953,0.00821984256837961,3.968253968253968e-06
2020-10-01,MSFT,203.33148193359372,0.01007600877984225,0.0052789495642950775,3.5714285714285714e-06
2020-10-02,MSFT,197.33087158203125,-0.029955692166149687,-0.009623812866370861,3.5714285714285714e-06
2020-10-05,MSFT,201.34085083007807,0.020117376082605345,0.017813109002900934,3.968253968253968e-06
2020-10-06,MSFT,197.06288146972656,-0.02147637404581547,-0.014072064387523205,3.968253968253968e-06
2020-10-07,MSFT,200.81448364257807,0.018858641826653255,0.017247163770241564,3.968253968253968e-06
2020-10-08,MSFT,201.5322723388672,0.0035680141426049686,0.007978212894869286,3.5714285714285714e-06
2020-10-09,MSFT,206.5375518798828,0.02453271611269006,0.008755095180752877,3.968253968253968e-06
2020-10-12,MSFT,211.8873748779297,0.025572637766862565,0.01628253015832422,3.968253968253968e-06
2020-10-13,MSFT,213.2846527099609,0.00657278829152966,-0.006326891629163268,4.365079365079366e-06
2020-10-14,MSFT,211.3705902099609,-0.009014726624163607,-0.0066451720840594065,4.7619047619047615e-06
2020-10-15,MSFT,210.2221527099609,-0.005448102985303226,-0.001528923514213078,4.365079365079366e-06
2020-10-16,MSFT,210.2221527099609,0.0,0.00013491045663045577,4.365079365079366e-06
2020-10-19,MSFT,205.015869140625,-0.025077455030239375,-0.016464663514942676,4.365079365079366e-06
2020-10-20,MSFT,205.4273834228516,0.002005219564676794,0.0047161953200011274,3.968253968253968e-06
2020-10-21,MSFT,205.5709381103516,0.0006985658374579058,-0.0021981140115702774,3.968253968253968e-06
2020-10-22,MSFT,205.6571044921875,0.0004190686148329757,0.0052053540034913415,3.5714285714285714e-06
2020-10-23,MSFT,206.93948364257807,0.006216160368729721,0.003439838320389479,3.968253968253968e-06
2020-10-26,MSFT,201.0537567138672,-0.02885408233081789,-0.018764472985322012,4.365079365079366e-06
2020-10-27,MSFT,204.0875396728516,0.014976699204321018,-0.003030205350445511,3.968253968253968e-06
2020-10-28,MSFT,193.97169494628903,-0.05083677176381776,-0.03592554210857772,3.968253968253968e-06
2020-10-29,MSFT,195.9240264892578,0.010014718053888122,0.01187652493999744,3.5714285714285714e-06
2020-10-30,MSFT,193.77072143554688,-0.01105135227417724,-0.012203713445259962,3.5714285714285714e-06
2020-11-02,MSFT,193.6367034912109,-0.0006918708370514474,0.012242950890591667,3.5714285714285714e-06
2020-11-03,MSFT,197.56057739257807,0.020061517264503854,0.01764273768407783,3.968253968253968e-06
2020-11-04,MSFT,207.09263610839844,0.04712095230419129,0.021807525655091704,3.968253968253968e-06
2020-11-05,MSFT,213.6961669921875,0.03138901517711771,0.01927326577670128,3.968253968253968e-06
2020-11-06,MSFT,214.1077117919922,0.0019239887582445797,-0.00028775658537381985,3.968253968253968e-06
2020-11-09,MSFT,209.0067138671875,-0.024112839311245648,0.011631974746344153,4.365079365079366e-06
2020-11-10,MSFT,201.9437713623047,-0.03437707615586991,-0.001400775220867666,3.968253968253968e-06
2020-11-11,MSFT,207.2457427978516,0.025915953359478754,0.007622728362991461,3.968253968253968e-06
2020-11-12,MSFT,206.18344116210935,-0.005138988803086715,-0.01002865154706935,3.968253968253968e-06
2020-11-13,MSFT,207.2074279785156,0.004954095444093337,0.013518546706294007,3.5714285714285714e-06
2020-11-16,MSFT,207.8965301513672,0.003320145676157244,0.011580734922832603,3.5714285714285714e-06
2020-11-17,MSFT,205.24554443359372,-0.012833464636265701,-0.004803443784647531,3.5714285714285714e-06
2020-11-18,MSFT,202.5396728515625,-0.01327125742575576,-0.011631210647481315,3.5714285714285714e-06
2020-11-19,MSFT,203.82542419433597,0.0063280810420730076,0.003938675690732779,2.7777777777777783e-06
2020-11-20,MSFT,201.8775787353516,-0.0096023958995441,-0.006815737372918576,2.7777777777777783e-06
2020-11-23,MSFT,201.60888671875,-0.0013318516447236432,0.005620108181849693,3.1746031746031746e-06
2020-11-24,MSFT,205.2071533203125,0.017690356752593814,0.016032458814031775,3.5714285714285714e-06
2020-11-25,MSFT,205.2167816162109,4.6918783631129937e-05,-0.0015856747555094064,3.5714285714285714e-06
2020-11-27,MSFT,206.5217742919922,0.006338959647401965,0.0023941110259011363,3.5714285714285714e-06
2020-11-30,MSFT,205.40866088867188,-0.005404388787610932,-0.004606140636972006,3.1746031746031746e-06
2020-12-01,MSFT,207.46209716796875,0.00994719616698002,0.011208140661592923,3.5714285714285714e-06
2020-12-02,MSFT,206.6560821533203,-0.003892686062538767,0.0017895645286042845,3.5714285714285714e-06
2020-12-03,MSFT,205.57179260253903,-0.005260644016412739,-0.0006243520802942291,3.1746031746031746e-06
2020-12-04,MSFT,205.6869354248047,0.0005599532237359645,0.00879746371518688,3.5714285714285714e-06
2020-12-07,MSFT,205.6197662353516,-0.0003266136427103878,-0.001937513438963252,3.1746031746031746e-06
2020-12-08,MSFT,207.27020263671875,0.007994600577563411,0.002783271170170473,3.5714285714285714e-06
2020-12-09,MSFT,203.23052978515625,-0.019682319390124773,-0.00798096494847171,3.1746031746031746e-06
2020-12-10,MSFT,202.00230407714844,-0.006061845765696424,-0.0012859345277717227,3.1746031746031746e-06
2020-12-11,MSFT,204.63145446777344,0.012931474444256071,-0.0012657980842328352,3.1746031746031746e-06
2020-12-14,MSFT,205.53341674804688,0.0043980545261159305,-0.0043687882451469585,3.5714285714285714e-06
2020-12-15,MSFT,205.46624755859372,-0.00032685763947991147,0.012838482022218645,3.1746031746031746e-06
2020-12-16,MSFT,210.40786743164065,0.02376609791083617,0.0017712256203230642,3.5714285714285714e-06
2020-12-17,MSFT,210.542236328125,0.0006384077345408331,0.0057411428089832834,3.1746031746031746e-06
2020-12-18,MSFT,209.7458038330078,-0.0037899410514669195,-0.003517296952148704,3.1746031746031746e-06
2020-12-21,MSFT,213.583984375,0.018133785173672423,-0.003913928486909485,3.5714285714285714e-06
2020-12-22,MSFT,214.8793182373047,0.0060464352526258805,-0.0020752446917703606,3.5714285714285714e-06
2020-12-23,MSFT,212.07748413085935,-0.013124860930091988,0.0007455332718186887,3.5714285714285714e-06
2020-12-24,MSFT,213.73748779296875,0.00779687038277276,0.0035303499794869524,3.5714285714285714e-06
2020-12-28,MSFT,215.8580780029297,0.009872575989473883,0.0086847075384115,4.365079365079366e-06
2020-12-29,MSFT,215.0808563232422,-0.0036071121010306986,-0.002229864827278697,3.968253968253968e-06
2020-12-30,MSFT,212.7107696533203,-0.011080679359657558,0.0013406480950792154,3.1746031746031746e-06
2020-12-31,MSFT,213.4208221435547,0.003332553422704785,0.006418204711703793,3.5714285714285714e-06
2021-01-04,MSFT,208.88221740722656,-0.021495367380321612,-0.014864762712025787,3.5714285714285714e-06
2021-01-05,MSFT,209.08370971679688,0.0009641567032301462,0.007057631383362026,3.5714285714285714e-06
2021-01-06,MSFT,203.66233825683597,-0.026271278880628128,0.005693603382474094,3.5714285714285714e-06
2021-01-07,MSFT,209.45790100097656,0.02805935143683163,0.014738260107752971,3.5714285714285714e-06
2021-01-08,MSFT,210.73411560058597,0.0060744539326631946,0.00547683739351537,3.1746031746031746e-06
2021-01-11,MSFT,208.6903076171875,-0.009745851921119094,-0.006576327616621317,3.1746031746031746e-06
2021-01-12,MSFT,206.23388671875,-0.011840474141724485,0.000415702030569564,3.5714285714285714e-06
2021-01-13,MSFT,207.5868377685547,0.006538850233300737,0.0022730563867261076,3.5714285714285714e-06
2021-01-14,MSFT,204.4011688232422,-0.015465170769656533,-0.003760513068743101,3.5714285714285714e-06
2021-01-15,MSFT,204.04612731933597,-0.0017384940318187511,-0.007216000798278504,3.5714285714285714e-06
2021-01-19,MSFT,207.68276977539065,0.017665687578002888,0.008103457635761657,3.5714285714285714e-06
2021-01-20,MSFT,215.26315307617188,0.035849477313173304,0.013839417376510862,3.1746031746031746e-06
2021-01-21,MSFT,215.86764526367188,0.002804218979268482,0.00031667316131354906,3.5714285714285714e-06
2021-01-22,MSFT,216.80799865722656,0.004346696595173506,-0.0030151526629377105,3.1746031746031746e-06
2021-01-25,MSFT,220.24317932128903,0.01572013338219574,0.0036093175130174657,3.5714285714285714e-06
2021-01-26,MSFT,222.92990112304688,0.012125080861241939,-0.001489943161153501,2.7777777777777783e-06
2021-01-27,MSFT,223.476806640625,0.002450257945012382,-0.02601331512610035,3.1746031746031746e-06
2021-01-28,MSFT,229.26284790039065,0.025561517503446984,0.009713298778760395,2.7777777777777783e-06
2021-01-29,MSFT,222.5748748779297,-0.02960559144952968,-0.019500377654792,2.3809523809523808e-06
2021-02-01,MSFT,229.95372009277344,0.032614510385715174,0.015924300234678626,2.7777777777777783e-06
2021-02-02,MSFT,229.81936645507807,-0.0005844345632683274,0.013802528814310624,2.7777777777777783e-06
2021-02-03,MSFT,233.1681671142578,0.014466303377756243,0.0010082606153447803,1.5873015873015873e-06
2021-02-04,MSFT,232.21820068359372,-0.004082490660659786,0.010794847643921975,1.5873015873015873e-06
2021-02-05,MSFT,232.4005126953125,0.0007847812230799727,0.003889919607763825,1.1904761904761904e-06
2021-02-08,MSFT,232.6595764160156,0.0011141087079512316,0.007372107476289037,1.984126984126984e-06
2021-02-09,MSFT,233.9070281982422,0.005347381241641911,-0.0011141454217211749,1.5873015873015873e-06
2021-02-10,MSFT,232.9954833984375,-0.0039046521931453203,-0.0003452445223915674,1.984126984126984e-06
2021-02-11,MSFT,234.5979156494141,0.006853982658295899,0.0016610748145877074,1.984126984126984e-06
2021-02-12,MSFT,235.0776824951172,0.002042971848938743,0.004699970926162608,1.5873015873015873e-06
2021-02-16,MSFT,233.83984375,-0.005279570718148754,-0.0005694345154154666,1.5873015873015873e-06
2021-02-17,MSFT,234.8592987060547,0.004350153313182578,-0.0003204533489169501,1.5873015873015873e-06
2021-02-18,MSFT,234.4649658203125,-0.0016804286858450195,-0.004425614227243303,1.1904761904761904e-06
2021-02-19,MSFT,231.7528076171875,-0.011634858012577918,-0.0018566190956649255,1.5873015873015873e-06
2021-02-22,MSFT,225.5399627685547,-0.027173957498378528,-0.007762892893710863,1.1904761904761904e-06
2021-02-23,MSFT,224.3473663330078,-0.0053017684737199896,0.0012555296115265332,1.5873015873015873e-06
2021-02-24,MSFT,225.5783843994141,0.005472107947578769,0.011287667670985945,1.1904761904761904e-06
2021-02-25,MSFT,220.23106384277344,-0.023990415823149987,-0.02478339442417185,1.5873015873015873e-06
2021-02-26,MSFT,223.49143981933597,0.014695827357579749,-0.004761532293798778,1.5873015873015873e-06
2021-03-01,MSFT,227.87701416015625,0.019432959105904594,0.02351217322569352,1.984126984126984e-06
2021-03-02,MSFT,224.9244079589844,-0.01304169071249013,-0.008113678739508762,1.5873015873015873e-06
2021-03-03,MSFT,218.8557891845703,-0.02735136509082515,-0.01315233589480116,1.984126984126984e-06
2021-03-04,MSFT,218.0574951171875,-0.003654248952378441,-0.013508038064390469,1.5873015873015873e-06
2021-03-05,MSFT,222.7412567138672,0.021252046929703432,0.019308356338709188,1.5873015873015873e-06
2021-03-08,MSFT,218.69227600097656,-0.01834520473884821,-0.005373643224025429,1.984126984126984e-06
2021-03-09,MSFT,224.837890625,0.02771404714187807,0.014055400743930569,1.984126984126984e-06
2021-03-10,MSFT,223.5298614501953,-0.005834643011344002,0.006012203770988197,1.5873015873015873e-06
2021-03-11,MSFT,228.05975341796875,0.020062657605910042,0.010341825500657608,1.5873015873015873e-06
2021-03-12,MSFT,226.73252868652344,-0.005836635982944822,0.0010148833275308508,1.5873015873015873e-06
2021-03-15,MSFT,225.8284454345703,-0.003995415010722259,0.006470939539413048,1.5873015873015873e-06
2021-03-16,MSFT,228.61752319335935,0.012274782792707016,-0.0015709169785959108,7.936507936507937e-07
2021-03-17,MSFT,227.97314453125,-0.0028225679387112223,0.0028752446501592592,7.936507936507937e-07
2021-03-18,MSFT,221.89495849609372,-0.02702372490405783,-0.014870560065947797,3.9682539682539683e-07
2021-03-19,MSFT,221.5390472412109,-0.0016052505071996407,-0.0006028856737550234,3.9682539682539683e-07
2021-03-22,MSFT,226.96331787109372,0.024189549679860305,0.007000556898342752,1.1904761904761904e-06
2021-03-23,MSFT,228.49249267578125,0.0067149458419900705,-0.007660118119334028,3.9682539682539683e-07
2021-03-24,MSFT,226.45362854003903,-0.00896316152855935,-0.00548233660034883,7.936507936507937e-07
2021-03-25,MSFT,223.4529266357422,-0.0133394206645266,0.005226583432729291,7.936507936507937e-07
2021-03-26,MSFT,227.43458557128903,0.017661888303382865,0.016494418658716575,7.936507936507937e-07
2021-03-29,MSFT,226.24203491210935,-0.0052572839422647885,-0.0008683896263867381,1.1904761904761904e-06
2021-03-30,MSFT,222.9817047119141,-0.014515650708066265,-0.0031628294096500294,7.936507936507937e-07
2021-03-31,MSFT,226.7517547607422,0.016766101267775273,0.003615953592419885,1.1904761904761904e-06
2021-04-01,MSFT,233.08004760742188,0.027526118816737187,0.011755830427674127,7.936507936507937e-07
2021-04-05,MSFT,239.54302978515625,0.027351119258433174,0.0143349877622439,1.1904761904761904e-06
2021-04-06,MSFT,238.37925720214844,-0.004870142761358591,-0.0009740049407969285,7.936507936507937e-07
2021-04-07,MSFT,240.34124755859372,0.008196855251349056,0.0014741456981068137,7.936507936507937e-07
2021-04-08,MSFT,243.5631103515625,0.013316310752994763,0.004211750940591775,3.9682539682539683e-07
2021-04-09,MSFT,246.0636749267578,0.01021425457460993,0.007690288135687276,7.936507936507937e-07
2021-04-12,MSFT,246.1213531494141,0.0002343761781855296,-0.0001960980747395339,7.936507936507937e-07
2021-04-13,MSFT,248.6027069091797,0.010031347847645955,0.0032890718770625686,1.1904761904761904e-06
2021-04-14,MSFT,245.81358337402344,-0.011282610129283738,-0.004096104320730151,7.936507936507937e-07
2021-04-15,MSFT,249.57403564453125,0.015182149723366756,0.011033101401119478,7.936507936507937e-07
2021-04-16,MSFT,250.7666473388672,0.004767207598863583,0.0036023233905179666,7.936507936507937e-07
2021-04-19,MSFT,248.84310913085935,-0.007700200756557002,-0.005320689893757947,7.936507936507937e-07
2021-04-20,MSFT,248.38145446777344,-0.0018569267471433368,-0.006825561005077803,1.1904761904761904e-06
2021-04-21,MSFT,250.6127471923828,0.008943220538250451,0.009263020919853236,1.1904761904761904e-06
2021-04-22,MSFT,247.3331451416016,-0.013172714241809422,-0.009253337860554323,1.1904761904761904e-06
2021-04-23,MSFT,251.16099548339844,0.015357956164840288,0.01086940989553096,1.1904761904761904e-06
2021-04-26,MSFT,251.545654296875,0.0015303513041511612,0.001780684564582624,1.1904761904761904e-06
2021-04-27,MSFT,251.9495849609375,0.0016045067330364199,-0.0002149189814442344,3.9682539682539683e-07
2021-04-28,MSFT,244.8230133056641,-0.028693452996788524,-0.0008458975873960478,3.9682539682539683e-07
2021-04-29,MSFT,242.8513946533203,-0.008085843186894598,0.0067400415367024095,3.9682539682539683e-07
2021-04-30,MSFT,242.53402709960935,-0.0013076931638832765,-0.0072207134171198275,3.9682539682539683e-07
2021-05-03,MSFT,242.2262725830078,-0.00126971849035274,0.002744321649512167,1.5873015873015873e-06
2021-05-04,MSFT,238.31198120117188,-0.016291639333259108,-0.0067007374898472305,7.936507936507937e-07
2021-05-05,MSFT,237.04248046875,-0.005341293089525038,0.0007032164471135163,7.936507936507937e-07
2021-05-06,MSFT,240.1777801513672,0.013140032195056758,0.008132299498632055,7.936507936507937e-07
2021-05-07,MSFT,242.8033447265625,0.01087243498293036,0.007346291419186351,7.936507936507937e-07
2021-05-10,MSFT,237.72531127929688,-0.02113598190145189,-0.010490480503138024,7.936507936507937e-07
2021-05-11,MSFT,236.8116455078125,-0.0038507723684603184,-0.008711750141781542,3.9682539682539683e-07
2021-05-12,MSFT,229.85818481445312,-0.02980254947382961,-0.021682782358302413,7.936507936507937e-07
2021-05-13,MSFT,233.7340545654297,0.01672141908758902,0.012099644578094055,7.936507936507937e-07
2021-05-14,MSFT,238.6581878662109,0.02084840188212186,0.014807778563623631,3.9682539682539683e-07
2021-05-17,MSFT,235.80178833007807,-0.012040779789715045,-0.002533258183961915,7.936507936507937e-07
2021-05-18,MSFT,233.7821350097656,-0.008601937474087653,-0.0085537723840327,7.936507936507937e-07
2021-05-19,MSFT,234.36050415039065,0.002470911156169381,-0.002947751811378411,3.9682539682539683e-07
2021-05-20,MSFT,237.59945678710935,0.013725755382720157,0.01049942933450842,3.9682539682539683e-07
2021-05-21,MSFT,236.33663940429688,-0.005329074453393164,-0.0007841880752528091,3.9682539682539683e-07
2021-05-24,MSFT,241.7445068359375,0.022624184793593065,0.009862497481216075,7.936507936507937e-07
2021-05-25,MSFT,242.6506805419922,0.0037414688946675973,-0.002127545400828599,7.936507936507937e-07
2021-05-26,MSFT,242.42898559570312,-0.0009140558848393233,0.0018750575506104544,7.936507936507937e-07
2021-05-27,MSFT,240.3274688720703,-0.008706377631722011,0.001164636089862995,7.936507936507937e-07
2021-05-28,MSFT,240.6841278076172,0.001482953855462482,0.000768586452887337,3.9682539682539683e-07
2021-06-01,MSFT,238.48629760742188,-0.009173544511942909,-0.0004924547586291649,7.936507936507937e-07
2021-06-02,MSFT,238.389892578125,-0.0004043189095797043,0.0014458890369002922,7.936507936507937e-07
2021-06-03,MSFT,236.8572235107422,-0.00645001023291408,-0.003635303056049319,7.936507936507937e-07
2021-06-04,MSFT,241.754150390625,0.020463775140499473,0.008795303383016323,7.936507936507937e-07
2021-06-07,MSFT,244.66537475585935,0.011970157346893991,-0.0007970562694215079,7.936507936507937e-07
2021-06-08,MSFT,243.4700469970703,-0.004897534965774283,0.00017500954944121158,7.936507936507937e-07
2021-06-09,MSFT,244.4532928466797,0.004030334686912285,-0.0018255325906156837,1.1904761904761904e-06
2021-06-10,MSFT,247.97178649902344,0.01429071621231331,0.004641454776462911,1.1904761904761904e-06
2021-06-11,MSFT,248.598388671875,0.002523721869578507,0.0019465389328083601,1.1904761904761904e-06
2021-06-14,MSFT,250.5263214111328,0.007725293052328908,0.0018135563851361702,1.1904761904761904e-06
2021-06-15,MSFT,249.05142211914065,-0.005904600820202825,-0.00201371995427588,1.1904761904761904e-06
2021-06-16,MSFT,248.10671997070312,-0.0038004136128806,-0.005404703747026491,1.5873015873015873e-06
2021-06-17,MSFT,251.4999237060547,0.013583710118763078,-0.00043581054367264766,1.5873015873015873e-06
2021-06-18,MSFT,250.08287048339844,-0.005650341316258363,-0.013211355687284158,1.984126984126984e-06
2021-06-21,MSFT,253.1676483154297,0.012259565972659975,0.013905163512319857,1.984126984126984e-06
2021-06-22,MSFT,255.9438323974609,0.010906104868910353,0.005111406378990611,1.5873015873015873e-06
2021-06-23,MSFT,255.71246337890625,-0.0009043924065228165,-0.0010838705186495853,1.984126984126984e-06
2021-06-24,MSFT,257.08135986328125,0.005338986836436166,0.005794429545916893,1.984126984126984e-06
2021-06-25,MSFT,255.4714813232422,-0.006281825812555231,0.003325063164687565,2.3809523809523808e-06
2021-06-28,MSFT,259.0381774902344,0.013864669947146375,0.0023122888604717494,1.984126984126984e-06
2021-06-29,MSFT,261.6215515136719,0.009923545377844017,0.0002772977426878152,1.5873015873015873e-06
2021-06-30,MSFT,261.1396484375,-0.0018436839334012268,0.0013272784229071918,1.984126984126984e-06
2021-07-01,MSFT,261.8144226074219,0.002580626413530122,0.005208041432254744,1.984126984126984e-06
2021-07-02,MSFT,267.6463928222656,0.022030737397423818,0.007472095894691671,1.984126984126984e-06
2021-07-06,MSFT,267.6560974121094,3.6258339992172664e-05,-0.0020239027700217787,1.984126984126984e-06
2021-07-07,MSFT,269.8442077636719,0.008141846313028847,0.0033533465536629346,1.984126984126984e-06
2021-07-08,MSFT,267.4247436523437,-0.009006589568355605,-0.008597881009556396,2.3809523809523808e-06
2021-07-09,MSFT,267.92596435546875,0.0018724953271853399,0.011214825902413766,2.3809523809523808e-06
2021-07-12,MSFT,267.32830810546875,-0.0022331685299033024,0.0034452326955940497,1.984126984126984e-06
2021-07-13,MSFT,270.8563842773437,0.01311121168065508,-0.0035230111811655838,1.984126984126984e-06
2021-07-14,MSFT,272.3313903808594,0.005430938610117623,0.0011642565654693257,2.3809523809523808e-06
2021-07-15,MSFT,270.90460205078125,-0.00525293474944216,-0.0032675735627459117,1.984126984126984e-06
2021-07-16,MSFT,270.6347351074219,-0.000996666159524962,-0.007567415006813217,1.984126984126984e-06
2021-07-19,MSFT,267.02947998046875,-0.01341100657589587,-0.015996781399983978,1.984126984126984e-06
2021-07-20,MSFT,269.2562561035156,0.008304486845642795,0.0150488060047999,1.984126984126984e-06
2021-07-21,MSFT,271.2613220214844,0.007419093092129872,0.008208041662144044,1.984126984126984e-06
2021-07-22,MSFT,275.8305358886719,0.016704032583401886,0.0020146392092429753,1.984126984126984e-06
2021-07-23,MSFT,279.2333679199219,0.012261199615979528,0.010094332386254415,1.984126984126984e-06
2021-07-26,MSFT,278.6356506347656,-0.0021428596820940735,0.0023793669227295928,1.984126984126984e-06
2021-07-27,MSFT,276.2160949707031,-0.008721504510322203,-0.004723583382178003,1.984126984126984e-06
2021-07-28,MSFT,275.9076538085937,-0.001117290081717771,-0.000186279231552706,1.984126984126984e-06
2021-07-29,MSFT,276.1775817871094,0.0009778490081623658,0.004197331845272641,2.3809523809523808e-06
2021-07-30,MSFT,274.6448059082031,-0.0055654231544914915,-0.005420713608261166,2.3809523809523808e-06
2021-08-02,MSFT,274.5580749511719,-0.0003158430546342052,-0.001844505670060361,1.984126984126984e-06
2021-08-03,MSFT,276.7752380371094,0.008042956904265321,0.008169961338918062,1.984126984126984e-06
2021-08-04,MSFT,276.18719482421875,-0.0021268838518456587,-0.004643150661295458,1.984126984126984e-06
2021-08-05,MSFT,279.0887451171875,0.010450936169394147,0.005987485990419113,1.984126984126984e-06
2021-08-06,MSFT,279.0308837890625,-0.00020734382141579204,0.0016738645485288822,2.3809523809523808e-06
2021-08-09,MSFT,277.9416198730469,-0.00391137909883791,-0.0009403502649549345,2.3809523809523808e-06
2021-08-10,MSFT,276.11968994140625,-0.006576660258622518,0.0009921869538634502,1.984126984126984e-06
2021-08-11,MSFT,276.611328125,0.0017789423686345523,0.0012749307180154837,1.984126984126984e-06
2021-08-12,MSFT,279.3683166503906,0.009917669286691242,0.00413780773547866,2.3809523809523808e-06
2021-08-13,MSFT,282.2988586425781,0.010435249608168811,0.0016060163209228441,2.3809523809523808e-06
2021-08-16,MSFT,283.9857482910156,0.00595776264249521,0.0026174222619943593,2.3809523809523808e-06
2021-08-17,MSFT,282.5205078125,-0.005172912849929566,-0.007085743507137991,2.7777777777777783e-06
2021-08-18,MSFT,280.7917175292969,-0.006137966239871783,-0.01080665284525433,2.7777777777777783e-06
2021-08-19,MSFT,286.6252136230469,0.020562310744441436,0.001255903256156918,2.3809523809523808e-06
2021-08-20,MSFT,293.95574951171875,0.02525375766293677,0.00810860389074176,1.984126984126984e-06
2021-08-23,MSFT,294.23583984375,0.0009523779607554559,0.008487667984412181,1.984126984126984e-06
2021-08-24,MSFT,292.2752380371094,-0.006685667785369689,0.0014946188019620721,1.984126984126984e-06
2021-08-25,MSFT,291.6860656738281,-0.0020178479616673136,0.00221765740325088,2.3809523809523808e-06
2021-08-26,MSFT,288.8658752441406,-0.009715625475767516,-0.0058419498276026565,1.984126984126984e-06
2021-08-27,MSFT,289.474365234375,0.0021042637955122883,0.008769071540452218,1.984126984126984e-06
2021-08-30,MSFT,293.21209716796875,0.012829483581652004,0.0042973241068746,1.984126984126984e-06
2021-08-31,MSFT,291.5604858398437,-0.005648745402209962,-0.0013500269158932096,1.5873015873015873e-06
2021-09-01,MSFT,291.51226806640625,-0.0001653919625787345,0.00031164006095334113,1.984126984126984e-06
2021-09-02,MSFT,290.8554992675781,-0.0022555131451335005,0.002838605754404257,1.984126984126984e-06
2021-09-03,MSFT,290.84588623046875,-3.305144993599118e-05,-0.0003350872611813474,1.984126984126984e-06
2021-09-07,MSFT,289.91864013671875,-0.003193193935028237,-0.0034013524523203464,1.984126984126984e-06
2021-09-08,MSFT,289.9476013183594,9.988917993242289e-05,-0.001319436813816666,1.984126984126984e-06
2021-09-09,MSFT,287.0887756347656,-0.009908730847478623,-0.004616247150002522,1.5873015873015873e-06
2021-09-10,MSFT,285.6014099121094,-0.005194323578121001,-0.0077525522862761,1.984126984126984e-06
2021-09-13,MSFT,286.837646484375,0.004319196883341741,0.002273900346369644,2.3809523809523808e-06
2021-09-14,MSFT,289.5419616699219,0.009383867825103248,-0.005763213966258604,1.5873015873015873e-06
2021-09-15,MSFT,294.3999938964844,0.016639134293931903,0.008438294222079725,1.5873015873015873e-06
2021-09-16,MSFT,294.786376953125,0.0013115819752348207,-0.0015523447127638308,1.5873015873015873e-06
2021-09-17,MSFT,289.6192321777344,-0.017683880337851537,-0.0091526302757993,1.5873015873015873e-06
2021-09-20,MSFT,284.2395935058594,-0.01874954615715868,-0.017123077726381844,1.5873015873015873e-06
2021-09-21,MSFT,284.7225341796875,0.001697620162436712,-0.0008126886585469564,1.1904761904761904e-06
2021-09-22,MSFT,288.37335205078125,0.012740860107251083,0.009474585224220084,1.1904761904761904e-06
2021-09-23,MSFT,289.3197937011719,0.003276627061000742,0.012061680369935969,1.1904761904761904e-06
2021-09-24,MSFT,289.11700439453125,-0.0007011632579958479,0.0014599428113642636,1.1904761904761904e-06
2021-09-27,MSFT,284.1141052246094,-0.017455529246043107,-0.002780243920187674,1.5873015873015873e-06
2021-09-28,MSFT,273.828125,-0.036875307886425686,-0.020574317739894057,1.5873015873015873e-06
2021-09-29,MSFT,274.291748046875,0.0016916852690057693,0.0015679543362838073,1.5873015873015873e-06
2021-09-30,MSFT,272.2828674316406,-0.0073508341006639725,-0.011981202945014901,1.5873015873015873e-06
2021-10-01,MSFT,279.2174072265625,0.025149236033284762,0.011425952113334161,1.5873015873015873e-06
2021-10-04,MSFT,273.4321594238281,-0.020937170633549218,-0.013070952048643704,1.5873015873015873e-06
2021-10-05,MSFT,278.8890380859375,0.019760444647767845,0.010469517498601526,1.5873015873015873e-06
2021-10-06,MSFT,283.0903625488281,0.01495215921082408,0.004094399349624824,1.5873015873015873e-06
2021-10-07,MSFT,284.7708435058594,0.005918649996770693,0.008264039225065405,1.984126984126984e-06
2021-10-08,MSFT,284.7708435058594,0.0,-0.0019155566024214522,1.984126984126984e-06
2021-10-11,MSFT,284.1720275878906,-0.002105013243014559,-0.006889441644339833,1.984126984126984e-06
2021-10-12,MSFT,282.86822509765625,-0.0045986322196000075,-0.0024197056865549256,2.3809523809523808e-06
2021-10-13,MSFT,286.180908203125,0.011643003507679427,0.0030179558702319183,1.984126984126984e-06
2021-10-14,MSFT,292.4007873535156,0.021501263587856055,0.016919162285711567,1.984126984126984e-06
2021-10-15,MSFT,293.81085205078125,0.004810779322618041,0.007432520637190081,1.984126984126984e-06
2021-10-18,MSFT,296.7855834960937,0.010073737065046351,0.0033690878018038262,2.3809523809523808e-06
2021-10-19,MSFT,297.6934509277344,0.003054331893495404,0.007366142784235753,1.984126984126984e-06
2021-10-20,MSFT,296.9015197753906,-0.002663768311663208,0.003657333598560689,1.984126984126984e-06
2021-10-21,MSFT,300.13702392578125,0.010838616229600733,0.002991393168360022,2.3809523809523808e-06
2021-10-22,MSFT,298.5916442871094,-0.0051622150484823565,-0.0010731292246643565,2.3809523809523808e-06
2021-10-25,MSFT,297.5968322753906,-0.003337243083726698,0.004736959440853509,2.3809523809523808e-06
2021-10-26,MSFT,299.5091552734375,0.006405326947595936,0.0018181414322441137,2.3809523809523808e-06
2021-10-27,MSFT,312.1227111816406,0.041251429940714526,-0.0050643703711055294,2.3809523809523808e-06
2021-10-28,MSFT,313.2623291015625,0.0036445361111732306,0.009781288424184026,2.3809523809523808e-06
2021-10-29,MSFT,320.2839050292969,0.022166854012326005,0.0019474372317175562,1.984126984126984e-06
2021-11-01,MSFT,318.11083984375,-0.006807930660707828,0.0017984589459023885,1.984126984126984e-06
2021-11-02,MSFT,321.7423095703125,0.011351069293740999,0.003673607120388547,1.984126984126984e-06
2021-11-03,MSFT,322.5825500488281,0.002608128313757437,0.00644049461289024,1.984126984126984e-06
2021-11-04,MSFT,324.9391784667969,0.0072789490122128365,0.004173222342817036,1.5873015873015873e-06
2021-11-05,MSFT,324.5721435546875,-0.0011301880005282468,0.003725850045284445,1.984126984126984e-06
2021-11-08,MSFT,325.4703369140625,0.002763493026931006,0.0008873940607025194,2.3809523809523808e-06
2021-11-09,MSFT,324.4658508300781,-0.003091032328109973,-0.0035049109264001276,1.5873015873015873e-06
2021-11-10,MSFT,319.49188232421875,-0.015448428276594097,-0.008259842163861058,1.984126984126984e-06
2021-11-11,MSFT,321.0661926269531,0.004915443373880772,0.0005507883329889288,1.984126984126984e-06
2021-11-12,MSFT,325.20953369140625,0.012822384205415734,0.007196697564130407,1.984126984126984e-06
2021-11-15,MSFT,324.581787109375,-0.0019321488521869936,-1.0739878017001878e-05,1.984126984126984e-06
2021-11-16,MSFT,327.9042053222656,0.01018396399690706,0.0038577790571266367,1.984126984126984e-06
2021-11-17,MSFT,328.12664794921875,0.0006781468718083357,-0.0026050154828958787,1.984126984126984e-06
2021-11-18,MSFT,330.2070617675781,0.006320261936914931,0.0033790647401719144,1.984126984126984e-06
2021-11-19,MSFT,331.98736572265625,0.005376995548516534,-0.001399644604988097,1.984126984126984e-06
2021-11-22,MSFT,328.8136901855469,-0.009605614007543195,-0.003202258316960725,1.984126984126984e-06
2021-11-23,MSFT,326.7334289550781,-0.006346662665398337,0.001655761383195201,2.3809523809523808e-06
2021-11-24,MSFT,326.9559631347656,0.0006808560486888767,0.0022912237766672798,2.3809523809523808e-06
2021-11-26,MSFT,318.99273681640625,-0.024657158590855273,-0.022987011159321162,2.3809523809523808e-06
2021-11-29,MSFT,325.7174072265625,0.020861822512545685,0.013113836082824229,2.3809523809523808e-06
2021-11-30,MSFT,319.8732604980469,-0.018105300040256487,-0.019143381187850562,1.984126984126984e-06
2021-12-01,MSFT,319.3797607421875,-0.0015439891169848556,-0.011885541457955926,2.3809523809523808e-06
2021-12-02,MSFT,318.80889892578125,-0.0017890069339653403,0.014094638396057768,1.984126984126984e-06
2021-12-03,MSFT,312.5390014648437,-0.01986259426986862,-0.00848445514173865,2.3809523809523808e-06
2021-12-06,MSFT,315.6158752441406,0.009796623417645624,0.011662599309686139,2.3809523809523808e-06
2021-12-07,MSFT,324.06280517578125,0.026411450648159113,0.020495603186252546,2.3809523809523808e-06
2021-12-08,MSFT,324.1112976074219,0.00014962779760214074,0.003080535586585806,2.7777777777777783e-06
2021-12-09,MSFT,322.3018493652344,-0.005598441110668386,-0.007206988232523656,2.3809523809523808e-06
2021-12-10,MSFT,331.43585205078125,0.027945755929123677,0.009503769118209724,2.3809523809523808e-06
2021-12-13,MSFT,328.3976745605469,-0.009208986324078714,-0.009178158342793815,1.984126984126984e-06
2021-12-14,MSFT,317.6961364746094,-0.03312991615623997,-0.0074987228546236715,1.984126984126984e-06
2021-12-15,MSFT,323.8016357421875,0.019035712658067454,0.016216267351890877,2.3809523809523808e-06
2021-12-16,MSFT,314.36767578125,-0.02956785006722005,-0.008781863311112446,1.984126984126984e-06
2021-12-17,MSFT,313.3033447265625,-0.0033913691727650123,-0.01034096458405368,1.984126984126984e-06
2021-12-20,MSFT,309.5394287109375,-0.012086394819800172,-0.01145339832325659,2.7777777777777783e-06
2021-12-21,MSFT,316.6801452636719,0.022806780134873746,0.017621755385195486,2.7777777777777783e-06
2021-12-22,MSFT,322.398681640625,0.017896662408897052,0.010128728029127596,3.1746031746031746e-06
2021-12-23,MSFT,323.84033203125,0.004461670532551402,0.006204412685251626,3.1746031746031746e-06
2021-12-27,MSFT,331.34881591796875,0.022921053066734573,0.013744051573605864,2.3809523809523808e-06
2021-12-28,MSFT,330.1876525878906,-0.0035105079699776155,-0.0010106653988873737,2.3809523809523808e-06
2021-12-29,MSFT,330.86505126953125,0.0020494551033294305,0.0014009134018576786,1.984126984126984e-06
2021-12-30,MSFT,328.3202819824219,-0.007720990746163423,-0.002994233841904309,1.984126984126984e-06
2021-12-31,MSFT,325.41748046875,-0.008880688123655146,-0.0026296343734744394,2.3809523809523808e-06
2022-01-03,MSFT,323.8983764648437,-0.004679099576225089,0.006353824170388397,3.5714285714285714e-06
2022-01-04,MSFT,318.3444519042969,-0.01729583505596551,-0.0006298202522032699,3.1746031746031746e-06
2022-01-05,MSFT,306.1239013671875,-0.039144052222113104,-0.019583264304501073,3.5714285714285714e-06
2022-01-06,MSFT,303.70489501953125,-0.007933436563003653,-0.0009642337401809882,3.968253968253968e-06
2022-01-07,MSFT,303.8597717285156,0.0005098279107244764,-0.004058441082336512,3.968253968253968e-06
2022-01-10,MSFT,304.0823059082031,0.0007320901046745223,-0.0014420705375388979,5.158730158730158e-06
2022-01-11,MSFT,304.769287109375,0.0022566467775903044,0.009118286452399373,4.7619047619047615e-06
2022-01-12,MSFT,307.9525756835937,0.010390741406334978,0.0028137920146670695,4.7619047619047615e-06
2022-01-13,MSFT,294.91925048828125,-0.04324420435359709,-0.014346029234400533,4.7619047619047615e-06
2022-01-14,MSFT,300.1441955566406,0.017561419324233142,0.0008196442695905652,5.158730158730158e-06
2022-01-18,MSFT,292.8389892578125,-0.024640077779908915,-0.0185591053980085,6.746031746031747e-06
2022-01-19,MSFT,293.4969177246094,0.002244204167260748,-0.009736790941460195,6.746031746031747e-06
2022-01-20,MSFT,291.822998046875,-0.005719690022946533,-0.011098742304330734,7.142857142857143e-06
2022-01-21,MSFT,286.4336242675781,-0.018640616035777213,-0.019095995324635427,6.746031746031747e-06
2022-01-24,MSFT,286.76251220703125,0.0011475582426928857,0.0027679047582695165,7.936507936507936e-06
2022-01-25,MSFT,279.13800048828125,-0.02694810466632076,-0.012246590556866267,7.936507936507936e-06
2022-01-26,MSFT,287.0915222167969,0.028094772725022622,-0.0014977569258856588,7.5396825396825394e-06
2022-01-27,MSFT,290.1200256347656,0.0104936611887983,-0.005398635199970923,7.936507936507936e-06
2022-01-28,MSFT,298.26715087890625,0.02769484551272014,0.024055967914736694,7.5396825396825394e-06
2022-01-31,MSFT,300.89898681640625,0.008785052086107107,0.018709826222984446,9.523809523809523e-06
2022-02-01,MSFT,298.7509155273437,-0.007164448685517897,0.006839560348317067,7.936507936507936e-06
2022-02-02,MSFT,303.2984924316406,0.015107276362689196,0.009378400448324454,7.936507936507936e-06
2022-02-03,MSFT,291.4844055175781,-0.03973093713767438,-0.024693471720120656,8.333333333333332e-06
2022-02-04,MSFT,296.0223083496094,0.01544831053744713,0.005143678439863626,9.126984126984127e-06
2022-02-07,MSFT,291.1941223144531,-0.016444685771043945,-0.003708580927828488,1.1111111111111113e-05
2022-02-08,MSFT,294.68707275390625,0.011923891239931645,0.00836611346663433,1.0714285714285714e-05
2022-02-09,MSFT,301.1214904785156,0.021599783168247337,0.014412842079264784,1.0714285714285714e-05
2022-02-10,MSFT,292.5776672363281,-0.028783645728885768,-0.01828182448505601,1.6269841269841268e-05
2022-02-11,MSFT,285.47564697265625,-0.024573434550940885,-0.019151682638086528,1.4682539682539683e-05
2022-02-14,MSFT,285.43701171875,-0.00013534558527319713,-0.0038479907556283146,1.785714285714286e-05
2022-02-15,MSFT,290.7296142578125,0.018372294305908383,0.015643717646064172,1.6269841269841268e-05
2022-02-16,MSFT,290.3902282714844,-0.0011680414264875086,0.0008808197202838003,1.5476190476190476e-05
2022-02-17,MSFT,281.88702392578125,-0.02971926689155048,-0.021400504136936647,1.4682539682539683e-05
2022-02-18,MSFT,279.1722106933594,-0.009677532256052201,-0.007191961663866342,1.3888888888888888e-05
2022-02-22,MSFT,278.96856689453125,-0.000729722020113975,-0.010194735435016016,1.5476190476190476e-05
2022-02-23,MSFT,271.74517822265625,-0.02623432960088527,-0.018583735748788438,1.4285714285714285e-05
2022-02-24,MSFT,285.6296081542969,0.04983111268709314,0.014846105252724002,1.3095238095238094e-05
2022-02-25,MSFT,288.2669372558594,0.009191021233003529,0.022126080551265786,1.3095238095238094e-05
2022-02-28,MSFT,289.701904296875,0.004965561761545428,-0.0024455914631261143,1.4682539682539683e-05
2022-03-01,MSFT,285.97869873046875,-0.012935150011970107,-0.015594467786613053,1.2698412698412699e-05
2022-03-02,MSFT,291.0593566894531,0.017609893166604842,0.018471046780652183,1.3095238095238094e-05
2022-03-03,MSFT,286.919189453125,-0.014326614987641713,-0.005268520744245652,1.4682539682539683e-05
2022-03-04,MSFT,281.0434875488281,-0.020691188941748633,-0.007965684543001903,1.3095238095238094e-05
2022-03-07,MSFT,270.4265441894531,-0.03850891158798212,-0.029962586814416495,1.5079365079365079e-05
2022-03-08,MSFT,267.4596862792969,-0.011031656251027826,-0.007260043975698096,1.4285714285714285e-05
2022-03-09,MSFT,279.7248840332031,0.044837713638504986,0.025373598122141117,1.5079365079365079e-05
2022-03-10,MSFT,276.90338134765625,-0.010137921577326906,-0.004301049920247209,1.5079365079365079e-05
2022-03-11,MSFT,271.55126953125,-0.019517681943253498,-0.013046278933238144,1.5476190476190476e-05
2022-03-14,MSFT,268.0316772460937,-0.01304578739341838,-0.007448675095533314,1.785714285714286e-05
2022-03-15,MSFT,278.4159545898437,0.03801106276599203,0.021182629724144964,1.8253968253968254e-05
2022-03-16,MSFT,285.4357604980469,0.024900761794704976,0.022136921648393443,1.7063492063492063e-05
2022-03-17,MSFT,286.24041748046875,0.0028150814912553633,0.012272205068700267,1.5873015873015872e-05
2022-03-18,MSFT,291.2920227050781,0.017494200180563853,0.011594814411888112,1.6269841269841268e-05
2022-03-21,MSFT,290.0606689453125,-0.00423617407764592,-0.0004347548543014596,2.1825396825396827e-05
2022-03-22,MSFT,294.8116149902344,0.01624645473858983,0.011240699554074212,2.023809523809524e-05
2022-03-23,MSFT,290.380615234375,-0.015144030323971295,-0.012348630252495208,1.984126984126984e-05
2022-03-24,MSFT,294.85040283203125,0.015275589897694843,0.014242012281618024,1.984126984126984e-05
2022-03-25,MSFT,294.44317626953125,-0.0013820840469467427,0.005053380704237665,2.1031746031746032e-05
2022-03-28,MSFT,301.2496643066406,0.02285333584380688,0.007119551020042568,2.380952380952381e-05
2022-03-29,MSFT,305.81640625,0.015045571848006083,0.01218204410139109,2.2222222222222227e-05
2022-03-30,MSFT,304.3134765625,-0.00492659930183707,-0.006313588999088777,2.1825396825396827e-05
2022-03-31,MSFT,298.9323425292969,-0.01784107439614789,-0.015776335226881762,2.023809523809524e-05
2022-04-01,MSFT,300.0085754394531,0.003593790426378451,0.0034044209614630277,2.0634920634920633e-05
2022-04-04,MSFT,305.38970947265625,0.017777637927563355,0.008058382532133647,2.6587301587301588e-05
2022-04-05,MSFT,301.4241638183594,-0.013070242069060423,-0.01263115907400537,2.5793650793650796e-05
2022-04-06,MSFT,290.3902282714844,-0.037292821722727014,-0.009764433912479721,2.6587301587301588e-05
2022-04-07,MSFT,292.2033996582031,0.00622450076340931,0.004244365552037262,2.6984126984126987e-05
2022-04-08,MSFT,287.937255859375,-0.014707539143757938,-0.0026545466755523947,2.738095238095238e-05
2022-04-11,MSFT,276.5834350585937,-0.04023006507691643,-0.017021334584696127,3.095238095238095e-05
2022-04-12,MSFT,273.4808044433594,-0.011281095175993083,-0.0034233005304522353,2.9365079365079366e-05
2022-04-13,MSFT,278.8716735839844,0.019520290151072418,0.011112603268901934,2.9761904761904762e-05
2022-04-14,MSFT,271.3186340332031,-0.027457823157286083,-0.012218480383508163,3.095238095238095e-05
2022-04-18,MSFT,271.987548828125,0.002462387338895299,-0.0002048892724065068,3.2539682539682536e-05
2022-04-19,MSFT,276.6221923828125,0.016896359896190538,0.01593004474938665,3.2539682539682536e-05
2022-04-20,MSFT,277.64996337890625,0.003708547013766984,-0.0006186664061825758,3.2539682539682536e-05
2022-04-21,MSFT,272.2687683105469,-0.019571498574240787,-0.014862855551311067,3.2539682539682536e-05
2022-04-22,MSFT,265.6950378417969,-0.024440520418395197,-0.028132076377366966,3.2539682539682536e-05
2022-04-25,MSFT,272.1815490722656,0.02412012666990186,0.0056817651441118085,3.690476190476191e-05
2022-04-26,MSFT,262.0009460449219,-0.038121188855205206,-0.028550008928597752,3.333333333333333e-05
2022-04-27,MSFT,274.6054992675781,0.04698740498633839,0.0020958490249645954,3.2539682539682536e-05
2022-04-28,MSFT,280.820556640625,0.02238035728236095,0.024445655340832175,3.214285714285715e-05
2022-04-29,MSFT,269.078857421875,-0.04271138997286908,-0.03695915978469415,3.2936507936507936e-05
2022-05-02,MSFT,275.8174743652344,0.024734835272938304,0.005659199293818601,3.571428571428572e-05
2022-05-03,MSFT,273.2092590332031,-0.009501304015544979,0.004825465075359521,3.571428571428572e-05
2022-05-04,MSFT,281.15985107421875,0.0286853544578949,0.029425221557325833,3.4920634920634925e-05
2022-05-05,MSFT,268.9140625,-0.044531514324055346,-0.03630067756409906,3.333333333333333e-05
2022-05-06,MSFT,266.3736877441406,-0.00949169424114,-0.00569038441395277,3.333333333333333e-05
2022-05-09,MSFT,256.53240966796875,-0.03764515394872617,-0.03256151953960419,3.650793650793651e-05
2022-05-10,MSFT,261.30279541015625,0.01842486044617609,0.002454881760409255,3.531746031746032e-05
2022-05-11,MSFT,252.62503051757807,-0.03377357403076114,-0.016600232095697796,3.571428571428572e-05
2022-05-12,MSFT,247.58316040039065,-0.020159769335087445,-0.0012968049941124407,3.76984126984127e-05
2022-05-13,MSFT,253.1777191162109,0.022345162036097255,0.023589267956869442,4.0079365079365075e-05
2022-05-16,MSFT,253.54612731933597,0.0014540790634915064,-0.003954208517722458,4.2460317460317464e-05
2022-05-17,MSFT,258.7043151855469,0.02014000103152983,0.01996891958146264,4.2063492063492065e-05
2022-05-18,MSFT,246.92556762695312,-0.04659882374731118,-0.041233809291248875,4.047619047619048e-05
2022-05-19,MSFT,246.01202392578125,-0.0037065330894274144,-0.005850864777347809,4.1269841269841266e-05
2022-05-20,MSFT,245.44839477539065,-0.00229369192736057,0.0001461310919903067,4.0079365079365075e-05
2022-05-23,MSFT,253.31060791015625,0.031529714413070814,0.018384995412060758,4.2460317460317464e-05
2022-05-24,MSFT,252.3095703125,-0.003959647769984059,-0.008153950903558081,4.166666666666667e-05
2022-05-25,MSFT,255.12796020507807,0.01110843682164559,0.009406385648931585,4.166666666666667e-05
2022-05-26,MSFT,258.4127502441406,0.012792889718863625,0.019688166007720866,4.2063492063492065e-05
2022-05-27,MSFT,265.5460510253906,0.02723016208984549,0.024441130195822013,4.2063492063492065e-05
2022-05-31,MSFT,264.21466064453125,-0.005026394576348219,-0.006294135193666945,4.484126984126984e-05
2022-06-01,MSFT,264.7492370605469,0.002021221487245595,-0.007510905041155451,4.444444444444445e-05
2022-06-02,MSFT,266.84832763671875,0.007897332964669492,0.018263225415545106,4.484126984126984e-05
2022-06-03,MSFT,262.4167175292969,-0.01674667056967276,-0.016482405609817057,4.642857142857142e-05
2022-06-06,MSFT,261.1824645996094,-0.004714503986682226,0.003132489407036025,4.880952380952381e-05
2022-06-07,MSFT,264.8268737792969,0.013857044845068929,0.00947833153171984,4.9206349206349204e-05
2022-06-08,MSFT,262.7957763671875,-0.007699091176167634,-0.010852623040155319,4.96031746031746e-05
2022-06-09,MSFT,257.3340148925781,-0.021002304919709742,-0.02408645766515553,5e-05
2022-06-10,MSFT,245.8662872314453,-0.045587069582415686,-0.029542414811409477,5.3174603174603176e-05
2022-06-13,MSFT,235.4383850097656,-0.04333859587097403,-0.03953993199003993,6.706349206349206e-05
2022-06-14,MSFT,237.6056365966797,0.009163065811043949,-0.003780818039489633,7.063492063492064e-05
2022-06-15,MSFT,244.6708984375,0.029301725605805483,0.014487058836534478,6.706349206349206e-05
2022-06-16,MSFT,238.0720977783203,-0.02734047622433628,-0.033052207113840666,6.111111111111111e-05
2022-06-17,MSFT,240.67662048339844,0.010880649080172652,0.0021984473410133873,6.26984126984127e-05
2022-06-21,MSFT,246.59518432617188,0.024293853540902022,0.024182474960671992,6.587301587301587e-05
2022-06-22,MSFT,246.0023651123047,-0.0024069120958378687,-0.0013024200953574458,6.230158730158731e-05
2022-06-23,MSFT,251.5709381103516,0.02238385968544121,0.00948707248555652,6.30952380952381e-05
2022-06-24,MSFT,260.1620788574219,0.033579807166393943,0.030105539729901033,6.587301587301587e-05
2022-06-27,MSFT,257.43121337890625,-0.010552265107197818,-0.0029774998903406716,6.944444444444444e-05
2022-06-28,MSFT,249.25804138183597,-0.03226388127262758,-0.0203486731494949,6.944444444444444e-05
2022-06-29,MSFT,252.9315490722656,0.014630224457929587,-0.0007119988201726959,6.865079365079365e-05
2022-06-30,MSFT,249.5981292724609,-0.013266753528560552,-0.008797866246367652,6.587301587301587e-05
2022-07-01,MSFT,252.2707061767578,0.010650600233295001,0.010498511296639174,6.587301587301587e-05
2022-07-05,MSFT,255.4486541748047,0.012518685515845797,0.0015828751061934918,7.380952380952382e-05
2022-07-06,MSFT,258.71405029296875,0.012701971546921478,0.003566795705066178,7.341269841269842e-05
2022-07-07,MSFT,260.8423156738281,0.008192671380166378,0.014853723180930391,7.500000000000001e-05
2022-07-08,MSFT,260.1231689453125,-0.002760824686220842,-0.00083061639612735,7.579365079365079e-05
2022-07-11,MSFT,257.0619201660156,-0.011838255181913714,-0.011594417660525545,8.452380952380952e-05
2022-07-12,MSFT,246.52713012695312,-0.0418449415798933,-0.00928686849749371,8.571428571428571e-05
2022-07-13,MSFT,245.6038818359375,-0.0037520471243870546,-0.00446686411181668,9.246031746031747e-05
2022-07-14,MSFT,246.92556762695312,0.005366943905390721,-0.003003138812764307,9.246031746031747e-05
2022-07-15,MSFT,249.4912567138672,0.010336925772161392,0.01901923165863364,9.087301587301587e-05
2022-07-18,MSFT,247.09078979492188,-0.009668032235958423,-0.008398742485835936,9.682539682539682e-05
2022-07-19,MSFT,252.22213745117188,0.020554357931903848,0.02725351764373082,9.761904761904762e-05
2022-07-20,MSFT,254.88491821289065,0.010501945123007313,0.0058784939410571665,9.682539682539682e-05
2022-07-21,MSFT,257.38262939453125,0.009751665849584566,0.00981306668950467,9.523809523809524e-05
2022-07-22,MSFT,253.0287170410156,-0.01706081963792701,-0.009376287293813849,9.563492063492063e-05
2022-07-25,MSFT,251.54180908203125,-0.005893773758765558,0.001314302973305868,0.00010119047619047618
2022-07-26,MSFT,244.80697631835935,-0.027139166353773,-0.011610342599263359,9.841269841269841e-05
2022-07-27,MSFT,261.1727905273437,0.06471217268292767,0.025820048778629066,9.404761904761906e-05
2022-07-28,MSFT,268.6268920898437,0.028141177600717156,0.012060319791912806,9.325396825396825e-05
2022-07-29,MSFT,272.8348999023437,0.015543451431755355,0.014107775781753557,9.285714285714285e-05
2022-08-01,MSFT,270.1817626953125,-0.00977192230804788,-0.002827076544916728,9.841269841269841e-05
2022-08-02,MSFT,267.0815734863281,-0.011540797257667096,-0.00668468837887098,9.841269841269841e-05
2022-08-03,MSFT,274.51617431640625,0.02745605162783269,0.015517456270090707,9.682539682539682e-05
2022-08-04,MSFT,275.66290283203125,0.004168570648395613,-0.0007776424495837734,9.563492063492063e-05
2022-08-05,MSFT,274.9438171386719,-0.0026119772102427734,-0.0016270690189191196,9.841269841269841e-05
2022-08-08,MSFT,272.4266967773437,-0.009197200216648776,-0.0012383171221209141,0.00010198412698412697
2022-08-09,MSFT,274.3509521484375,0.007038558796415295,-0.004257744235926498,0.00010238095238095239
2022-08-10,MSFT,281.017822265625,0.024009957695269667,0.021067158460407496,0.00010158730158730159
2022-08-11,MSFT,278.93804931640625,-0.0074283800506176915,-0.0007057229222018175,0.0001
2022-08-12,MSFT,283.6904296875,0.01689389562322043,0.017174046951492668,0.0001003968253968254
2022-08-15,MSFT,285.2064208984375,0.005329594627914546,0.003961684056233163,0.00010436507936507936
2022-08-16,MSFT,284.4678039550781,-0.0025931219108193517,0.0018739228259478625,0.00010357142857142856
2022-08-17,MSFT,283.71795654296875,-0.002639446109246721,-0.007264114867648021,0.00010277777777777778
2022-08-18,MSFT,282.59796142578125,-0.003955377349797489,0.0022669896063847975,0.00010357142857142856
2022-08-19,MSFT,278.682861328125,-0.013950819044146993,-0.012983928713038868,0.00010476190476190476
2022-08-22,MSFT,270.5020751953125,-0.029794667583018634,-0.021632366466494565,0.00010873015873015873
2022-08-23,MSFT,269.2262268066406,-0.004727751946230847,-0.002240370434437464,0.00010753968253968253
2022-08-24,MSFT,268.59326171875,-0.002353820914410901,0.002911916698724165,0.00010833333333333334
2022-08-25,MSFT,271.5733642578125,0.01103412403425419,0.013993241836107048,0.0001103174603174603
2022-08-26,MSFT,261.0941467285156,-0.03935126341698361,-0.03426857631703952,0.0001103174603174603
2022-08-29,MSFT,258.3087158203125,-0.010725615169723804,-0.0066886751973248065,0.00011468253968253969
2022-08-30,MSFT,256.10772705078125,-0.008557277789235441,-0.011089416492117008,0.00011428571428571428
2022-08-31,MSFT,254.64682006835935,-0.005720598963653547,-0.007847738208153028,0.00011388888888888889
2022-09-01,MSFT,253.6047821044922,-0.0041004865286399335,0.0029917522671948716,0.00011428571428571428
2022-09-02,MSFT,249.3780517578125,-0.016807054069632493,-0.010794552570724387,0.0001130952380952381
2022-09-06,MSFT,246.641357421875,-0.011034737975166867,-0.004103464690895143,0.00011746031746031746
2022-09-07,MSFT,251.3550567626953,0.01893122112817656,0.018174848666169877,0.00011825396825396825
2022-09-08,MSFT,251.7738342285156,0.001664692964480722,0.006588966880442448,0.00011785714285714286
2022-09-09,MSFT,257.558837890625,0.02271698935297338,0.01515601498121106,0.00011825396825396825
2022-09-12,MSFT,259.691650390625,0.00824677650732762,0.010528651483995635,0.0001226190476190476
2022-09-13,MSFT,245.4142303466797,-0.05654744820402509,-0.04419916303197406,0.00012658730158730157
2022-09-14,MSFT,245.63829040527344,0.0009125707115815109,0.003381289078844715,0.00012460317460317462
2022-09-15,MSFT,238.97674560546875,-0.02749384120411482,-0.011382272168149512,0.0001238095238095238
2022-09-16,MSFT,238.3534393310547,-0.002611637178471557,-0.007208049775663175,0.00012301587301587303
2022-09-19,MSFT,238.13916015625,-0.0008994019612471669,0.006833697724705768,0.00013055555555555555
2022-09-20,MSFT,236.12319946289065,-0.00850150889915329,-0.011336114736600402,0.00012936507936507936
2022-09-21,MSFT,232.71450805664065,-0.014541285460024748,-0.01726467409850635,0.00012738095238095236
2022-09-22,MSFT,234.6915435791016,0.008459656464452273,-0.008463293830453985,0.00012658730158730157
2022-09-23,MSFT,231.7114105224609,-0.012779394247718645,-0.017382828767330778,0.0001238095238095238
2022-09-26,MSFT,231.253662109375,-0.001977464777839107,-0.010394360890280502,0.00013095238095238096
2022-09-27,MSFT,230.2407989501953,-0.00438949920720282,-0.0021226109548247284,0.00012936507936507936
2022-09-28,MSFT,234.7792510986328,0.019520002436174036,0.019481144181152356,0.00013055555555555555
2022-09-29,MSFT,231.3023681640625,-0.014919907964052861,-0.0213527948230975,0.00012936507936507936
2022-09-30,MSFT,226.8223876953125,-0.019558529520115383,-0.0151813515462093,0.00012777777777777776
2022-10-03,MSFT,234.45779418945312,0.03310831139248202,0.02555457753093017,0.00013253968253968253
2022-10-04,MSFT,242.3854217529297,0.03325352155022868,0.030125341416799834,0.00013174603174603174
2022-10-05,MSFT,242.6970672607422,0.0012849177521281954,-0.0020199875589381176,0.00013214285714285715
2022-10-06,MSFT,240.3499298095703,-0.009718126549747963,-0.010297922911395202,0.00013174603174603174
2022-10-07,MSFT,228.12745666503903,-0.05219140908427851,-0.028403196531478058,0.00013134920634920634
2022-10-10,MSFT,223.2676544189453,-0.021533197447178513,-0.007520673133652772,0.00013134920634920634
2022-10-11,MSFT,219.52789306640625,-0.01689199585903066,-0.006540518412323781,0.00014007936507936508
2022-10-12,MSFT,219.85899353027344,0.001507102449517326,-0.0032961996501662937,0.00014126984126984127
2022-10-13,MSFT,228.12745666503903,0.03691809085669192,0.025634259307631132,0.00014444444444444446
2022-10-14,MSFT,222.5956115722656,-0.024547768984602522,-0.023947120744528417,0.00014484126984126984
2022-10-17,MSFT,231.33154296875,0.038495208243770423,0.026135524557561848,0.00015158730158730158
2022-10-18,MSFT,232.27626037597656,0.00407550825520416,0.011362768207087462,0.00015436507936507937
2022-10-19,MSFT,230.30897521972656,-0.00850566280692352,-0.006694455239684375,0.00015515873015873016
2022-10-20,MSFT,229.98757934570312,-0.001396473308636372,-0.007982686738766696,0.00015515873015873016
2022-10-21,MSFT,235.80177307128903,0.024966202841077752,0.023447759860447268,0.00015476190476190475
2022-10-24,MSFT,240.7979278564453,0.020966600689022584,0.011811940205111494,0.00015873015873015873
2022-10-25,MSFT,244.11895751953125,0.013697529156095725,0.01613577001587496,0.00015753968253968254
2022-10-26,MSFT,225.28363037109372,-0.08029544953807706,-0.007415140398989885,0.00015634920634920635
2022-10-27,MSFT,220.8329162597656,-0.019953807212878642,-0.006101185053184453,0.00015674603174603175
2022-10-28,MSFT,229.7148895263672,0.03943254865986392,0.024328036770856338,0.00015833333333333335
2022-10-31,MSFT,226.072509765625,-0.01598314173017232,-0.007482327030336412,0.0001611111111111111
2022-11-01,MSFT,222.21583557128903,-0.01720664562148801,-0.0041096637203590055,0.0001611111111111111
2022-11-02,MSFT,214.3564453125,-0.03600888016747564,-0.025319843737482882,0.0001603174603174603
2022-11-03,MSFT,208.65907287597656,-0.026938571894566714,-0.010642422531956597,0.0001611111111111111
2022-11-04,MSFT,215.61276245117188,0.03278234252380427,0.013526823285563951,0.0001595238095238095
2022-11-07,MSFT,221.92364501953125,0.028849349031997762,0.00956806167935914,0.0001634920634920635
2022-11-08,MSFT,222.8975982666016,0.0043790840396137004,0.005582282828760321,0.00016269841269841268
2022-11-09,MSFT,218.6513214111328,-0.019234144057019856,-0.020996784712303443,0.00016309523809523812
2022-11-10,MSFT,236.639404296875,0.07905916028020205,0.05395251566479769,0.0001623015873015873
2022-11-11,MSFT,240.66159057617188,0.01685427659330246,0.009198312304769028,0.0001623015873015873
2022-11-14,MSFT,235.24668884277344,-0.022757054904373793,-0.008975940544918012,0.00016507936507936506
2022-11-15,MSFT,235.65573120117188,0.0017372705845857671,0.008675376414669186,0.00016428571428571428
2022-11-16,MSFT,236.08541870117188,0.0018217092951077164,-0.008286283111873759,0.00016428571428571428
2022-11-17,MSFT,236.0366058349609,-0.00020678072128850881,-0.0030941046442292835,0.00016388888888888887
2022-11-18,MSFT,235.58734130859372,-0.0019051817236174684,0.00474729564815821,0.00016468253968253969
2022-11-21,MSFT,236.3979949951172,0.003435083343906248,-0.003891249800275618,0.00016785714285714288
2022-11-22,MSFT,239.3083953857422,0.012236273310721153,0.01348860626982839,0.00016706349206349207
2022-11-23,MSFT,241.79884338378903,0.01035307741166914,0.0058972660417383116,0.00016706349206349207
2022-11-25,MSFT,241.7109222412109,-0.00036367887392523696,-0.0002830842622024787,0.00016746031746031745
2022-11-28,MSFT,236.1147308349609,-0.023424641436393095,-0.015564696794064813,0.0001706349206349206
2022-11-29,MSFT,234.7181396484375,-0.00593244596982552,-0.0015931337016243704,0.00016944444444444442
2022-11-30,MSFT,249.18228149414065,0.05979929430698254,0.030478643521294944,0.00016944444444444442
2022-12-01,MSFT,248.7428131103516,-0.0017651992344383013,-0.0008680098296065889,0.00016746031746031745
2022-12-02,MSFT,249.06512451171875,0.00129492288911707,-0.001195374663761461,0.00016746031746031745
2022-12-05,MSFT,244.35769653320312,-0.019081285284310957,-0.01805624963097222,0.00016944444444444442
2022-12-06,MSFT,239.39627075195312,-0.020512905682117773,-0.014503869422986057,0.00016944444444444442
2022-12-07,MSFT,238.663818359375,-0.0030642715524275134,-0.001864107253381664,0.0001666666666666667
2022-12-08,MSFT,241.623046875,0.0123229102327092,0.007493634413933237,0.00016547619047619047
2022-12-09,MSFT,239.68927001953125,-0.008035477974423026,-0.0073767194642132125,0.0001662698412698413
2022-12-12,MSFT,246.61373901367188,0.02847992670895906,0.01417830729965003,0.00017023809523809523
2022-12-13,MSFT,250.9207763671875,0.01731395436614349,0.007263223255457212,0.00016904761904761904
2022-12-14,MSFT,251.21376037597656,0.0011669543542561296,-0.006071116623835963,0.00016785714285714288
2022-12-15,MSFT,243.1954345703125,-0.03243883407074643,-0.02523747790182607,0.00016746031746031745
2022-12-16,MSFT,238.9763336181641,-0.017500853079476346,-0.011200239946011676,0.0001666666666666667
2022-12-19,MSFT,234.83534240722656,-0.017479926558075787,-0.0090483289411038,0.00016984126984126986
2022-12-20,MSFT,236.15380859375,0.005598726118186664,0.001036800697890769,0.00016865079365079366
2022-12-21,MSFT,238.72238159179688,0.010817969402396658,0.014758548669054294,0.00016746031746031745
2022-12-22,MSFT,232.62808227539065,-0.025860328623376314,-0.014557142498145655,0.00016825396825396826
2022-12-23,MSFT,233.15548706054688,0.0022645925930897155,0.005850952271915072,0.00016785714285714288
2022-12-27,MSFT,231.4268493652344,-0.007441719313523745,-0.004057844034659477,0.00017261904761904762
2022-12-28,MSFT,229.05357360839844,-0.010307916047642357,-0.012093470442948605,0.00017261904761904762
2022-12-29,MSFT,235.3822326660156,0.027254792691566773,0.01731063431499432,0.00017222222222222224
2022-12-30,MSFT,234.22003173828125,-0.004949734652673685,-0.002543975646110833,0.0001706349206349206
2023-01-03,MSFT,233.9856109619141,-0.0010013582690007793,-0.004008572481273608,0.00017460317460317462
2023-01-04,MSFT,223.75035095214844,-0.04472869619630603,0.007510694562138916,0.000175
2023-01-05,MSFT,217.118896484375,-0.03008581209616731,-0.011713869136457158,0.00017896825396825398
2023-01-06,MSFT,219.6777191162109,0.011716445651193388,0.02258383558903089,0.00017896825396825398
2023-01-09,MSFT,221.8165740966797,0.009689238327823334,-0.0007679273259905782,0.00018055555555555555
2023-01-10,MSFT,223.50619506835935,0.007588334558332759,0.006953997970593733,0.00018134920634920636
2023-01-11,MSFT,230.26461791992188,0.029790028189837194,0.012767571192293676,0.00018134920634920636
2023-01-12,MSFT,232.9406280517578,0.01155444558030085,0.0034100849120427303,0.00017857142857142857
2023-01-13,MSFT,233.643798828125,0.0030141224962193314,0.003988892144656051,0.00017896825396825398
2023-01-17,MSFT,234.73764038085935,0.004670738205024559,-0.002032555430996314,0.00018095238095238093
2023-01-18,MSFT,230.3036956787109,-0.01906961263250743,-0.01568496697774467,0.00018015873015873017
2023-01-19,MSFT,226.5142974853516,-0.0165907874484963,-0.007667671901812428,0.00018055555555555555
2023-01-20,MSFT,234.61070251464844,0.03511948895932896,0.01874167355235196,0.00018134920634920636
2023-01-23,MSFT,236.9156036376953,0.009776419475094071,0.011811315951328555,0.00018174603174603174
2023-01-24,MSFT,236.38818359375,-0.0022286754362904936,-0.0007117563642918193,0.00018134920634920636
2023-01-25,MSFT,234.99159240722656,-0.005925562971027747,-0.00018174157346566321,0.00018095238095238093
2023-01-26,MSFT,242.2090301513672,0.03025137777230607,0.010947708029114303,0.00018055555555555555
2023-01-27,MSFT,242.36529541015625,0.0006449589091406851,0.002491734021703855,0.00018134920634920636
2023-01-30,MSFT,237.0425720214844,-0.02220631940862099,-0.013053569315292663,0.00018214285714285712
2023-01-31,MSFT,242.02346801757807,0.020794942947688487,0.014536304416419527,0.00018174603174603174
2023-02-01,MSFT,246.8481292724609,0.019738589544048703,0.01039805629688473,0.00018015873015873017
2023-02-02,MSFT,258.42144775390625,0.045818484329374506,0.014592384626854379,0.00017976190476190476
2023-02-03,MSFT,252.3173675537109,-0.023904080414475594,-0.010408592637285455,0.00018134920634920636
2023-02-06,MSFT,250.7742462158203,-0.00613457324673342,-0.006159393193939262,0.00018214285714285712
2023-02-07,MSFT,261.3122863769531,0.04116307466980006,0.012790364037397075,0.00018214285714285712
2023-02-08,MSFT,260.5016784667969,-0.00310688719282695,-0.011142573012411353,0.00018214285714285712
2023-02-09,MSFT,257.4643249511719,-0.01172813779656677,-0.008869009831037385,0.00018412698412698412
2023-02-10,MSFT,256.9564208984375,-0.001974664598468832,0.0021928557092171274,0.00018492063492063493
2023-02-13,MSFT,264.9844970703125,0.03076482062518516,0.011383569951155146,0.0001857142857142857
2023-02-14,MSFT,265.81463623046875,0.0031278869345985824,-0.0002804538554937624,0.0001853174603174603
2023-02-15,MSFT,263.69000244140625,-0.008025029570186257,0.002769337533076689,0.00018492063492063493
2023-02-16,MSFT,256.669921875,-0.02698327128881969,-0.013884689204881605,0.0001865079365079365
2023-02-17,MSFT,252.66539001464844,-0.015724864480042313,-0.0027712421722827342,0.0001865079365079365
2023-02-21,MSFT,247.3880615234375,-0.021107841221201854,-0.020244783973471698,0.0001873015873015873
2023-02-22,MSFT,246.2523193359375,-0.004601504396882116,-0.0015747954856433837,0.0001869047619047619
2023-02-23,MSFT,249.4441680908203,0.012878416332137687,0.005315278263237728,0.0001869047619047619
2023-02-24,MSFT,244.01022338867188,-0.02202499141371858,-0.010593464619774184,0.0001873015873015873
2023-02-27,MSFT,244.93051147460935,0.003764420131479781,0.0030682925395522777,0.00018809523809523813
2023-02-28,MSFT,244.20602416992188,-0.0029623133080099837,-0.0030406198309477117,0.0001873015873015873
2023-03-01,MSFT,241.1218719482422,-0.012709731970357702,-0.004736464203492832,0.0001876984126984127
2023-03-02,MSFT,245.86068725585935,0.019462565146651723,0.0075535937311959735,0.00018809523809523813
2023-03-03,MSFT,249.95330810546875,0.0165090692917628,0.01601874917648306,0.00018809523809523813
2023-03-06,MSFT,251.50027465820312,0.00616994877864266,0.0006869307788483012,0.00018888888888888888
2023-03-07,MSFT,248.83712768554688,-0.010645504855808835,-0.015445590479262547,0.00019325396825396824
2023-03-08,MSFT,248.3965301513672,-0.0017721955967781005,0.0014137941356032722,0.00019404761904761905
2023-03-09,MSFT,247.04541015625,-0.005454214650276077,-0.018631857945482354,0.00019325396825396824
2023-03-10,MSFT,243.39334106445312,-0.014893344330683145,-0.01458396943606664,0.00019166666666666667
2023-03-13,MSFT,248.6119537353516,0.021214439947619224,-0.001510901840738768,0.0001865079365079365
2023-03-14,MSFT,255.3383331298828,0.026696200195793555,0.016342388235363665,0.0001869047619047619
2023-03-15,MSFT,259.8911437988281,0.01767340331933997,-0.007005363929353597,0.00018214285714285712
2023-03-16,MSFT,270.4261779785156,0.03973628588481353,0.017409576249031722,0.00018134920634920636
2023-03-17,MSFT,273.58868408203125,0.011626674010224691,-0.011080621273953702,0.00017301587301587302
2023-03-20,MSFT,266.5391845703125,-0.026104558711374196,0.008878869635940853,0.00018452380952380955
2023-03-21,MSFT,268.0567626953125,0.005677492353683426,0.012898647518559103,0.00018333333333333334
2023-03-22,MSFT,266.597900390625,-0.005457226976518174,-0.016600248639842885,0.00018373015873015874
2023-03-23,MSFT,271.85565185546875,0.019529701511913387,0.0029800838691824228,0.00018134920634920636
2023-03-24,MSFT,274.7048645019531,0.010426067639242196,0.005623963084303207,0.00018134920634920636
2023-03-27,MSFT,270.6024475097656,-0.015046540913399565,0.0016455995637670831,0.0001884920634920635
2023-03-28,MSFT,269.4764404296875,-0.004169793475470844,-0.0015750832883878866,0.00018412698412698412
2023-03-29,MSFT,274.6461181640625,0.01900245896143633,0.014136870775046802,0.00018412698412698412
2023-03-30,MSFT,278.11212158203125,0.012540921490978964,0.005698999199482652,0.00019047619047619048
2023-03-31,MSFT,282.2732238769531,0.014851133449832696,0.014333327782036555,0.0001857142857142857
2023-04-03,MSFT,281.2255249023437,-0.0037185537115954907,0.003692022565802823,0.00018928571428571426
2023-04-04,MSFT,281.1766052246094,-0.00017396690103802678,-0.005813839745162529,0.00018809523809523813
2023-04-05,MSFT,278.39605712890625,-0.009938194513177165,-0.002495481657121423,0.0001873015873015873
2023-04-06,MSFT,285.5043029785156,0.025212334962802115,0.0035727731328032467,0.00018928571428571426
2023-04-10,MSFT,283.3404846191406,-0.007607800381094377,0.0009958070170100843,0.00019603174603174606
2023-04-11,MSFT,276.9175720214844,-0.02292941235622229,-4.135333298352082e-05,0.00019404761904761905
2023-04-12,MSFT,277.5637512207031,0.0023307529565330287,-0.0041434563234613855,0.00019325396825396824
2023-04-13,MSFT,283.781005859375,0.022152193646685657,0.013175510497831548,0.00019642857142857144
2023-04-14,MSFT,280.158447265625,-0.01284750836768254,-0.0020715175845779886,0.00019761904761904763
2023-04-17,MSFT,282.7627868652344,0.009253010983602377,0.0033007035826147536,0.0002007936507936508
2023-04-18,MSFT,282.3417358398437,-0.0014901707078576137,0.0008548548034659753,0.0002
2023-04-19,MSFT,282.4201354980469,0.0002776379309072857,-8.426554793962826e-05,0.0001988095238095238
2023-04-20,MSFT,280.1290588378906,-0.008145383018703597,-0.005970335188311131,0.0001972222222222222
2023-04-21,MSFT,279.78631591796875,-0.0012242670167104013,0.0009027812573008861,0.00019761904761904763
2023-04-24,MSFT,275.879638671875,-0.014061475547634223,0.0008512167782723126,0.0002
2023-04-25,MSFT,269.6624755859375,-0.0227935922718173,-0.01593718381857645,0.0001972222222222222
2023-04-26,MSFT,289.1954345703125,0.06993161718920039,-0.0038485835033448754,0.0001984126984126984
2023-04-27,MSFT,298.4577331542969,0.03152562158345075,0.019377193402696356,0.00019960317460317463
2023-04-28,MSFT,300.8369140625,0.007939978835174843,0.008219331313243467,0.00019642857142857144
2023-05-01,MSFT,299.17242431640625,-0.005548227033920677,-0.0003861810485107871,0.00020238095238095236
2023-05-02,MSFT,299.02557373046875,-0.000490976530737121,-0.011653906680571788,0.00020158730158730158
2023-05-03,MSFT,298.0367126464844,-0.003312424886677934,-0.007022908054892971,0.00020198412698412699
2023-05-04,MSFT,299.02557373046875,0.003312424886677996,-0.007244913455062742,0.00020238095238095236
2023-05-05,MSFT,304.1560363769531,0.017011746675858627,0.018306166381879797,0.00020238095238095236
2023-05-08,MSFT,302.1978759765625,-0.006458826001713791,0.0004520264848820656,0.0002043650793650794
2023-05-09,MSFT,300.58233642578125,-0.005360306744644254,-0.004589938949059595,0.00020357142857142856
2023-05-10,MSFT,305.78131103515625,0.01714846210065225,0.004473942241914432,0.00020158730158730158
2023-05-11,MSFT,303.6272888183594,-0.00706925103383306,-0.0016980648897067581,0.0002
2023-05-12,MSFT,302.5111389160156,-0.003682825944770052,-0.0015845615894390477,0.00020158730158730158
2023-05-15,MSFT,302.99090576171875,0.0015846914154007661,0.002953797680316935,0.0002007936507936508
2023-05-16,MSFT,305.22320556640625,0.0073405394145975,-0.006398107681917463,0.0002011904761904762
2023-05-17,MSFT,308.10809326171875,0.00940734306690068,0.011820688622071574,0.00020238095238095236
2023-05-18,MSFT,312.54327392578125,0.0142922625992504,0.009400723063727155,0.00020396825396825393
2023-05-19,MSFT,312.3666076660156,-0.0005654135729848922,-0.0014469138806754414,0.00020317460317460318
2023-05-22,MSFT,315.1533203125,0.008881728982265668,0.00015502267980239146,0.00020793650793650794
2023-05-23,MSFT,309.3443908691406,-0.018604061737832665,-0.011285468768284297,0.00020555555555555556
2023-05-24,MSFT,307.9608764648437,-0.004482439382919454,-0.007345512678305211,0.00020674603174603175
2023-05-25,MSFT,319.804443359375,0.037736944044750545,0.008719456079011883,0.00020674603174603175
2023-05-26,MSFT,326.6436462402344,0.021160115334930736,0.012964680931640788,0.00020476190476190477
2023-05-30,MSFT,324.9951171875,-0.005059651641757887,1.660313066576836e-05,0.0002095238095238095
2023-05-31,MSFT,322.22808837890625,-0.008550514391935703,-0.006127358186214099,0.00020873015873015873
2023-06-01,MSFT,326.3393859863281,0.01267825735947145,0.009806215085853812,0.00020793650793650794
2023-06-02,MSFT,329.1065368652344,0.008443617460029031,0.014429812390107408,0.00020753968253968256
2023-06-05,MSFT,329.6363830566406,0.0016086588246889875,-0.002005591490657713,0.00020634920634920637
2023-06-06,MSFT,327.41876220703125,-0.006750207455600389,0.002351130233850576,0.00020555555555555556
2023-06-07,MSFT,317.3120422363281,-0.03135431989578436,-0.003819293926420617,0.00020476190476190477
2023-06-08,MSFT,319.1567687988281,0.005796770230178076,0.00616957160752325,0.00020317460317460318
2023-06-09,MSFT,320.6581420898437,0.0046931574153708045,0.0011474010230505239,0.0002027777777777778
2023-06-12,MSFT,325.6231689453125,0.015365211566413446,0.00927797498175416,0.00020396825396825393
2023-06-13,MSFT,328.0173645019531,0.00732575824633188,0.006908570725908898,0.0002027777777777778
2023-06-14,MSFT,331.0101318359375,0.009082437147262383,0.0008190899801265841,0.00020238095238095236
2023-06-15,MSFT,341.5682373046875,0.03139849077733429,0.012104580493589997,0.0002011904761904762
2023-06-16,MSFT,335.906494140625,-0.016714645477304394,-0.0036783764677510893,0.00020198412698412699
2023-06-20,MSFT,331.7067565917969,-0.012581514652955926,-0.004746353835236048,0.00020396825396825393
2023-06-21,MSFT,327.3010559082031,-0.013370907712649295,-0.005259086366925201,0.0002043650793650794
2023-06-22,MSFT,333.33563232421875,0.01826947964363554,0.0037039303873345254,0.0002043650793650794
2023-06-23,MSFT,328.733642578125,-0.013902061425166706,-0.007688288056502158,0.0002043650793650794
2023-06-26,MSFT,322.43414306640625,-0.019348918001132816,-0.004496934363132171,0.00020793650793650794
2023-06-27,MSFT,328.2921447753906,0.018004989413600625,0.01139073352418076,0.00020595238095238096
2023-06-28,MSFT,329.5480651855469,0.0038183191511745778,-0.0003541393883898215,0.00020555555555555556
2023-06-29,MSFT,328.7630920410156,-0.002384810003436584,0.00446356811449,0.00020634920634920637
2023-06-30,MSFT,334.1501159667969,0.016252934609198154,0.0121943502618858,0.00020515873015873015
2023-07-03,MSFT,331.6479187011719,-0.00751642064346812,0.0011699930926736418,0.00020674603174603175
2023-07-05,MSFT,331.804931640625,0.0004733205752408472,-0.0019702580976127164,0.00020674603174603175
2023-07-06,MSFT,334.8663330078125,0.009184205315274798,-0.007954061175894762,0.00020753968253968256
2023-07-07,MSFT,330.89239501953125,-0.011938214305951822,-0.002869212795733482,0.00020714285714285713
2023-07-10,MSFT,325.6034545898437,-0.016112987956464587,0.002402138610626312,0.00020833333333333332
2023-07-11,MSFT,326.2315368652344,0.001927121059792611,0.006719583998254874,0.00020833333333333332
2023-07-12,MSFT,330.87274169921875,0.014126470233935387,0.007383905235389679,0.00020793650793650794
2023-07-13,MSFT,336.23028564453125,0.016062463858305655,0.008434482989627111,0.00020793650793650794
2023-07-14,MSFT,338.76190185546875,0.0075012070615927216,-0.001024932196907484,0.00020833333333333332
2023-07-17,MSFT,339.24267578125,0.0014182028329033627,0.0038479695744204137,0.00020873015873015873
2023-07-18,MSFT,352.74444580078125,0.03902813614410609,0.007092066941428338,0.00020833333333333332
2023-07-19,MSFT,348.417236328125,-0.012343128614577632,0.002355134827233639,0.00020873015873015873
2023-07-20,MSFT,340.3612670898437,-0.023393112800345534,-0.006779827396257691,0.00020873015873015873
2023-07-21,MSFT,337.3194274902344,-0.008977266292901076,0.0003240420146130911,0.0002091269841269841
2023-07-24,MSFT,338.63427734375,0.0038903596576377888,0.004026038496874852,0.0002095238095238095
2023-07-25,MSFT,344.3941955566406,0.01686622149489696,0.0028107195758387046,0.0002095238095238095
2023-07-26,MSFT,331.4320373535156,-0.03836414554459232,-0.00015545097867591856,0.0002095238095238095
2023-07-27,MSFT,324.5143127441406,-0.02109313084129469,-0.006445393055197076,0.0002095238095238095
2023-07-28,MSFT,332.0207824707031,0.022867922519423274,0.009829375810433848,0.0002095238095238095
2023-07-31,MSFT,329.6167907714844,-0.0072668251482287775,0.0014676354365687912,0.0002095238095238095
2023-08-01,MSFT,330.0289306640625,0.0012495796844074114,-0.0026686453076827116,0.0002091269841269841
2023-08-02,MSFT,321.354736328125,-0.02663470874226514,-0.013936200638336184,0.0002091269841269841
2023-08-03,MSFT,320.530517578125,-0.0025681200743513147,-0.0025512254502915274,0.0002091269841269841
2023-08-04,MSFT,321.6295166015625,0.003422823090523513,-0.0053141693739379705,0.0002095238095238095
2023-08-07,MSFT,323.9158020019531,0.007083298085096581,0.008983618964856572,0.00020992063492063494
2023-08-08,MSFT,319.9319763183594,-0.01237521246424398,-0.004227205100058866,0.00021031746031746032
2023-08-09,MSFT,316.18365478515625,-0.011785168398892942,-0.007063619102045116,0.0002095238095238095
2023-08-10,MSFT,316.8704528808594,0.0021697935669015124,0.00025068252108086326,0.0002095238095238095
2023-08-11,MSFT,314.98651123046875,-0.00596320794140603,-0.0010702648992294865,0.0002095238095238095
2023-08-14,MSFT,317.95965576171875,0.009394689639633967,0.005734004879419051,0.00020992063492063494
2023-08-15,MSFT,315.820556640625,-0.006750312495946522,-0.011618139396096483,0.00020992063492063494
2023-08-16,MSFT,315.0536499023437,-0.002431252088267614,-0.007584081792624527,0.00020992063492063494
2023-08-17,MSFT,311.59234619140625,-0.011047190707426479,-0.0077428113775290805,0.00020992063492063494
2023-08-18,MSFT,311.19903564453125,-0.0012630572953767362,-0.00014871788395720285,0.0002095238095238095
2023-08-21,MSFT,316.5089416503906,0.01691879937435424,0.006855634859799785,0.00021031746031746032
2023-08-22,MSFT,317.0792236328125,0.0018001666308636887,-0.0027813310465456837,0.00021031746031746032
2023-08-23,MSFT,321.54351806640625,0.013981234501433622,0.010984330710791359,0.00021031746031746032
2023-08-24,MSFT,314.6307373046875,-0.02173320531378833,-0.01354935398400801,0.0002107142857142857
2023-08-25,MSFT,317.5905456542969,0.0093632721752261,0.006695501060295156,0.0002119047619047619
2023-08-28,MSFT,318.2985534667969,0.0022268288795925634,0.006245078594196461,0.0002119047619047619
2023-08-29,MSFT,322.9299621582031,0.014445674568447505,0.014404068712056505,0.00021150793650793651
2023-08-30,MSFT,323.3036193847656,0.001156415509423877,0.003825854181192944,0.00021111111111111113
2023-08-31,MSFT,322.2908020019531,-0.003137630004750185,-0.0015982129743398576,0.00021111111111111113
2023-09-01,MSFT,323.17578125,0.002742139796380406,0.001797512765518541,0.00021031746031746032
2023-09-05,MSFT,327.98419189453125,0.014769022191212247,-0.004202997821381205,0.00021111111111111113
2023-09-06,MSFT,327.32537841796875,-0.0020106945735820073,-0.006996014491432261,0.0002107142857142857
2023-09-07,MSFT,324.4049377441406,-0.008962173920708218,-0.003216433115732967,0.00021031746031746032
2023-09-08,MSFT,328.692138671875,0.013129020676608066,0.0014256060622570594,0.0002107142857142857
2023-09-11,MSFT,332.30096435546875,0.01091951345761696,0.006700951498135517,0.00021111111111111113
2023-09-12,MSFT,326.23388671875,-0.018426509369746512,-0.005712169023003997,0.00021111111111111113
2023-09-13,MSFT,330.4523010253906,0.012847757151618922,0.0012408621175346041,0.0002107142857142857
2023-09-14,MSFT,333.0482482910156,0.007825044046734488,0.00839458553366625,0.0002107142857142857
2023-09-15,MSFT,324.709716796875,-0.025355765126662988,-0.012234145842493929,0.00021111111111111113
2023-09-18,MSFT,323.5691223144531,-0.003518842789663729,0.0007210276941755188,0.0002107142857142857
2023-09-19,MSFT,323.1658935546875,-0.0012469676208053627,-0.0021533273615331264,0.0002107142857142857
2023-09-20,MSFT,315.4174194335937,-0.024268891050487396,-0.009439204206291041,0.00021150793650793651
2023-09-21,MSFT,314.1981201171875,-0.003873159933564826,-0.016536918318488084,0.00021150793650793651
2023-09-22,MSFT,311.7201843261719,-0.007917802431692059,-0.0022982374027607495,0.00021111111111111113
2023-09-25,MSFT,312.24139404296875,0.0016706472196142735,0.0040149942038066174,0.0002123015873015873
2023-09-26,MSFT,306.9314270019531,-0.017152229691406756,-0.014844165482264943,0.0002119047619047619
2023-09-27,MSFT,307.5705871582031,0.0020802548145217813,0.00022928777229479233,0.0002119047619047619
2023-09-28,MSFT,308.40643310546875,0.002713888449674639,0.005875877143000698,0.00021111111111111113
2023-09-29,MSFT,310.481201171875,0.006704854723543669,-0.002713259648289315,0.00021111111111111113
2023-10-02,MSFT,316.4302062988281,0.01897934423262435,7.936440615299324e-05,0.0002123015873015873
2023-10-03,MSFT,308.1606140136719,-0.026481578919855846,-0.013839395863449198,0.0002123015873015873
2023-10-04,MSFT,313.6376037597656,0.01761707011227657,0.008077047607828946,0.0002119047619047619
2023-10-05,MSFT,314.03094482421875,0.0012533402122214933,-0.0013048811469951228,0.0002119047619047619
2023-10-06,MSFT,321.79913330078125,0.024436009821244064,0.011745642093961117,0.0002126984126984127
2023-10-09,MSFT,324.31640625,0.007792060496057628,0.006284068119387409,0.0002126984126984127
2023-10-10,MSFT,322.9102783203125,-0.004345093227758177,0.005194476099985354,0.0002119047619047619
2023-10-11,MSFT,326.873046875,0.012197351120306092,0.004283819500095073,0.0002119047619047619
2023-10-12,MSFT,325.6340637207031,-0.0037976126948330476,-0.006266024940654918,0.0002123015873015873
2023-10-13,MSFT,322.2613220214844,-0.010411471481759365,-0.005031495660219892,0.0002123015873015873
2023-10-16,MSFT,327.0893859863281,0.014870709702307765,0.010538642302589985,0.0002119047619047619
2023-10-17,MSFT,326.5190124511719,-0.001745307071647728,-9.824987944376507e-05,0.0002123015873015873
2023-10-18,MSFT,324.6015625,-0.0058897094263357305,-0.013490408251151898,0.0002119047619047619
2023-10-19,MSFT,325.7914123535156,0.0036588684900587636,-0.008519032328057976,0.00021150793650793651
2023-10-20,MSFT,321.2189636230469,-0.014134316923591525,-0.012665149196155915,0.0002107142857142857
2023-10-23,MSFT,323.82476806640625,0.008079509932652943,-0.0016869920654349177,0.00021111111111111113
2023-10-24,MSFT,325.0145874023437,0.0036675354525857917,0.0072395235196288195,0.0002107142857142857
2023-10-25,MSFT,334.9853515625,0.03021673855255232,-0.014443434657238052,0.00021111111111111113
2023-10-26,MSFT,322.41864013671875,-0.03823597842753964,-0.011903081205584871,0.00021111111111111113
2023-10-27,MSFT,324.3065795898437,0.005838475935407413,-0.00481183857862075,0.00021111111111111113
2023-10-30,MSFT,331.6814880371094,0.022485833343307265,0.011938474300285915,0.00021150793650793651
2023-10-31,MSFT,332.4681396484375,0.0023688998575204594,0.006454084821688244,0.00021150793650793651
2023-11-01,MSFT,340.2952880859375,0.023269700158978782,0.010451194990191868,0.0002107142857142857
2023-11-02,MSFT,342.5077209472656,0.006480465302319818,0.018682938934086474,0.0002095238095238095
2023-11-03,MSFT,346.9129333496094,0.012779635565976392,0.00934988354455146,0.0002091269841269841
2023-11-06,MSFT,350.5807189941406,0.01051714073679238,0.0017514577241005862,0.00020992063492063494
2023-11-07,MSFT,354.51397705078125,0.01115679603798268,0.0028360934017119537,0.0002095238095238095
2023-11-08,MSFT,357.1394348144531,0.007378506534866616,0.0010044110324198868,0.0002095238095238095
2023-11-09,MSFT,354.6713562011719,-0.006934675717744476,-0.008116690699068705,0.0002091269841269841
2023-11-10,MSFT,363.5014953613281,0.02459180723364431,0.015495759270772258,0.00020873015873015873
2023-11-13,MSFT,360.5613708496094,-0.008121230374912195,-0.0008361884413700847,0.0002095238095238095
2023-11-14,MSFT,364.0914306640625,0.009742838862043012,0.01889537047457725,0.00020873015873015873
2023-11-15,MSFT,364.2392578125,0.00040593415273115107,0.0015957382078471765,0.00020873015873015873
2023-11-16,MSFT,370.6437683105469,0.017430454702286005,0.0011897193967137305,0.00020833333333333332
2023-11-17,MSFT,364.4166564941406,-0.01694353438320939,0.0012812279371779871,0.00020833333333333332
2023-11-20,MSFT,371.8951110839844,0.02031398135307855,0.007363103793795633,0.0002091269841269841
2023-11-21,MSFT,367.5893249511719,-0.011645504853497725,-0.002022975931757968,0.00020873015873015873
2023-11-22,MSFT,372.2991027832031,0.012731220736195033,0.004052905094313324,0.0002091269841269841
2023-11-24,MSFT,371.88525390625,-0.001112221496985843,0.0005966956096450322,0.0002095238095238095
2023-11-27,MSFT,373.0478515625,0.0031213503377166226,-0.0019560693168983586,0.0002095238095238095
2023-11-28,MSFT,377.0778198242188,0.010744884991616447,0.0009796385280502918,0.0002091269841269841
2023-11-29,MSFT,373.2843627929688,-0.010111088851407782,-0.0009466966151019382,0.00020833333333333332
2023-11-30,MSFT,373.343505859375,0.00015842716033805592,0.003776931264994605,0.00020833333333333332
2023-12-01,MSFT,369.0081787109375,-0.011680114764243014,0.005856558953846637,0.00020753968253968256
2023-12-04,MSFT,363.717041015625,-0.014442602834467503,-0.005423188063826943,0.00020873015873015873
2023-12-05,MSFT,367.0473937988281,0.009114772644632093,-0.0005690315939348026,0.00020833333333333332
2023-12-06,MSFT,363.3820190429688,-0.010036303189144469,-0.003913851944943747,0.00020833333333333332
2023-12-07,MSFT,365.5003967285156,0.005812689685575611,0.007936610684821922,0.00020793650793650794
2023-12-08,MSFT,368.7322998046875,0.00880354134252696,0.0040871341465037936,0.00020793650793650794
2023-12-11,MSFT,365.8453063964844,-0.007860322035799408,0.003916813547781492,0.00020873015873015873
2023-12-12,MSFT,368.8800659179688,0.00826098265952226,0.0045888127956924,0.00020873015873015873
2023-12-13,MSFT,368.87017822265625,-2.6804993672805835e-05,0.01355834517501981,0.00020793650793650794
2023-12-14,MSFT,360.55419921875,-0.022802471604456222,0.002643565185154432,0.00020753968253968256
2023-12-15,MSFT,365.28369140625,0.013031998421994245,-7.625240044859478e-05,0.00020793650793650794
2023-12-18,MSFT,367.1754455566406,0.005165498691456304,0.004518122263400515,0.00020873015873015873
2023-12-19,MSFT,367.7765502929688,0.0016357663459808005,0.005849267450818904,0.00020753968253968256
2023-12-20,MSFT,365.17529296875,-0.00709806045131901,-0.014793147965305628,0.00020793650793650794
2023-12-21,MSFT,368.0523681640625,0.007847739832200138,0.010248769307271876,0.00020714285714285713
2023-12-22,MSFT,369.0771484375,0.002780463705686039,0.0016586821527610754,0.00020793650793650794
2023-12-26,MSFT,369.1559753417969,0.00021355558849185967,0.004222761046978559,0.00020833333333333332
2023-12-27,MSFT,368.5745544433594,-0.0015762422601301028,0.0014294356164229985,0.00020793650793650794
2023-12-28,MSFT,369.766845703125,0.0032296503917903074,0.0003701061103271183,0.00020833333333333332
2023-12-29,MSFT,370.51568603515625,0.0020231210526905196,-0.0028304770367338357,0.00020634920634920637
2024-01-02,MSFT,365.421630859375,-0.013843941370778974,-0.005676660799723162,0.00020714285714285713
2024-01-03,MSFT,365.1555786132813,-0.0007283344030039301,-0.008048618327197648,0.00020793650793650794
2024-01-04,MSFT,362.5346984863281,-0.007203315866807306,-0.003434271663317429,0.00020793650793650794
2024-01-05,MSFT,362.3474426269531,-0.000516651888409738,0.0018240216394339805,0.00020793650793650794
2024-01-08,MSFT,369.18548583984375,0.0186956516084064,0.014015945436353141,0.00020833333333333332
2024-01-09,MSFT,370.2693176269531,0.002931436940218359,-0.0014789938523175842,0.00020793650793650794
2024-01-10,MSFT,377.1468200683594,0.018403928450490298,0.005649980650495912,0.00020753968253968256
2024-01-11,MSFT,378.9794921875,0.00484753850833499,-0.0006712808369611647,0.00020753968253968256
2024-01-12,MSFT,382.7630920410156,0.009934145859487174,0.0007506937530339595,0.00020714285714285713
2024-01-16,MSFT,384.53662109375,0.004622788672429177,-0.0037383190523568345,0.00020714285714285713
2024-01-17,MSFT,383.7483825683594,-0.0020519437401610423,-0.005632731271107821,0.00020793650793650794
2024-01-18,MSFT,388.0836791992188,0.0112339003225424,0.008766720726243148,0.00020714285714285713
2024-01-19,MSFT,392.813232421875,0.012113278931812087,0.012238308232548512,0.00020714285714285713
2024-01-22,MSFT,390.68499755859375,-0.005432660894947281,0.0021919211872316853,0.00020714285714285713
2024-01-23,MSFT,393.0398254394531,0.006009341284724958,0.002917115340764486,0.00020674603174603175
2024-01-24,MSFT,396.6460571289063,0.009133395538701223,0.0008115989762168653,0.00020674603174603175
2024-01-25,MSFT,398.9220581054688,0.005721715444073179,0.00524657813497798,0.00020674603174603175
2024-01-26,MSFT,397.9959411621094,-0.0023242475665684946,-0.0006519977554263648,0.00020674603174603175
2024-01-29,MSFT,403.7008972167969,0.014232443193155989,0.007528365505246204,0.00020714285714285713
2024-01-30,MSFT,402.5874328613281,-0.002761952571453958,-0.0006008303969786162,0.00020674603174603175
2024-01-31,MSFT,391.7392272949219,-0.02731591583904588,-0.016236851740733683,0.00020714285714285713
2024-02-01,MSFT,397.84814453125,0.015474004143253187,0.012416286114049784,0.00020714285714285713
2024-02-02,MSFT,405.1788635253906,0.018258221874137455,0.01062777072263312,0.00020753968253968256
2024-02-05,MSFT,399.690673828125,-0.013637675431655045,-0.0031914247092839714,0.00020714285714285713
2024-02-06,MSFT,399.5329895019531,-0.00039459374253482144,0.0023077459317481074,0.00020753968253968256
2024-02-07,MSFT,407.9672546386719,0.020890574171606186,0.008207682594008628,0.00020753968253968256
2024-02-08,MSFT,408.02630615234375,0.0001447352445225969,0.000570420540090595,0.00020753968253968256
2024-02-09,MSFT,414.3717651367188,0.015431906112164934,0.0057259171287955156,0.00020793650793650794
2024-02-12,MSFT,409.1594848632813,-0.01265853572387828,-0.0009494041426524416,0.00020753968253968256
2024-02-13,MSFT,400.350830078125,-0.021763780679959363,-0.013768609419845444,0.00020833333333333332
2024-02-14,MSFT,404.2203674316406,0.00961895529187779,0.009534168304216807,0.00020753968253968256
2024-02-15,MSFT,401.32806396484375,-0.007180985730718122,0.00580437267404004,0.00020753968253968256
2024-02-16,MSFT,398.86029052734375,-0.006168000939663645,-0.0048150435759610425,0.00020793650793650794
2024-02-20,MSFT,397.6065979003906,-0.003148137557480669,-0.0060234264658172495,0.00020793650793650794
2024-02-21,MSFT,397.0044250488281,-0.0015156421178302028,0.0012634014951035982,0.00020793650793650794
2024-02-22,MSFT,406.3525695800781,0.02327375389906064,0.02090288866640342,0.00020833333333333332
2024-02-23,MSFT,405.0594482421875,-0.0031873386251037405,0.000347887026502183,0.00020873015873015873
2024-02-26,MSFT,402.2955017089844,-0.006846944658801223,-0.003793939244668484,0.00020873015873015873
2024-02-27,MSFT,402.2362365722656,-0.00014732827558186452,0.001704895538720964,0.00020833333333333332
2024-02-28,MSFT,402.4731140136719,0.0005887279626503899,-0.001659531321112244,0.00020793650793650794
2024-02-29,MSFT,408.3170166015625,0.014415577023203166,0.0052154704557999644,0.00020833333333333332
2024-03-01,MSFT,410.1530151367188,0.004486423555024856,0.007975936433387976,0.00020753968253968256
2024-03-04,MSFT,409.58050537109375,-0.001396819440434539,-0.0011939745749630112,0.00020793650793650794
2024-03-05,MSFT,397.4683837890625,-0.030018084990277492,-0.010245406275917994,0.00020753968253968256
2024-03-06,MSFT,396.9156188964844,-0.0013916820578578639,0.005127932853001643,0.00020793650793650794
2024-03-07,MSFT,403.8749084472656,0.017381486223155152,0.010251402284983627,0.00020793650793650794
2024-03-08,MSFT,400.9924621582031,-0.007162567939393686,-0.006549922992050337,0.00020793650793650794
2024-03-11,MSFT,399.3143005371094,-0.004193802074253164,-0.0011228682680281005,0.00020793650793650794
2024-03-12,MSFT,409.9358825683594,0.026251936044319864,0.011139512586668012,0.00020833333333333332
2024-03-13,MSFT,409.7582092285156,-0.00043351134137569093,-0.0019263840021219723,0.00020833333333333332
2024-03-14,MSFT,419.7479553222656,0.024087172617837157,-0.002875221051495188,0.00020833333333333332
2024-03-15,MSFT,411.0612182617188,-0.020912271819706327,-0.0065040228597376655,0.00020833333333333332
2024-03-18,MSFT,411.94964599609375,0.0021589704779113126,0.006298184238480456,0.00020833333333333332
2024-03-19,MSFT,415.9869689941406,0.00975281181316479,0.00563325304434312,0.00020793650793650794
2024-03-20,MSFT,419.75787353515625,0.009024118221964132,0.008864765516360184,0.00020793650793650794
2024-03-21,MSFT,423.8445434570313,0.009688691752747891,0.003231309094528888,0.00020833333333333332
2024-03-22,MSFT,423.2226867675781,-0.0014682584309251368,-0.0014031718343267125,0.00020793650793650794
2024-03-25,MSFT,417.4183044433594,-0.013809639617612108,-0.0030596403820319297,0.00020753968253968256
2024-03-26,MSFT,416.2239074707031,-0.0028654925886841616,-0.002803721982805726,0.00020714285714285713
2024-03-27,MSFT,416.0067443847656,-0.0005218819815930414,0.008593595582706042,0.00020714285714285713
2024-03-28,MSFT,415.3058471679688,-0.0016862426721242795,0.0011158627007616052,0.00020753968253968256
2024-04-01,MSFT,419.1063232421875,0.009109412565372378,-0.0020156145269577246,0.00020753968253968256
2024-04-02,MSFT,416.0166015625,-0.0073994754193300325,-0.007265388203672426,0.00020714285714285713
2024-04-03,MSFT,415.0393371582031,-0.0023518629955518494,0.001090527523337898,0.00020714285714285713
2024-04-04,MSFT,412.5024108886719,-0.006131253735332994,-0.01241103561926225,0.00020674603174603175
2024-04-05,MSFT,420.0441284179688,0.018117723083769605,0.011038050135699558,0.00020753968253968256
2024-04-08,MSFT,419.1260681152344,-0.0021880201961169163,-0.0003747011900415767,0.00020753968253968256
2024-04-09,MSFT,420.7942810058594,0.003972317341694257,0.0014444494736345207,0.00020753968253968256
2024-04-10,MSFT,417.8131713867188,-0.007109696361505195,-0.009501981832212592,0.00020833333333333332
2024-04-11,MSFT,422.4230651855469,0.010972961776572044,0.007417221983342437,0.00020833333333333332
2024-04-12,MSFT,416.4706726074219,-0.014191290760697159,-0.014657587802248536,0.00020833333333333332
2024-04-15,MSFT,408.3170166015625,-0.01977217105076155,-0.012094195787459195,0.00020833333333333332
2024-04-16,MSFT,409.2448425292969,0.002269739752892873,-0.0020586245275039964,0.00020833333333333332
2024-04-17,MSFT,406.54010009765625,-0.006631042572848356,-0.005797375076004185,0.00020833333333333332
2024-04-18,MSFT,399.0675964355469,-0.018551754182997073,-0.0022106017004853043,0.00020833333333333332
2024-04-19,MSFT,393.9838562011719,-0.012820882816485883,-0.008797129654056974,0.00020833333333333332
2024-04-22,MSFT,395.8001708984375,0.004599530598382363,0.00869335115683908,0.00020714285714285713
2024-04-23,MSFT,402.3251037597656,0.016351012656739796,0.01189356656772209,0.00020833333333333332
2024-04-24,MSFT,403.7958984375,0.003649070811409826,0.00021298737793290078,0.00020873015873015873
2024-04-25,MSFT,393.9048767089844,-0.024800097939833142,-0.0045869342701194095,0.00020873015873015873
2024-04-26,MSFT,401.0911560058594,0.018079272706806402,0.010157381332325343,0.00020833333333333332
2024-04-29,MSFT,397.0735168457031,-0.010067278668421456,0.0031734080766393944,0.00020833333333333332
2024-04-30,MSFT,384.31982421875,-0.03264636300586083,-0.015855551118928123,0.00020833333333333332
2024-05-01,MSFT,389.8575744628906,0.01430639723034881,-0.0034413534856316866,0.00020873015873015873
2024-05-02,MSFT,392.7203063964844,0.007316191200830843,0.009087024725084856,0.00020833333333333332
2024-05-03,MSFT,401.4267883300781,0.021927501440071297,0.012478557659508005,0.00020833333333333332
2024-05-06,MSFT,408.21826171875,0.016776815179411955,0.010273173691247842,0.00020833333333333332
2024-05-07,MSFT,404.072265625,-0.01020824928538198,0.0013425282288256131,0.00020833333333333332
2024-05-08,MSFT,405.2568664550781,0.0029273669489302614,-5.835635193424912e-06,0.00020833333333333332
2024-05-09,MSFT,407.0139770507813,0.004326422277839805,0.005078032639106711,0.00020833333333333332
2024-05-10,MSFT,409.40283203125,0.005852064218705468,0.001648040080166728,0.00020873015873015873
2024-05-13,MSFT,408.39593505859375,-0.0024624578122868918,-0.00024133317386520824,0.00020833333333333332
2024-05-14,MSFT,411.1994018554688,0.006841126600791587,0.004826148527454041,0.00020793650793650794
2024-05-15,MSFT,418.3887634277344,0.017332796829567364,0.01164782778729962,0.00020833333333333332
2024-05-16,MSFT,416.3219299316406,-0.004952225331593235,-0.0020838374740880464,0.00020833333333333332
2024-05-17,MSFT,415.5506286621094,-0.0018543741648555246,0.0011640956878937513,0.00020833333333333332
2024-05-20,MSFT,420.6237182617188,0.012134196329721493,0.0009159703084911664,0.00020833333333333332
2024-05-21,MSFT,424.28271484375,0.008661360153513101,0.0024987497668926086,0.00020833333333333332
2024-05-22,MSFT,425.7463073730469,0.003443632952265992,-0.0027097912093521476,0.00020833333333333332
2024-05-23,MSFT,422.2653198242188,-0.008209809839851824,-0.007408162283471933,0.00020873015873015873
2024-05-24,MSFT,425.3902893066406,0.007373238862741056,0.0069766490766732595,0.00020873015873015873
2024-05-28,MSFT,425.5485229492188,0.00037190369536088983,0.00024877090688591537,0.00020873015873015873
2024-05-29,MSFT,424.4112854003906,-0.002675981184736229,-0.007394317215742535,0.00020873015873015873
2024-05-30,MSFT,410.0720825195313,-0.03437004254173467,-0.005992957535754186,0.00020873015873015873
2024-05-31,MSFT,410.5269470214844,0.0011086158578430903,0.007995824231928897,0.00020833333333333332
2024-06-03,MSFT,408.9347839355469,-0.0038858802779188745,0.0011154602235352391,0.00020873015873015873
2024-06-04,MSFT,411.45654296875,0.006147717297509457,0.0015016810037827531,0.00020833333333333332
2024-06-05,MSFT,419.3084716796875,0.01890345016634697,0.011778015849957281,0.00020833333333333332
2024-06-06,MSFT,419.8128356933594,0.0012021243412086656,-0.00019983660163685183,0.00020833333333333332
2024-06-07,MSFT,419.1502685546875,-0.001579490857379131,-0.0011158420502790662,0.00020873015873015873
2024-06-10,MSFT,423.1257019042969,0.009439810726912712,0.002577529978240972,0.00020833333333333332
2024-06-11,MSFT,427.8823547363281,0.011178983162974237,0.0027067148552095224,0.00020833333333333332
2024-06-12,MSFT,436.1694030761719,0.019182421366619518,0.008467720241887338,0.00020833333333333332
2024-06-13,MSFT,436.6836242675781,0.0011782539208496088,0.00234191143711672,0.00020833333333333332
2024-06-14,MSFT,437.6627197265625,0.002239606478504459,-0.00039393828099749413,0.00020833333333333332
2024-06-17,MSFT,443.39837646484375,0.01302006816461835,0.007635164372320518,0.00020833333333333332
2024-06-18,MSFT,441.390869140625,-0.004537828141676903,0.0025181541815171163,0.00020793650793650794
2024-06-20,MSFT,440.7580261230469,-0.0014347762141725317,-0.0025291273954115403,0.00020793650793650794
2024-06-21,MSFT,444.7927856445313,0.009112492219599252,-0.0015633517188252497,0.00020753968253968256
2024-06-24,MSFT,442.70611572265625,-0.004702369239543417,-0.0030698791558664423,0.00020793650793650794
2024-06-25,MSFT,445.9497375488281,0.007300095349573747,0.003925873679181344,0.00020753968253968256
2024-06-26,MSFT,447.1463317871094,0.0026796556280633127,0.0015711962247204525,0.00020793650793650794
2024-06-27,MSFT,447.8287048339844,0.0015248987986949732,0.0009069098567990731,0.00020753968253968256
2024-06-28,MSFT,441.9941101074219,-0.013114247577188622,-0.0040920134623695995,0.00020714285714285713
2024-07-01,MSFT,451.6656799316406,0.021645703550018033,0.0026719909814295235,0.00020793650793650794
2024-07-02,MSFT,454.1873779296875,0.005567579620366608,0.0061762057711850496,0.00020793650793650794
2024-07-03,MSFT,455.6608581542969,0.0032389610802017865,0.0050715622695336636,0.00020793650793650794
2024-07-05,MSFT,462.3755493164063,0.014628637493471538,0.00543397436096954,0.00020753968253968256
2024-07-08,MSFT,461.0701904296875,-0.0028271498800375443,0.0010161824764044329,0.00020753968253968256
2024-07-09,MSFT,454.4445190429688,-0.014474452450266746,0.0007407974780654752,0.00020753968253968256
2024-07-10,MSFT,461.08013916015625,0.014496029692392776,0.010156314878105886,0.00020753968253968256
2024-07-11,MSFT,449.6582336425781,-0.025084052127792213,-0.008801649969266724,0.00020674603174603175
2024-07-12,MSFT,448.5209655761719,-0.002532387022921206,0.00550186402496512,0.00020674603174603175
2024-07-15,MSFT,448.9263916015625,0.0009035093807522676,0.0028222164233526843,0.00020634920634920637
2024-07-16,MSFT,444.53564453125,-0.009828693865837974,0.0063690499714532745,0.00020634920634920637
2024-07-17,MSFT,438.6021728515625,-0.013437451876993923,-0.014025441523645543,0.00020634920634920637
2024-07-18,MSFT,435.4870910644531,-0.007127635823258,-0.007847112145350072,0.00020674603174603175
2024-07-19,MSFT,432.2632141113281,-0.007430459584669338,-0.007165879226406085,0.00020634920634920637
2024-07-22,MSFT,438.0285949707031,0.013249498941173094,0.010734217246220293,0.00020595238095238096
2024-07-23,MSFT,439.91741943359375,0.004302832625467668,-0.0015593176939461904,0.00020555555555555556
2024-07-24,MSFT,424.1442260742188,-0.03651347296466069,-0.02342124222289286,0.00020555555555555556
2024-07-25,MSFT,413.76068115234375,-0.024785811395497667,-0.005155889019717259,0.00020515873015873015
2024-07-26,MSFT,420.5545043945313,0.016286347242022572,0.011029420409570924,0.00020476190476190477
2024-07-29,MSFT,421.9983215332031,0.0034272475446063596,0.0008129795718284517,0.0002043650793650794
2024-07-30,MSFT,418.2305603027344,-0.008968476486413626,-0.0049725143613676215,0.00020396825396825393
2024-07-31,MSFT,413.7112426757813,-0.010864611119724064,0.015669980701917767,0.0002043650793650794
2024-08-01,MSFT,412.4849853515625,-0.0029684430479495543,-0.013788123791990166,0.00020317460317460318
2024-08-02,MSFT,403.9605712890625,-0.020882528585327347,-0.01855290660855327,0.0002003968253968254
2024-08-05,MSFT,390.76849365234375,-0.03320198059274659,-0.0304270413923931,0.00020198412698412699
2024-08-06,MSFT,395.1790161132813,0.011223570798205313,0.010300849493599515,0.00020198412698412699
2024-08-07,MSFT,394.0121154785156,-0.0029572088140395352,-0.007764715388769489,0.00020198412698412699
2024-08-08,MSFT,398.2248840332031,0.010635222200791413,0.02278113959089888,0.00020198412698412699
2024-08-09,MSFT,401.5179748535156,0.008235420662381896,0.004660798434381699,0.00020198412698412699
2024-08-12,MSFT,402.2991943359375,0.0019437746749810033,4.30330517200971e-05,0.0002011904761904762
2024-08-13,MSFT,409.41937255859375,0.017543915189673236,0.016707233419049988,0.0002007936507936508
2024-08-14,MSFT,412.23779296875,0.006860358753899936,0.00381643656119841,0.0002011904761904762
2024-08-15,MSFT,417.1119995117188,0.011754419445180039,0.01600448993130413,0.00020198412698412699
2024-08-16,MSFT,414.5758056640625,-0.006098927249904853,0.0019878023683961516,0.00020158730158730158
2024-08-19,MSFT,417.6073303222656,0.0072857474204321825,0.009675327436177775,0.0002007936507936508
2024-08-20,MSFT,420.8468933105469,0.0077275038222585695,-0.001986527237609709,0.0002
2024-08-21,MSFT,420.1930236816406,-0.001554907793164323,0.004230714721006796,0.0001992063492063492
2024-08-22,MSFT,411.6829528808594,-0.020460664631828676,-0.00897294225665722,0.0002
2024-08-23,MSFT,412.9114379882813,0.0029796128373142322,0.01141793740166443,0.0001988095238095238
2024-08-26,MSFT,409.6421508789063,-0.007949158252752322,-0.0031587101696058145,0.00019761904761904763
2024-08-27,MSFT,409.9889221191406,0.0008461642618217693,0.0015939251127232035,0.00019761904761904763
2024-08-28,MSFT,406.779052734375,-0.007859970049802486,-0.005993900794735212,0.00019682539682539682
2024-08-29,MSFT,409.2756042480469,0.006118608063805745,-3.937984343658622e-05,0.00019761904761904763
2024-08-30,MSFT,413.2582092285156,0.009683823419883383,0.010042457079144168,0.00019761904761904763
2024-09-03,MSFT,405.6298522949219,-0.01863155164435694,-0.021377963372397696,0.0001972222222222222
2024-09-04,MSFT,405.0948486328125,-0.001319816058788003,-0.0016038290273809634,0.00019682539682539682
2024-09-05,MSFT,404.589599609375,-0.0012480148040714372,-0.003022581014674196,0.00019603174603174606
2024-09-06,MSFT,397.96185302734375,-0.016517065012502868,-0.017410944507424406,0.00019563492063492062
2024-09-09,MSFT,401.9444274902344,0.009957684963050413,0.011513534435818254,0.00019404761904761905
2024-09-10,MSFT,410.3455505371094,0.02068577193578087,0.004462699977793541,0.00019246031746031743
2024-09-11,MSFT,419.1033020019531,0.021117822767808936,0.01060855564984334,0.00019404761904761905
2024-09-12,MSFT,423.02642822265625,0.009317221469822631,0.00746735215680267,0.00019246031746031743
2024-09-13,MSFT,426.5830383300781,0.00837238995804629,0.0053931422343560355,0.0001896825396825397
2024-09-16,MSFT,427.3260498046875,0.001740259408059711,0.0012558408673102855,0.0001884920634920635
2024-09-17,MSFT,431.1005859375,0.008794136392115702,0.00026451509389645083,0.0001884920634920635
2024-09-18,MSFT,426.8009643554688,-0.010023661993490461,-0.0029006587083132912,0.00018452380952380955
2024-09-19,MSFT,434.607666015625,0.018125927984098417,0.016834356892725128,0.00018293650793650796
2024-09-20,MSFT,431.2194519042969,-0.007826577238559066,-0.0019429136300157343,0.00018095238095238093
2024-09-23,MSFT,429.4758605957031,-0.004051593330224055,0.0028053344257131223,0.00017976190476190476
2024-09-24,MSFT,425.1762390136719,-0.010061773341813214,0.002508031103345345,0.00017857142857142857
2024-09-25,MSFT,428.0888671875,0.006827044643991793,-0.001862983206212128,0.00017896825396825398
2024-09-26,MSFT,427.29632568359375,-0.0018530639466293973,0.004030542158199222,0.00017857142857142857
2024-09-27,MSFT,424.0369262695313,-0.007657201999795873,-0.0012540029000721238,0.00017857142857142857
2024-09-30,MSFT,426.2956848144531,0.005312659606706706,0.004227603658441509,0.00017936507936507936
2024-10-01,MSFT,416.775146484375,-0.022586341999706376,-0.009367848694454447,0.00017857142857142857
2024-10-02,MSFT,413.2482299804688,-0.008498405782049115,0.00013838132698647728,0.0001777777777777778
2024-10-03,MSFT,412.663818359375,-0.0014151911690964151,-0.0016828286544586894,0.0001777777777777778
2024-10-04,MSFT,412.188232421875,-0.0011531425296207817,0.008930255699186382,0.00017976190476190476
2024-10-07,MSFT,405.7288818359375,-0.015794962015395268,-0.009632263829388773,0.00018055555555555555
2024-10-08,MSFT,410.8507690429688,0.01254489840038281,0.009642706804694385,0.00017976190476190476
2024-10-09,MSFT,413.5752258300781,0.0066093663273915845,0.007088231016994585,0.00018015873015873017
2024-10-10,MSFT,411.9702758789063,-0.0038882217148640307,-0.0020722685059824846,0.00018015873015873017
2024-10-11,MSFT,412.44580078125,0.0011536042746908524,0.00603360870729872,0.00017976190476190476
2024-10-14,MSFT,415.2395629882813,0.006750808796249882,0.007678114574594323,0.00017976190476190476
2024-10-15,MSFT,414.84326171875,-0.0009548476076018053,-0.0076385660375134215,0.00017936507936507936
2024-10-16,MSFT,412.2476501464844,-0.006276504930946083,0.004668232782779766,0.00017896825396825398
2024-10-17,MSFT,412.8421020507813,0.001440939014377978,-0.00017117512853816633,0.00018015873015873017
2024-10-18,MSFT,414.2686767578125,0.003449540637574117,0.003963686942774387,0.00017976190476190476
2024-10-21,MSFT,414.8829040527344,0.0014815805010659037,-0.001824432756419033,0.00017896825396825398
2024-10-22,MSFT,423.53167724609375,0.02063198847959125,-0.0004749666671957937,0.00017896825396825398
2024-10-23,MSFT,420.6487731933594,-0.006830092448962912,-0.009233824267679564,0.00017936507936507936
2024-10-24,MSFT,420.7775573730469,0.00030610922433687535,0.0021434731305568283,0.00017857142857142857
2024-10-25,MSFT,424.1657104492188,0.00801987864806329,-0.00029949201318627087,0.00017936507936507936
2024-10-28,MSFT,422.6202087402344,-0.0036502813522379554,0.002647934626732945,0.0001781746031746032
2024-10-29,MSFT,427.9303588867188,0.012486545403021024,0.0016128259449012198,0.0001781746031746032
2024-10-30,MSFT,428.50494384765625,0.0013418060776147712,-0.0033056916724881185,0.00017738095238095238
2024-10-31,MSFT,402.568603515625,-0.06243674968688352,-0.018790134928745348,0.0001761904761904762
2024-11-01,MSFT,406.5511779785156,0.00984429429752699,0.004084158004525459,0.000175
2024-11-04,MSFT,404.658935546875,-0.00466524228942261,-0.0028160448131902913,0.0001761904761904762
2024-11-05,MSFT,407.6310424804688,0.007317879765462363,0.012191031029563081,0.00017579365079365078
2024-11-06,MSFT,416.2698974609375,0.020971384234726945,0.024981280957186654,0.0001761904761904762
2024-11-07,MSFT,421.4710083007813,0.012417151011607555,0.007403754173995657,0.00017579365079365078
2024-11-08,MSFT,418.6079406738281,-0.0068162134415234174,0.0037497940357180464,0.00017579365079365078
2024-11-11,MSFT,414.1201171875,-0.01077870955278697,0.0009685941909569238,0.00017579365079365078
2024-11-12,MSFT,419.0933532714844,0.011937625399029261,-0.0028968514769364996,0.00017579365079365078
2024-11-13,MSFT,421.2431945800781,0.005116630960082699,0.00023220076414018386,0.00017460317460317462
2024-11-14,MSFT,422.9174499511719,0.003966679985010397,-0.006068108582244,0.000175
2024-11-15,MSFT,411.1380920410156,-0.028247857790019912,-0.013291430866793769,0.000175
2024-11-18,MSFT,411.8910217285156,0.0018296555612626897,0.003910159746206537,0.00017539682539682538
2024-11-19,MSFT,413.9021301269531,0.004870741225931938,0.003955750520596487,0.000175
2024-11-20,MSFT,411.62353515625,-0.005520363213633723,2.19506213354446e-05,0.00017539682539682538
2024-11-21,MSFT,409.8466491699219,-0.004326118686903786,0.005326251844288491,0.00017579365079365078
2024-11-22,MSFT,413.9463806152344,0.009953386697125723,0.0034619595915364653,0.00017579365079365078
2024-11-25,MSFT,415.7233276367188,0.004283511187238211,0.0030159278201245415,0.00017539682539682538
2024-11-26,MSFT,424.8559265136719,0.0217301538111494,0.005705697155263866,0.00017460317460317462
2024-11-27,MSFT,419.89251708984375,-0.01175134817813483,-0.003808481083577712,0.00017460317460317462
2024-11-29,MSFT,420.3590698242188,0.001110507351817387,0.005592120396801623,0.00017420634920634919
2024-12-02,MSFT,427.8240356445313,0.017602705184944906,0.0024454638805813736,0.0001738095238095238
2024-12-03,MSFT,428.04241943359375,0.0005103221244532283,0.0004513472420221813,0.00017301587301587302
2024-12-04,MSFT,434.21685791015625,0.014321780412868275,0.00603318162813612,0.00017261904761904762
2024-12-05,MSFT,439.3788146972656,0.011817862716614851,-0.0018715258393823342,0.00017222222222222224
2024-12-06,MSFT,440.3218688964844,0.0021440350748065965,0.0024923453675383123,0.00017103174603174602
2024-12-09,MSFT,442.75390625,0.005508119621976704,-0.006163167285227462,0.0001706349206349206
2024-12-10,MSFT,440.0835876464844,-0.006049418529309175,-0.002968284314279252,0.00017023809523809523
2024-12-11,MSFT,445.7021484375,0.012686219513976898,0.008132626411368235,0.00016904761904761904
2024-12-12,MSFT,446.2679748535156,0.0012687117586976638,-0.005428731461463251,0.00016785714285714288
2024-12-13,MSFT,443.9947204589844,-0.0051069405630439725,-2.646698937187397e-05,0.00016785714285714288
2024-12-16,MSFT,448.2831115722656,0.009612306791950456,0.0037921550087844295,0.00016865079365079366
2024-12-17,MSFT,451.132080078125,0.006335178815730116,-0.0038714794806554956,0.00016904761904761904
2024-12-18,MSFT,434.1870727539063,-0.03828467267133271,-0.02993650530451818,0.00016865079365079366
2024-12-19,MSFT,433.8297424316406,-0.0008233258531390015,-0.0008654867505367934,0.00016785714285714288
2024-12-20,MSFT,433.4029235839844,-0.0009843238126142784,0.010810479402397299,0.00016785714285714288
2024-12-23,MSFT,432.062744140625,-0.0030970160100696584,0.007260849585616372,0.00016825396825396826
2024-12-24,MSFT,436.1128845214844,0.009330300526802428,0.010982233165126825,0.00016984126984126986
2024-12-26,MSFT,434.90179443359375,-0.0027808736124082436,-0.0004057410882578191,0.00016825396825396826
2024-12-27,MSFT,427.3773193359375,-0.01745297079951898,-0.01111730496491221,0.0001662698412698413
2024-12-30,MSFT,421.7190551757813,-0.013327928579020556,-0.010759673941729728,0.00016785714285714288
2024-12-31,MSFT,418.4134521484375,-0.007869282659496936,-0.0042940064589823065,0.00016785714285714288
2025-01-02,MSFT,415.5148315429688,-0.006951754330891053,-0.002226363149448992,0.00016746031746031745
2025-01-03,MSFT,420.24993896484375,0.011331317743987277,0.01251735670782609,0.0001666666666666667
2025-01-06,MSFT,424.7169494628906,0.010573318729905756,0.005522766496818171,0.00016706349206349207
2025-01-07,MSFT,419.277099609375,-0.012890908863907247,-0.011166021516637011,0.00016706349206349207
2025-01-08,MSFT,421.4510498046875,0.005171600456339496,0.0015591440938312422,0.00016706349206349207
2025-01-10,MSFT,415.8821105957031,-0.01330180526750087,-0.015531637650233373,0.00016746031746031745
2025-01-13,MSFT,414.135009765625,-0.004209800900384384,0.0015742043780551176,0.00016785714285714288
2025-01-14,MSFT,412.6261596679688,-0.003650030573776289,0.001145623334164268,0.00016746031746031745
2025-01-15,MSFT,423.188232421875,0.025275073336954796,0.018147132504516373,0.00016706349206349207
2025-01-16,MSFT,421.4708557128906,-0.004066443135811161,-0.0021149243408667613,0.00016706349206349207
2025-01-17,MSFT,425.8883056640625,0.010426487778671703,0.009941478308394033,0.0001666666666666667
2025-01-21,MSFT,425.3621826171875,-0.0012361182075320352,0.00873000944059605,0.00016746031746031745
2025-01-22,MSFT,442.9325866699219,0.040476583499093395,0.006119181086994129,0.00016746031746031745
2025-01-23,MSFT,443.4388732910156,0.0011423803653970626,0.005299419459529372,0.00016746031746031745
2025-01-24,MSFT,440.8082580566406,-0.005949972359315488,-0.002859215984467759,0.00016706349206349207
2025-01-27,MSFT,431.3778076171875,-0.02162570198437487,-0.014688059032112328,0.0001666666666666667
2025-01-28,MSFT,443.9252624511719,0.028671930523709144,0.009175644177716802,0.0001666666666666667
2025-01-29,MSFT,439.0909118652344,-0.010949740284245566,-0.004689876056919602,0.0001666666666666667
2025-01-30,MSFT,411.95111083984375,-0.06380180086816058,0.005261548152180238,0.0001662698412698413
2025-01-31,MSFT,412.0205993652344,0.00016866726052549094,-0.005059603990267195,0.0001666666666666667
2025-02-03,MSFT,407.9109802246094,-0.01002438168475468,-0.007637690729495203,0.00016746031746031745
2025-02-04,MSFT,409.3503112792969,0.0035223313713174365,0.007198907403029113,0.00016746031746031745
2025-02-05,MSFT,410.26361083984375,0.002228610114852026,0.003901053915613614,0.00016746031746031745
2025-02-06,MSFT,412.7750854492188,0.006102950969121719,0.003637674355266266,0.00016746031746031745
2025-02-07,MSFT,406.7494812011719,-0.014705386704610328,-0.0095098456936602,0.00016825396825396826
2025-02-10,MSFT,409.201416015625,0.006010023895347485,0.006690112295455172,0.00016785714285714288
2025-02-11,MSFT,408.4271240234375,-0.001893995098589205,0.00033952514367385523,0.00016785714285714288
2025-02-12,MSFT,406.044677734375,-0.005850302193538772,-0.0027275831896475754,0.00016785714285714288
2025-02-13,MSFT,407.53369140625,0.0036604103327037034,0.010372313214235747,0.00016746031746031745
2025-02-14,MSFT,405.4391479492188,-0.005152811976163767,-7.19463955744955e-05,0.00016746031746031745
2025-02-18,MSFT,406.6402893066406,0.002958189010181301,0.002442003655551809,0.00016785714285714288
2025-02-19,MSFT,411.7327270507813,0.012445433493824007,0.0023741488668242434,0.00016746031746031745
2025-02-20,MSFT,413.91107177734375,0.0052767301931325155,-0.004343604884290259,0.00016706349206349207
2025-02-21,MSFT,406.03326416015625,-0.019216060607282707,-0.017211396672539132,0.00016706349206349207
2025-02-24,MSFT,401.845703125,-0.010366895806540082,-0.004981493566252351,0.0001662698412698413
2025-02-25,MSFT,395.77825927734375,-0.01521408876459946,-0.004690715138395557,0.0001662698412698413
2025-02-26,MSFT,397.5985107421875,0.004588626053810191,0.00013601502958346571,0.0001666666666666667
2025-02-27,MSFT,390.4368896484375,-0.01817638715495682,-0.015991742678524653,0.0001666666666666667
2025-02-28,MSFT,394.87310791015625,0.01129812549135796,0.015729780420663385,0.0001666666666666667
2025-03-03,MSFT,386.41845703125,-0.02164359965196981,-0.017753402648308866,0.00016706349206349207
2025-03-04,MSFT,386.5377807617188,0.0003087464091301897,-0.012310288231505477,0.0001666666666666667
2025-03-05,MSFT,398.8816223144531,0.03143507269047251,0.011097472528735688,0.00016706349206349207
2025-03-06,MSFT,394.7736511230469,-0.01035212141898282,-0.017979677107455568,0.0001666666666666667
2025-03-07,MSFT,391.2127380371094,-0.009061066447111124,0.005505435045454467,0.0001666666666666667
2025-03-10,MSFT,378.13287353515625,-0.034005847934470375,-0.027343541788428148,0.0001662698412698413
2025-03-11,MSFT,378.42132568359375,0.0007625419638474885,-0.007596646918536578,0.0001666666666666667
2025-03-12,MSFT,381.2262573242188,0.007384857007016547,0.004874967940490777,0.00016706349206349207
2025-03-13,MSFT,376.7502746582031,-0.011810483585375512,-0.013988366806464148,0.0001666666666666667
2025-03-14,MSFT,386.4880676269531,0.02551842813202982,0.02104290595319694,0.0001666666666666667
2025-03-17,MSFT,386.6273193359375,0.0003602352581217095,0.0063956349746060355,0.0001666666666666667
2025-03-18,MSFT,381.4749450683594,-0.013416056136493904,-0.010710667074319702,0.0001666666666666667
2025-03-19,MSFT,385.75201416015625,0.011149538863096421,0.010740608172953766,0.0001666666666666667
2025-03-20,MSFT,384.7772521972656,-0.0025301115102107264,-0.002187283513782985,0.0001662698412698413
2025-03-21,MSFT,389.1736755371094,0.011361109525563523,0.0008243136078323211,0.0001662698412698413
2025-03-24,MSFT,390.9839782714844,0.004640872199822358,0.01749211712863917,0.0001662698412698413
2025-03-25,MSFT,393.0528564453125,0.005277514739386901,0.0015730954906538206,0.0001662698412698413
2025-03-26,MSFT,387.8905334472656,-0.013220928070954496,-0.011219640357598032,0.0001666666666666667
2025-03-27,MSFT,388.497314453125,0.0015630876527579036,-0.0033124610071321114,0.0001666666666666667
2025-03-28,MSFT,376.7801208496094,-0.030624473698900093,-0.019934601126853548,0.0001666666666666667
2025-03-31,MSFT,373.3883056640625,-0.00904287138467908,0.005523240357645722,0.00016706349206349207
2025-04-01,MSFT,380.1520385742188,0.01795236211660525,0.0037741045552120668,0.0001666666666666667
2025-04-02,MSFT,380.1023254394531,-0.0001307802682620684,0.006705661429484109,0.00016706349206349207
2025-04-03,MSFT,371.1204528808594,-0.02391381319284543,-0.04960591182899663,0.0001666666666666667
2025-04-04,MSFT,357.92120361328125,-0.03621382021525922,-0.061609061898230934,0.00016547619047619047
2025-04-07,MSFT,355.9517822265625,-0.0055175820409396874,-0.0023341946059635883,0.00016547619047619047
2025-04-08,MSFT,352.6694030761719,-0.00926419557973402,-0.015825083277054855,0.0001662698412698413
2025-04-09,MSFT,388.4077453613281,0.09652459501610683,0.09089487983303646,0.00016825396825396826
2025-04-10,MSFT,379.3165283203125,-0.023684654334806,-0.03522060702411168,0.00016746031746031745
2025-04-11,MSFT,386.378662109375,0.018446854932802577,0.01793038083577807,0.00016785714285714288
2025-04-14,MSFT,385.7420654296875,-0.0016489567012706835,0.007913319326342991,0.00016746031746031745
2025-04-15,MSFT,383.6731567382813,-0.005377886005244386,-0.001729275225300909,0.00016746031746031745
2025-04-16,MSFT,369.6284484863281,-0.03729272800460987,-0.022663253964902527,0.00016706349206349207
2025-04-17,MSFT,365.81884765625,-0.010360048704772855,0.0013259586237727749,0.00016785714285714288
2025-04-21,MSFT,357.2050476074219,-0.023828279171115695,-0.02384964833401801,0.00016746031746031745
2025-04-22,MSFT,364.864013671875,0.021214738937953004,0.02480695212545062,0.00016746031746031745
2025-04-23,MSFT,372.3936462402344,0.020426764723584782,0.016523864366879457,0.00016746031746031745
2025-04-24,MSFT,385.2347412109375,0.03390138231278414,0.020056628082583162,0.00016706349206349207
2025-04-25,MSFT,389.7605285644531,0.011679655291929304,0.0073460847957005125,0.00016706349206349207
2025-04-28,MSFT,389.0741882324219,-0.0017624805235211918,0.0006405015390019333,0.0001666666666666667
2025-04-29,MSFT,391.9388427734375,0.007335773601002335,0.005785641545556399,0.0001666666666666667
2025-04-30,MSFT,393.15234375,0.0030913655987962678,0.0014788972519335208,0.0001666666666666667
2025-05-01,MSFT,423.1316223144531,0.07348611462395332,0.006279345716451974,0.0001666666666666667
2025-05-02,MSFT,432.95892333984375,0.022959563727747614,0.014619191109112719,0.00016746031746031745
2025-05-05,MSFT,433.8442077636719,0.002042643132850122,-0.006402047029318447,0.00016746031746031745
2025-05-06,MSFT,430.99945068359375,-0.006578685782484525,-0.007722985278391797,0.00016746031746031745
2025-05-07,MSFT,431.0392456054688,9.232746064569234e-05,0.004336938106710132,0.00016746031746031745
2025-05-08,MSFT,435.8335266113281,0.011061207690986957,0.005783021147465641,0.00016785714285714288
2025-05-09,MSFT,436.39056396484375,0.0012772805412403414,-0.0007117341348763632,0.00016746031746031745
2025-05-12,MSFT,446.8644104003906,0.023717584881590155,0.03203997667702081,0.00017103174603174602
2025-05-13,MSFT,446.74505615234375,-0.0002671284341179979,0.007222059020245977,0.00017023809523809523
2025-05-14,MSFT,450.5247497558594,0.008424926226858481,0.001023891242276054,0.00017023809523809523
2025-05-15,MSFT,451.5412292480469,0.0022536708978595898,0.004123817438757677,0.00016944444444444442
2025-05-16,MSFT,452.67718505859375,0.0025125708350595744,0.006980849368100189,0.00016865079365079366
2025-05-19,MSFT,457.2610473632813,0.010075191736655208,0.0008757295660482738,0.00016984126984126986
2025-05-20,MSFT,456.56353759765625,-0.0015265728512058323,-0.0038877770695725784,0.00016904761904761904
2025-05-21,MSFT,450.9831848144531,-0.012297819990039077,-0.016266719267758897,0.00016825396825396826
2025-05-22,MSFT,453.26513671875,0.00504719045461815,-0.0004449700224211693,0.00016865079365079366
2025-05-23,MSFT,448.6015319824219,-0.010342207926866836,-0.006730899591473139,0.00016825396825396826
2025-05-27,MSFT,459.07470703125,0.023077920122975996,0.02025258080218437,0.00016825396825396826
2025-05-28,MSFT,455.75634765625,-0.007254615836669581,-0.005586802576444734,0.00016825396825396826
2025-05-29,MSFT,457.0717468261719,0.0028820324185030825,0.0040031708706317415,0.00016865079365079366
2025-05-30,MSFT,458.7458190917969,0.0036559118158888404,-8.118845699520562e-05,0.00016865079365079366
2025-06-02,MSFT,460.3502197265625,0.0034912614061212255,0.004093651490626028,0.00016865079365079366
2025-06-03,MSFT,461.3466796875,0.0021622300124801677,0.005783533535368979,0.00016825396825396826
2025-06-04,MSFT,462.2435302734375,0.0019420969563245499,7.368474471916267e-05,0.00016865079365079366
2025-06-05,MSFT,466.0401611328125,0.008179939094749872,-0.005291357978698112,0.00016865079365079366
2025-06-06,MSFT,468.7307434082031,0.005756682611047564,0.010228196215376713,0.00016865079365079366
2025-06-09,MSFT,471.0924072265625,0.005025772748304801,0.0009195251863913659,0.00016865079365079366
2025-06-10,MSFT,469.2688598632813,-0.003878402296898686,0.005468012541646841,0.00016904761904761904
2025-06-11,MSFT,470.9628601074219,0.0036033714691982117,-0.002747660318287345,0.00016904761904761904
2025-06-12,MSFT,477.1909484863281,0.013137484445023209,0.0038151330716763875,0.00016944444444444442
2025-06-13,MSFT,473.2946472167969,-0.008198594722346929,-0.01136066859010289,0.00016904761904761904
2025-06-16,MSFT,477.46002197265625,0.00876230544339521,0.0093488231481891,0.00016825396825396826
2025-06-17,MSFT,476.3638610839844,-0.002298456540498782,-0.008387259723643134,0.00016785714285714288
2025-06-18,MSFT,478.5561218261719,0.0045915147506775,-0.00030928803472058796,0.00016785714285714288
2025-06-20,MSFT,475.7261047363281,-0.005931212606842353,-0.002181035215587759,0.00016706349206349207
2025-06-23,MSFT,484.29595947265625,0.017853927947056213,0.009560655071259439,0.0001662698412698413
2025-06-24,MSFT,488.3915100097656,0.008421152464384763,0.011060328616958607,0.0001662698412698413
2025-06-25,MSFT,490.5439758300781,0.00439757128076107,-3.286108349665331e-06,0.0001662698412698413
2025-06-26,MSFT,495.705810546875,0.01046769676610369,0.007988131032516797,0.00016706349206349207
2025-06-27,MSFT,494.20111083984375,-0.003040085554322292,0.005205399256150098,0.0001666666666666667
2025-06-30,MSFT,495.66595458984375,0.0029596798811845773,0.005151137506128882,0.00016825396825396826
2025-07-01,MSFT,490.32470703125,-0.010834382138509353,-0.0011191571098791433,0.00016825396825396826
2025-07-02,MSFT,489.36810302734375,-0.0019528658332494174,0.0047338743064907745,0.00016825396825396826
2025-07-03,MSFT,497.0909423828125,0.015658018803898992,0.00830437821066394,0.00016904761904761904
2025-07-07,MSFT,495.974853515625,-0.002247765136433476,-0.007893368104244017,0.00016904761904761904
2025-07-08,MSFT,494.8786926269531,-0.002212559747340906,-0.0007161432504695748,0.00016904761904761904
2025-07-09,MSFT,501.74456787109375,0.013778494117145214,0.00604380277677969,0.00016904761904761904
2025-07-10,MSFT,499.7216796875,-0.0040398584370253485,0.0027424410729257912,0.00016865079365079366
2025-07-11,MSFT,501.5552062988281,0.0036623808786938575,-0.0033029717732258423,0.00016865079365079366
2025-07-14,MSFT,501.2562561035156,-0.0005962241465655737,0.0014064243309367943,0.00016904761904761904
2025-07-15,MSFT,504.0464477539063,0.005550962519524451,-0.003964145065672561,0.00016865079365079366
2025-07-16,MSFT,503.84716796875,-0.0003954381387964957,0.0031885685253844154,0.00016825396825396826
2025-07-17,MSFT,509.9058532714844,0.011953123320828776,0.005359380240011013,0.00016825396825396826
2025-07-18,MSFT,508.2615966796875,-0.0032298381199724895,-9.049030280841674e-05,0.00016825396825396826
2025-07-21,MSFT,508.2716064453125,1.9693927546293193e-05,0.001398157005673256,0.00016825396825396826
2025-07-22,MSFT,503.4983825683594,-0.009435463279729736,0.0006373284966667569,0.00016825396825396826
2025-07-23,MSFT,504.0962524414063,0.001186727127039987,0.007781532145702873,0.00016865079365079366
2025-07-24,MSFT,509.0887451171875,0.009855126349316113,0.0006979799969332514,0.00016865079365079366
2025-07-25,MSFT,511.9088439941406,0.0055242168615578496,0.003966451001680552,0.00016865079365079366
2025-07-28,MSFT,510.7030334472656,-0.002358296695597241,0.00017684247126657597,0.00016825396825396826
2025-07-29,MSFT,510.7727966308594,0.00013659292104220076,-0.002963830197466829,0.00016825396825396826
2025-07-30,MSFT,511.4404296875,0.0013062502702621708,-0.0012502139385094711,0.00016865079365079366
2025-07-31,MSFT,531.62939453125,0.0387155031530411,-0.003701662046374567,0.00016825396825396826
2025-08-01,MSFT,522.2722778320312,-0.01775756282725426,-0.0161213871855698,0.0001662698412698413
2025-08-04,MSFT,533.7619018554688,0.02176080591626019,0.014629564491414495,0.00016507936507936506
2025-08-05,MSFT,525.8995361328125,-0.014839664302042262,-0.004869703780462017,0.00016507936507936506
2025-08-06,MSFT,523.0994262695312,-0.005338644963747344,0.007255522219852605,0.00016428571428571428
2025-08-07,MSFT,519.0137939453125,-0.00784109284467797,-0.0007977981718278668,0.00016428571428571428
2025-08-08,MSFT,520.2095947265625,0.0023013364057168644,0.0077694548163894745,0.00016428571428571428
2025-08-11,MSFT,519.9405517578125,-0.0005173156503593669,-0.0025072683938851073,0.00016468253968253969
2025-08-12,MSFT,527.3843383789062,0.01421509607437297,0.011281559075170764,0.00016428571428571428
2025-08-13,MSFT,518.7546997070312,-0.016498446391669145,0.0032248733840464015,0.00016309523809523812
2025-08-14,MSFT,520.6480102539062,0.0036430781308046905,0.00030304487855445177,0.0001634920634920635
2025-08-15,MSFT,518.3461303710938,-0.004430984851587565,-0.0029013399163647113,0.0001634920634920635
2025-08-18,MSFT,515.286865234375,-0.005919459000966554,-0.00010076825773579619,0.00016428571428571428
2025-08-19,MSFT,507.9826049804688,-0.014276560630550657,-0.005875329112207127,0.0001634920634920635
2025-08-20,MSFT,503.9468078613281,-0.007976482283820975,-0.002434630632264957,0.0001634920634920635
2025-08-21,MSFT,503.2980041503906,-0.0012882742962437505,-0.004012219728951123,0.00016428571428571428
2025-08-22,MSFT,506.2824401855469,0.005912247498901862,0.015072285158779139,0.00016269841269841268
2025-08-25,MSFT,503.3179931640625,-0.00587253222768058,-0.004275512539646319,0.00016269841269841268
2025-08-26,MSFT,501.1021423339844,-0.0044122062999990335,0.00412547371011636,0.00016269841269841268
2025-08-27,MSFT,505.7933349609375,0.009318199707767025,0.0023881304533030262,0.00016190476190476192
2025-08-28,MSFT,508.68792724609375,0.005706562059152193,0.003151747441466755,0.00016190476190476192
2025-08-29,MSFT,505.7434387207031,-0.0058052163870483,-0.006418740402792551,0.0001607142857142857
2025-09-02,MSFT,504.1763610839844,-0.0031033729504502125,-0.006946350061030363,0.0001607142857142857
2025-09-03,MSFT,504.4059448242188,0.0004552603051924957,0.005087112302941308,0.00015992063492063492
2025-09-04,MSFT,507.0210571289063,0.005171145573807328,0.008311847102873571,0.0001591269841269841
2025-09-05,MSFT,494.0752868652344,-0.02586462739031695,-0.00317017266993674,0.00015555555555555556
2025-09-08,MSFT,497.2693176269531,0.006443857765429145,0.0021037644508885675,0.00015674603174603175
2025-09-09,MSFT,497.4789123535156,0.0004214025687047002,0.0026845470300734414,0.00015674603174603175
2025-09-10,MSFT,499.4352416992188,0.003924774964827701,0.0029790282293981275,0.00015634920634920635
2025-09-11,MSFT,500.0740661621094,0.0012782763399042784,0.008450087623093565,0.00015634920634920635
2025-09-12,MSFT,508.9474487304688,0.017588547300116063,-0.00048287788142832935,0.00015634920634920635
2025-09-15,MSFT,514.397216796875,0.010650995251252458,0.004695577726559718,0.00015515873015873016
2025-09-16,MSFT,508.0890502929688,-0.01233903425900964,-0.0012887604333313247,0.00015476190476190475
2025-09-17,MSFT,509.0671997070313,0.0019233027680548972,-0.0009706390782443865,0.00015396825396825397
2025-09-18,MSFT,507.5001525878906,-0.0030830192546234267,0.004777687836708263,0.00015436507936507937
2025-09-19,MSFT,516.96240234375,0.018473137542949315,0.004873523937481177,0.00015436507936507937
2025-09-22,MSFT,513.4889526367188,-0.006741633839998002,0.004400350714762291,0.00015317460317460315
2025-09-23,MSFT,508.2787170410156,-0.010198562570060122,-0.005517351828739721,0.00015317460317460315
2025-09-24,MSFT,509.1969604492188,0.0018049446838038555,-0.0028506771652953692,0.00015357142857142856
2025-09-25,MSFT,506.0827941894531,-0.006134616615669605,-0.005021648742526333,0.00015436507936507937
2025-09-26,MSFT,510.5045166015625,0.008699204190431221,0.005884489130413512,0.00015357142857142856
2025-09-29,MSFT,513.6386108398438,0.00612044144581852,0.002632077259912619,0.00015317460317460315
2025-09-30,MSFT,516.982421875,0.006488947269661438,0.004082503613507919,0.00015317460317460315
2025-10-01,MSFT,518.7391357421875,0.0033922544893785077,0.0033941541712235066,0.00015277777777777777
2025-10-02,MSFT,514.7765502929688,-0.007668204594977582,0.0006181636213842448,0.00015317460317460315
2025-10-03,MSFT,516.3834838867188,0.0031167516996714194,6.55106568658717e-05,0.00015357142857142856
2025-10-06,MSFT,527.5825805664062,0.021455728651506266,0.003639959282762629,0.00015317460317460315
2025-10-07,MSFT,523.0010986328125,-0.008721839235137807,-0.003818687706853079,0.00015277777777777777
2025-10-08,MSFT,523.8695068359375,0.0016590558523225463,0.005810748494187323,0.00015277777777777777
2025-10-09,MSFT,521.4241333007812,-0.004678834544344629,-0.0027593739802789824,0.00015357142857142856
2025-10-10,MSFT,510.0054626464844,-0.022142349274500945,-0.027485975439899807,0.00015317460317460315
2025-10-13,MSFT,513.0896606445312,0.006029170251344131,0.015478263036934031,0.00015317460317460315
2025-10-14,MSFT,512.610595703125,-0.0009341227581389464,-0.00156555149694257,0.00015277777777777777
2025-10-15,MSFT,512.4708251953125,-0.000272701281730714,0.004017918503427979,0.00015357142857142856
2025-10-16,MSFT,510.65423583984375,-0.0035510639580491293,-0.006314280275141975,0.00015317460317460315
2025-10-17,MSFT,512.62060546875,0.003843292085263904,0.0052568739445263,0.00015238095238095237
2025-10-20,MSFT,515.8245239257812,0.006230626662165641,0.010615724136144117,0.0001511904761904762
2025-10-21,MSFT,516.6929321289062,0.0016821185981848483,3.269591641698797e-05,0.0001507936507936508
2025-10-22,MSFT,519.5675659179688,0.005548105265548849,-0.005351834774743029,0.0001507936507936508
2025-10-23,MSFT,519.5875244140625,3.841293043138177e-05,0.0058104798620133855,0.0001507936507936508
2025-10-24,MSFT,522.6318359375,0.005841995068404034,0.007871361975244856,0.00014960317460317458
2025-10-27,MSFT,530.527099609375,0.014993770300163762,0.012215141327379352,0.000148015873015873
2025-10-28,MSFT,541.057373046875,0.019654283321668336,0.0022853305022299255,0.000148015873015873
2025-10-29,MSFT,540.538330078125,-0.000959772689728643,-4.3579204733175357e-05,0.00014960317460317458
2025-10-30,MSFT,524.77783203125,-0.029590554584473662,-0.009954191424534511,0.00014920634920634917
2025-10-31,MSFT,516.8426513671875,-0.01523651714532901,0.0026145009178832708,0.000148015873015873
2025-11-03,MSFT,516.0641479492188,-0.0015074033124727472,0.0017192339969181521,0.00015158730158730158
2025-11-04,MSFT,513.3692016601562,-0.005235797823321971,-0.011806250392326717,0.0001507936507936508
2025-11-05,MSFT,506.2125549316406,-0.014038627544444297,0.0036468976756877185,0.0001507936507936508
2025-11-06,MSFT,496.1713562011719,-0.02003530684422974,-0.011241134514722728,0.00014960317460317458
2025-11-07,MSFT,495.8918762207031,-0.0005634318029910585,0.0012610463474931072,0.00014960317460317458
2025-11-10,MSFT,505.0547180175781,0.018308864444895333,0.015283626703501816,0.00015039682539682542
2025-11-11,MSFT,507.7297058105469,0.005282454884459312,0.0020731999523923177,0.00015039682539682542
2025-11-12,MSFT,510.1851501464844,0.004824468538220908,0.0006293191259445972,0.00015039682539682542
2025-11-13,MSFT,502.3497924804688,-0.015477024527652757,-0.01669545163092778,0.0001507936507936508
2025-11-14,MSFT,509.2268981933594,0.013597014894795091,-0.0005018514712717733,0.0001507936507936508
2025-11-17,MSFT,506.54193115234375,-0.005286583357794761,-0.009204497894305158,0.0001507936507936508
2025-11-18,MSFT,492.8675537109375,-0.0273666221292721,-0.008290709844169318,0.00015000000000000001
2025-11-19,MSFT,486.2099914550781,-0.013599872454874285,0.00374680773726533,0.00015039682539682542
2025-11-20,MSFT,478.4299926757813,-0.016130717372056392,-0.01568972611631523,0.00015000000000000001
2025-11-21,MSFT,472.1199951171875,-0.013276714172975601,0.009775103041592069,0.0001488095238095238
2025-11-24,MSFT,474.0,0.003974141476520722,0.015348818899081837,0.0001488095238095238
2025-11-25,MSFT,476.989990234375,0.006288184139484632,0.009020886000832944,0.00014841269841269842
2025-11-26,MSFT,485.5,0.017683781896818542,0.006882969436149685,0.00014920634920634917
2025-11-28,MSFT,492.010009765625,0.013319773606054174,0.005340487341137372,0.000148015873015873
2025-12-01,MSFT,486.739990234375,-0.010768981786818071,-0.005337548746055966,0.00014722222222222223
2025-12-02,MSFT,490.0,0.006675311554056698,0.002454221195936617,0.00014603174603174603
2025-12-03,MSFT,477.7300109863281,-0.02535964876263152,0.0029753605210852863,0.00014444444444444446
2025-12-04,MSFT,480.8399963378906,0.006488824477946213,0.001079738711974404,0.00014404761904761903
2025-12-05,MSFT,483.1600036621094,0.004813302496586745,0.0019347688846794776,0.00014365079365079365
2025-12-08,MSFT,491.0199890136719,0.016136968471426146,-0.0034833153316476935,0.00014444444444444446
2025-12-09,MSFT,492.0199890136719,0.0020345059555792527,-0.0008767431610132386,0.00014444444444444446
2025-12-10,MSFT,478.55999755859375,-0.027737753963508884,0.006726880659139976,0.00014285714285714287
2025-12-11,MSFT,483.4700012207031,0.010207678143323889,0.00207719198371703,0.00014206349206349206
2025-12-12,MSFT,478.5299987792969,-0.010270365621871403,-0.010720913458554537,0.00014047619047619049
2025-12-15,MSFT,474.8200073242188,-0.007783102028747572,-0.0015978388918367072,0.00014126984126984127
2025-12-16,MSFT,476.3900146484375,0.0033010769728313736,-0.00238676400843967,0.00014126984126984127
2025-12-17,MSFT,476.1199951171875,-0.0005669642013516311,-0.01165985661137129,0.00014087301587301586
2025-12-18,MSFT,483.9800109863281,0.016373693204499575,0.007902951520479156,0.00014007936507936508
2025-12-19,MSFT,485.9200134277344,0.004000422682315486,0.008779407421828872,0.00014047619047619049
2025-12-22,MSFT,484.9200134277344,-0.0020600723620700385,0.006415870575561936,0.00014126984126984127
2025-12-23,MSFT,486.8500061035156,0.003972123392512732,0.004540067046788208,0.00014126984126984127
2025-12-24,MSFT,488.0199890136719,0.002400286146341494,0.003216304344700708,0.00014285714285714287
2025-12-26,MSFT,487.7099914550781,-0.0006354167141099218,-0.00030440987710828846,0.00014126984126984127
2025-12-29,MSFT,487.1000061035156,-0.0012514960509342136,-0.003498162923937312,0.00014166666666666665
2025-12-30,MSFT,487.4800109863281,0.0007798331494734757,-0.0013766142506534472,0.00014087301587301586
2025-12-31,MSFT,483.6199951171875,-0.007949822210215307,-0.007384867434248815,0.00014166666666666665
2026-01-02,MSFT,472.9400024414063,-0.02233092856836498,0.0018929140261155547,0.00014047619047619049
2026-01-05,MSFT,472.8500061035156,-0.00019030934425020676,0.006334024511051582,0.00014047619047619049
2026-01-06,MSFT,478.510009765625,0.011898903355173657,0.0061775920038938375,0.00014007936507936508
2026-01-07,MSFT,483.4700012207031,0.010312138198767437,-0.0034458535710101927,0.00014007936507936508
